{
"type": "FeatureCollection",
"name": "ktm_named_waterways",
"crs": { "type": "name", "properties": { "name": "urn:ogc:def:crs:OGC:1.3:CRS84" } },
"features": [
{ "type": "Feature", "properties": { "name": "ghatte Khola", "waterway": "river" }, "geometry": { "type": "LineString", "coordinates": [ [ 85.3911533, 27.7590778 ], [ 85.3911994, 27.7587654 ], [ 85.3913825, 27.758464 ], [ 85.3918298, 27.7582291 ], [ 85.3923369, 27.7580204 ], [ 85.392724, 27.7577434 ], [ 85.3930235, 27.7574203 ], [ 85.3931526, 27.7572873 ], [ 85.3933436, 27.7572514 ], [ 85.3938046, 27.7572912 ], [ 85.3941908, 27.7572912 ], [ 85.3947144, 27.7571621 ], [ 85.3948775, 27.7569874 ], [ 85.3948689, 27.7567595 ], [ 85.394989, 27.7564785 ], [ 85.3952294, 27.7563038 ], [ 85.3956156, 27.7559316 ], [ 85.3956929, 27.7555822 ], [ 85.3957707, 27.7550208 ], [ 85.396035, 27.7547546 ], [ 85.3964619, 27.7545999 ], [ 85.3968481, 27.7545207 ], [ 85.397031, 27.7543948 ], [ 85.3973644, 27.7542509 ], [ 85.3974782, 27.7541142 ], [ 85.3975189, 27.7539091 ], [ 85.3974266, 27.7534403 ], [ 85.3973065, 27.7531364 ], [ 85.3969288, 27.7530301 ], [ 85.3966245, 27.753042 ], [ 85.3959334, 27.752783 ], [ 85.3957504, 27.7526643 ], [ 85.3956284, 27.7523333 ], [ 85.395444, 27.7518148 ], [ 85.3952951, 27.7514338 ], [ 85.3951812, 27.7510812 ], [ 85.3951528, 27.7508114 ], [ 85.3950024, 27.7506135 ], [ 85.3946731, 27.7502429 ], [ 85.3944698, 27.7501026 ], [ 85.3942868, 27.7500774 ], [ 85.3941527, 27.7499515 ], [ 85.3940388, 27.7497896 ], [ 85.3939982, 27.7496529 ], [ 85.3938884, 27.7495125 ], [ 85.393738, 27.7492355 ], [ 85.3936648, 27.7489477 ], [ 85.3937258, 27.7487138 ], [ 85.3938762, 27.7485339 ], [ 85.3939677, 27.7484118 ], [ 85.3943282, 27.7479864 ], [ 85.3945771, 27.7475307 ], [ 85.3950148, 27.7469989 ], [ 85.3953887, 27.7466166 ], [ 85.3955641, 27.7462241 ], [ 85.3954783, 27.7458443 ], [ 85.3952122, 27.745624 ], [ 85.3948174, 27.7454645 ], [ 85.3943882, 27.745267 ], [ 85.3940707, 27.7447505 ], [ 85.3936758, 27.7442567 ], [ 85.3934698, 27.7436566 ], [ 85.3934098, 27.7431856 ], [ 85.3934441, 27.742783 ], [ 85.3932724, 27.7425779 ], [ 85.3928344, 27.7423768 ], [ 85.392171, 27.7422391 ], [ 85.3919249, 27.7421297 ], [ 85.3916348, 27.7420208 ], [ 85.3914404, 27.7418976 ], [ 85.3912616, 27.7418615 ], [ 85.3910591, 27.741915 ], [ 85.3908359, 27.7420533 ], [ 85.3906739, 27.7421121 ], [ 85.3905175, 27.7421045 ], [ 85.3901067, 27.7416906 ], [ 85.389762, 27.7414005 ], [ 85.3896246, 27.7409978 ], [ 85.3896418, 27.7406028 ], [ 85.3897362, 27.7402451 ], [ 85.389656, 27.7397996 ], [ 85.3896609, 27.7397778 ] ] } },
{ "type": "Feature", "properties": { "name": "Hanumante", "waterway": "river" }, "geometry": { "type": "LineString", "coordinates": [ [ 85.4070094, 27.676546 ], [ 85.4069852, 27.676719 ], [ 85.4069663, 27.6768641 ], [ 85.4069603, 27.6769782 ], [ 85.4069666, 27.6771125 ], [ 85.4069836, 27.6771904 ], [ 85.4069271, 27.6773464 ], [ 85.4068784, 27.6774463 ], [ 85.4068182, 27.6775216 ], [ 85.4067467, 27.6775633 ], [ 85.4066059, 27.6775612 ], [ 85.4062744, 27.6776487 ], [ 85.4060926, 27.6777504 ], [ 85.4054468, 27.6780046 ], [ 85.4052814, 27.678053 ], [ 85.405082, 27.6780902 ], [ 85.404896, 27.6781215 ], [ 85.4047072, 27.6781142 ], [ 85.4045526, 27.6780747 ], [ 85.4044316, 27.6780372 ], [ 85.4038382, 27.6777342 ], [ 85.4036137, 27.6776504 ], [ 85.4032976, 27.6775538 ], [ 85.4030964, 27.6774609 ], [ 85.4029153, 27.6773423 ], [ 85.4026917, 27.6771761 ], [ 85.4025569, 27.6770524 ], [ 85.4024638, 27.6769246 ], [ 85.4023135, 27.6767492 ], [ 85.4022117, 27.6766449 ], [ 85.4019227, 27.6763037 ], [ 85.4015865, 27.6759062 ], [ 85.4013096, 27.6756007 ], [ 85.4009424, 27.6751459 ], [ 85.4006888, 27.6749013 ], [ 85.4003543, 27.6745575 ], [ 85.4001649, 27.6744096 ], [ 85.4000087, 27.6742824 ], [ 85.3998745, 27.6741207 ], [ 85.3994935, 27.6735896 ], [ 85.3991635, 27.6732839 ], [ 85.3989474, 27.6731797 ], [ 85.3987963, 27.6731415 ], [ 85.3986558, 27.6731281 ], [ 85.3976133, 27.6731739 ], [ 85.3974829, 27.6731708 ], [ 85.397177, 27.6731179 ], [ 85.3969056, 27.6730503 ], [ 85.3967886, 27.673033 ], [ 85.3964891, 27.6730441 ], [ 85.3957347, 27.6729995 ], [ 85.3954163, 27.6729225 ], [ 85.3952635, 27.6728427 ], [ 85.3950832, 27.6726703 ], [ 85.3949739, 27.6725099 ], [ 85.3947009, 27.6722 ], [ 85.3946041, 27.672033 ], [ 85.3943813, 27.6714582 ], [ 85.3941031, 27.6708316 ], [ 85.3940311, 27.6707086 ], [ 85.3938976, 27.6704807 ], [ 85.3932032, 27.6700573 ], [ 85.3928231, 27.6699369 ], [ 85.3924839, 27.6700684 ], [ 85.392092, 27.670455 ], [ 85.3917432, 27.6705474 ], [ 85.3913566, 27.6706036 ], [ 85.3904553, 27.6708088 ], [ 85.3896346, 27.6708522 ], [ 85.3894855, 27.6708316 ], [ 85.3885133, 27.6704926 ], [ 85.3882037, 27.6704595 ], [ 85.3880184, 27.6704585 ], [ 85.3879768, 27.6704622 ], [ 85.3878084, 27.6705005 ], [ 85.387688, 27.6705296 ], [ 85.3872222, 27.6706162 ], [ 85.3865489, 27.6707584 ], [ 85.3861487, 27.6708941 ], [ 85.3859421, 27.6709834 ], [ 85.3851768, 27.6712421 ], [ 85.3843356, 27.671569 ], [ 85.3831449, 27.6720842 ], [ 85.3827909, 27.6722105 ], [ 85.3825637, 27.6722567 ], [ 85.3823738, 27.6722506 ], [ 85.3821942, 27.6722185 ], [ 85.3821101, 27.6721918 ], [ 85.3820272, 27.6721488 ], [ 85.3819711, 27.672104 ], [ 85.3818831, 27.6720347 ], [ 85.3818136, 27.6719581 ], [ 85.3816577, 27.6717048 ], [ 85.3814992, 27.6714165 ], [ 85.3814393, 27.6712846 ], [ 85.3814158, 27.6711717 ], [ 85.3813645, 27.6710215 ], [ 85.3812291, 27.6707715 ], [ 85.3811408, 27.6706883 ], [ 85.3810195, 27.6706284 ], [ 85.3804558, 27.6704544 ], [ 85.3803064, 27.6703773 ], [ 85.3801365, 27.6702661 ], [ 85.3799882, 27.6701164 ], [ 85.3797352, 27.6696697 ], [ 85.379591, 27.669494 ], [ 85.3794856, 27.6694587 ], [ 85.3793783, 27.66948 ], [ 85.3791232, 27.6696083 ], [ 85.3789507, 27.6697545 ], [ 85.3787159, 27.6699052 ], [ 85.3785503, 27.6700537 ], [ 85.378281, 27.6702036 ], [ 85.3778742, 27.6705637 ], [ 85.3775784, 27.6708681 ], [ 85.3774975, 27.670985 ], [ 85.3774413, 27.6710636 ], [ 85.3774224, 27.6711366 ], [ 85.3774246, 27.6712724 ], [ 85.3774728, 27.6713817 ], [ 85.3774856, 27.6715234 ], [ 85.377457, 27.6715881 ], [ 85.3774182, 27.6716443 ], [ 85.3773193, 27.6716907 ], [ 85.3772221, 27.6717108 ], [ 85.3770993, 27.6717164 ], [ 85.3769683, 27.6717015 ], [ 85.3767304, 27.6716357 ], [ 85.3763526, 27.671498 ], [ 85.3756821, 27.671163 ], [ 85.3755295, 27.6711084 ], [ 85.3754112, 27.6710882 ], [ 85.3752959, 27.6710879 ], [ 85.3748881, 27.6711255 ], [ 85.3747418, 27.6711656 ], [ 85.3742967, 27.6713263 ] ] } },
{ "type": "Feature", "properties": { "name": "Hanumante River", "waterway": "river" }, "geometry": { "type": "LineString", "coordinates": [ [ 85.3643452, 27.672779 ], [ 85.3642154, 27.6726902 ], [ 85.363837, 27.6723648 ], [ 85.3637721, 27.672247 ], [ 85.3637504, 27.6721499 ], [ 85.3637276, 27.6720179 ], [ 85.3636953, 27.6715823 ], [ 85.3637249, 27.6712742 ], [ 85.3637533, 27.6710319 ], [ 85.3638002, 27.6708706 ], [ 85.3638598, 27.6707134 ], [ 85.3639123, 27.670541 ], [ 85.3639469, 27.6704207 ], [ 85.3639435, 27.6703252 ], [ 85.3639055, 27.6702002 ], [ 85.3638282, 27.6700233 ], [ 85.3637627, 27.6699115 ], [ 85.3636748, 27.6698174 ], [ 85.3636032, 27.6697725 ], [ 85.3635053, 27.6697329 ], [ 85.3633054, 27.6696736 ], [ 85.3629777, 27.6695836 ], [ 85.3625769, 27.6695023 ], [ 85.3623956, 27.6694808 ], [ 85.3622218, 27.6694251 ], [ 85.361851, 27.6692946 ], [ 85.3612187, 27.6691771 ], [ 85.360729, 27.6691982 ] ] } },
{ "type": "Feature", "properties": { "name": "Rudramati Khola", "waterway": "stream" }, "geometry": { "type": "LineString", "coordinates": [ [ 85.3564465, 27.7470648 ], [ 85.3557766, 27.7471646 ], [ 85.3552465, 27.7471322 ], [ 85.3550072, 27.7471019 ], [ 85.3548384, 27.7470638 ], [ 85.3546104, 27.7469296 ], [ 85.3544109, 27.7467549 ], [ 85.3541269, 27.7464185 ], [ 85.3536207, 27.7460364 ], [ 85.3531632, 27.7456635 ], [ 85.3526527, 27.7451798 ], [ 85.3519506, 27.7443445 ], [ 85.3515377, 27.7436601 ], [ 85.35147, 27.7435641 ], [ 85.351321, 27.743331 ], [ 85.3512137, 27.7431052 ], [ 85.3510906, 27.7427778 ], [ 85.3509572, 27.7424378 ], [ 85.3508694, 27.7422329 ], [ 85.3508339, 27.7421663 ], [ 85.3506818, 27.7419958 ], [ 85.3506217, 27.7419066 ], [ 85.3505757, 27.7417853 ], [ 85.350549, 27.7416557 ], [ 85.3505648, 27.7415319 ], [ 85.3506402, 27.7413318 ], [ 85.3509231, 27.7409327 ], [ 85.3510176, 27.7407789 ], [ 85.3512705, 27.7405578 ], [ 85.3516541, 27.7403098 ], [ 85.3521694, 27.7400506 ], [ 85.352567, 27.739909 ], [ 85.3531421, 27.7396659 ], [ 85.35338, 27.7394681 ], [ 85.3536188, 27.7392744 ], [ 85.3539113, 27.7389943 ], [ 85.3543221, 27.7386989 ], [ 85.3546913, 27.7384801 ], [ 85.3547686, 27.7383724 ], [ 85.3548286, 27.7382514 ], [ 85.3548802, 27.7380899 ], [ 85.3549041, 27.737934 ], [ 85.3548958, 27.7376761 ], [ 85.3548754, 27.7375204 ], [ 85.3548322, 27.737398 ], [ 85.3547817, 27.7373066 ], [ 85.3547013, 27.7372043 ], [ 85.354607, 27.7371156 ], [ 85.3543426, 27.7369714 ], [ 85.3542206, 27.7369066 ], [ 85.3540839, 27.7368256 ], [ 85.3534577, 27.7363877 ] ] } },
{ "type": "Feature", "properties": { "name": "Rudramati Khola", "waterway": "stream" }, "geometry": { "type": "LineString", "coordinates": [ [ 85.3587443, 27.7481481 ], [ 85.3584472, 27.7475407 ], [ 85.3582965, 27.7472556 ], [ 85.3580824, 27.7470135 ], [ 85.3578861, 27.7469222 ], [ 85.3575805, 27.746917 ], [ 85.3570645, 27.7469508 ], [ 85.3564465, 27.7470648 ] ] } },
{ "type": "Feature", "properties": { "name": "Hanumante River", "waterway": "river" }, "geometry": { "type": "LineString", "coordinates": [ [ 85.4308779, 27.6690679 ], [ 85.4307996, 27.6690475 ], [ 85.4307255, 27.6689821 ], [ 85.4305209, 27.6686598 ], [ 85.4304147, 27.6684321 ], [ 85.4303356, 27.6679318 ], [ 85.4301966, 27.6676233 ], [ 85.430045, 27.6674305 ], [ 85.4299155, 27.6673021 ], [ 85.4298243, 27.6672332 ], [ 85.4296915, 27.6671489 ], [ 85.4295105, 27.6670717 ], [ 85.4294005, 27.6670491 ], [ 85.4292235, 27.6670574 ], [ 85.4291028, 27.6670729 ], [ 85.4288466, 27.6671394 ], [ 85.4285972, 27.6672427 ], [ 85.4280889, 27.6675397 ], [ 85.4279307, 27.6676311 ], [ 85.4275055, 27.6678164 ], [ 85.4271018, 27.6680183 ], [ 85.426729, 27.6681751 ], [ 85.4264219, 27.6683153 ], [ 85.426265, 27.6683675 ], [ 85.4261363, 27.6683865 ], [ 85.426033, 27.6683925 ], [ 85.4257436, 27.6683702 ], [ 85.4253657, 27.6683052 ], [ 85.424921, 27.6681728 ], [ 85.4245547, 27.6680481 ], [ 85.424329, 27.668003 ], [ 85.4239998, 27.6680191 ], [ 85.423583, 27.668152 ], [ 85.423071, 27.6682469 ], [ 85.4228583, 27.6682463 ], [ 85.4226879, 27.6681795 ], [ 85.422537, 27.6680816 ], [ 85.422445, 27.6679754 ], [ 85.4224242, 27.6678335 ], [ 85.422461, 27.6676216 ], [ 85.4225304, 27.6675191 ], [ 85.4225166, 27.6674073 ], [ 85.4224016, 27.6673502 ], [ 85.4222344, 27.667324 ], [ 85.4218638, 27.6673484 ], [ 85.4215118, 27.66733 ], [ 85.4213384, 27.6673186 ], [ 85.4211837, 27.6672432 ], [ 85.4208837, 27.6670495 ], [ 85.4207085, 27.6670305 ], [ 85.4205116, 27.6670858 ], [ 85.4203048, 27.6672597 ], [ 85.4201381, 27.6674812 ], [ 85.4200268, 27.6676043 ], [ 85.4197785, 27.6677978 ], [ 85.419645, 27.6678518 ], [ 85.419427, 27.6678619 ], [ 85.4189651, 27.6678175 ], [ 85.4187996, 27.6678265 ], [ 85.4186363, 27.6679095 ], [ 85.4185132, 27.6680448 ], [ 85.4183773, 27.668214 ], [ 85.4182924, 27.6683736 ], [ 85.4181468, 27.6684701 ], [ 85.4178818, 27.6686176 ], [ 85.4175242, 27.6687803 ], [ 85.41709, 27.668883 ], [ 85.4166852, 27.6689311 ], [ 85.416424, 27.6690014 ], [ 85.4162429, 27.6691175 ], [ 85.4161649, 27.669373 ], [ 85.4160721, 27.6695686 ], [ 85.4158505, 27.6696468 ], [ 85.4154796, 27.6696195 ], [ 85.4151467, 27.6695319 ], [ 85.4147441, 27.6695214 ], [ 85.4140392, 27.6695912 ], [ 85.4138078, 27.6696468 ], [ 85.4136422, 27.6697659 ], [ 85.4135033, 27.6699754 ], [ 85.4133926, 27.6702394 ], [ 85.4134172, 27.6704975 ], [ 85.4134129, 27.6707643 ], [ 85.4132069, 27.6708631 ], [ 85.412413, 27.6707318 ], [ 85.4121756, 27.6707973 ], [ 85.4120241, 27.6709209 ], [ 85.4119302, 27.6711004 ], [ 85.4119324, 27.6714573 ], [ 85.4120257, 27.6718593 ], [ 85.4119997, 27.672019 ], [ 85.4118118, 27.6720509 ], [ 85.411577, 27.6720472 ], [ 85.4110401, 27.6718736 ], [ 85.410891, 27.6717741 ], [ 85.4108004, 27.6717328 ], [ 85.4107099, 27.6717358 ], [ 85.4105776, 27.6717916 ], [ 85.4105295, 27.6718109 ], [ 85.4104599, 27.6719162 ], [ 85.410378, 27.6719987 ], [ 85.4102893, 27.6720606 ], [ 85.4101953, 27.6721022 ], [ 85.4101197, 27.6721693 ], [ 85.4098037, 27.6725349 ], [ 85.4096594, 27.6728874 ], [ 85.4095554, 27.6729745 ], [ 85.4094138, 27.6730349 ], [ 85.4092715, 27.6730664 ], [ 85.4090449, 27.6731049 ], [ 85.4088348, 27.6731374 ], [ 85.4086893, 27.6731767 ], [ 85.4085639, 27.6732296 ], [ 85.4084474, 27.6732919 ], [ 85.4083528, 27.6733634 ], [ 85.4082226, 27.6735035 ], [ 85.4080723, 27.6737694 ], [ 85.4079876, 27.6739099 ], [ 85.4078467, 27.6741644 ], [ 85.407781, 27.6742904 ], [ 85.4077696, 27.6744398 ], [ 85.4077865, 27.6745283 ], [ 85.4077853, 27.6746506 ], [ 85.4077641, 27.6747985 ], [ 85.4077278, 27.6749716 ], [ 85.4076721, 27.6751791 ], [ 85.4075562, 27.6753681 ], [ 85.4074331, 27.675565 ], [ 85.4073141, 27.6757211 ], [ 85.4071799, 27.6759301 ], [ 85.4070859, 27.6761994 ], [ 85.4070094, 27.676546 ] ] } },
{ "type": "Feature", "properties": { "name": "Madhav Khola", "waterway": "river" }, "geometry": { "type": "LineString", "coordinates": [ [ 85.4350553, 27.7512445 ], [ 85.4350506, 27.7505626 ], [ 85.4350413, 27.7503022 ], [ 85.4350495, 27.7501028 ], [ 85.4350285, 27.7499695 ], [ 85.4349859, 27.7498697 ], [ 85.4348436, 27.7496799 ], [ 85.4347176, 27.749492 ], [ 85.4342751, 27.748455 ], [ 85.4338108, 27.7480866 ], [ 85.4334012, 27.7472706 ], [ 85.4329136, 27.7467099 ], [ 85.4329154, 27.7464494 ], [ 85.4329971, 27.7462728 ], [ 85.4330561, 27.7457696 ], [ 85.432799, 27.745312 ], [ 85.4323333, 27.7451567 ], [ 85.432111, 27.7451541 ], [ 85.4318752, 27.7450925 ], [ 85.4312851, 27.7444957 ], [ 85.4311079, 27.744229 ], [ 85.4310515, 27.7440144 ], [ 85.4311176, 27.7432881 ], [ 85.4310768, 27.7429804 ], [ 85.4308829, 27.7426948 ], [ 85.4306656, 27.7425519 ], [ 85.4305178, 27.742512 ], [ 85.4298489, 27.7424194 ], [ 85.4295516, 27.7422593 ], [ 85.4292495, 27.7422539 ], [ 85.4289929, 27.7421873 ], [ 85.428759, 27.742021 ], [ 85.4286225, 27.7416975 ], [ 85.4286007, 27.7413194 ], [ 85.4287498, 27.7408098 ], [ 85.4288557, 27.7395999 ], [ 85.4288292, 27.7394928 ], [ 85.4286558, 27.739362 ], [ 85.4284337, 27.7389551 ], [ 85.4282806, 27.7388761 ], [ 85.4276047, 27.738838 ], [ 85.4268878, 27.7390924 ], [ 85.4266902, 27.7391324 ], [ 85.4265116, 27.739146 ], [ 85.4262276, 27.7391327 ], [ 85.4260669, 27.7391362 ], [ 85.4259421, 27.7391599 ], [ 85.4257754, 27.7392172 ], [ 85.4255582, 27.7393356 ], [ 85.4254689, 27.7393839 ], [ 85.4254107, 27.7393866 ], [ 85.4253507, 27.7393697 ], [ 85.4252971, 27.7393464 ], [ 85.4252416, 27.7392785 ], [ 85.4251828, 27.7391249 ], [ 85.4251885, 27.7390717 ], [ 85.4252608, 27.7388439 ], [ 85.425318, 27.7386892 ], [ 85.4253664, 27.7385268 ], [ 85.4253683, 27.7384374 ], [ 85.4254785, 27.7381512 ], [ 85.4256194, 27.7379057 ], [ 85.4256478, 27.7377957 ], [ 85.4256697, 27.7376295 ], [ 85.4257589, 27.7374921 ], [ 85.4258988, 27.7372418 ], [ 85.4259381, 27.7371099 ], [ 85.4259592, 27.7369926 ], [ 85.425965, 27.736929 ], [ 85.4259572, 27.7368721 ], [ 85.4259361, 27.7368398 ], [ 85.4258984, 27.7367802 ], [ 85.4258684, 27.7367213 ], [ 85.4258506, 27.7366597 ], [ 85.4258573, 27.7365674 ], [ 85.4258732, 27.7364605 ], [ 85.425868, 27.7363957 ], [ 85.4258166, 27.7362363 ], [ 85.425775, 27.736109 ], [ 85.4257725, 27.7359762 ], [ 85.4257948, 27.7358516 ], [ 85.4258048, 27.7358184 ], [ 85.4258477, 27.735787 ], [ 85.4261404, 27.7356743 ], [ 85.4262057, 27.7356397 ], [ 85.4262575, 27.7355915 ], [ 85.4262943, 27.7355344 ], [ 85.4263589, 27.7353998 ], [ 85.426398, 27.7353319 ], [ 85.4266051, 27.7350878 ], [ 85.4267265, 27.7349807 ], [ 85.4268211, 27.7348879 ], [ 85.4268789, 27.7347982 ], [ 85.4269062, 27.7347505 ], [ 85.4269486, 27.7346055 ], [ 85.4270384, 27.7343093 ], [ 85.4270743, 27.734171 ], [ 85.4271329, 27.7339184 ], [ 85.4271468, 27.7337892 ], [ 85.4271338, 27.7333724 ], [ 85.4271879, 27.7328745 ], [ 85.4272136, 27.732744 ], [ 85.4272277, 27.732245 ], [ 85.4272204, 27.7320737 ], [ 85.4273034, 27.7317788 ], [ 85.427449, 27.7313321 ], [ 85.4275289, 27.7310344 ], [ 85.4275632, 27.7306769 ], [ 85.4275834, 27.7305417 ], [ 85.4276253, 27.7304161 ], [ 85.4276739, 27.7303492 ], [ 85.4277228, 27.7303024 ], [ 85.4278804, 27.7301976 ], [ 85.4279584, 27.7301802 ], [ 85.4282877, 27.7303563 ], [ 85.4284629, 27.7304323 ], [ 85.4285984, 27.7304842 ], [ 85.4287423, 27.7305227 ], [ 85.4289418, 27.730527 ], [ 85.4291754, 27.7304951 ] ] } },
{ "type": "Feature", "properties": { "name": "Kolmati Khola", "waterway": "stream" }, "geometry": { "type": "LineString", "coordinates": [ [ 85.4041865, 27.7549145 ], [ 85.4042809, 27.7546259 ], [ 85.4040578, 27.754436 ], [ 85.4037058, 27.7543069 ], [ 85.4035256, 27.7541702 ], [ 85.4033368, 27.7541854 ], [ 85.4031308, 27.7543297 ], [ 85.4029248, 27.7542841 ], [ 85.4025557, 27.7541626 ], [ 85.4023669, 27.7541094 ], [ 85.4021523, 27.7542309 ], [ 85.4020407, 27.7542537 ], [ 85.4017832, 27.7540486 ], [ 85.4015, 27.7539271 ], [ 85.4014828, 27.7536689 ], [ 85.4013627, 27.7535397 ], [ 85.4013026, 27.7534106 ], [ 85.4010108, 27.7533498 ], [ 85.4007876, 27.7532891 ], [ 85.4006417, 27.7528941 ], [ 85.4004185, 27.752727 ], [ 85.4002297, 27.7526207 ], [ 85.4002211, 27.752332 ], [ 85.4002297, 27.7521345 ], [ 85.3998349, 27.7519218 ], [ 85.3994486, 27.7517396 ], [ 85.3994486, 27.7515876 ], [ 85.3996117, 27.7514205 ], [ 85.3995774, 27.751223 ], [ 85.399339, 27.7511247 ], [ 85.3991599, 27.7509974 ], [ 85.3991703, 27.7509753 ] ] } },
{ "type": "Feature", "properties": { "name": "Kalphu River", "waterway": "river" }, "geometry": { "type": "LineString", "coordinates": [ [ 85.2306342, 27.7736886 ], [ 85.2306838, 27.7734515 ], [ 85.2306784, 27.7732658 ], [ 85.2306725, 27.7732335 ], [ 85.2306334, 27.7731336 ], [ 85.2305912, 27.7730712 ], [ 85.2305063, 27.7729974 ], [ 85.2304372, 27.7729696 ], [ 85.2303049, 27.7729616 ], [ 85.2301209, 27.7729693 ], [ 85.2298638, 27.7730108 ], [ 85.2297589, 27.7730489 ], [ 85.2296794, 27.7731033 ], [ 85.229279, 27.7734844 ], [ 85.2290953, 27.7736277 ], [ 85.2289999, 27.7736768 ], [ 85.228849, 27.77373 ], [ 85.2287537, 27.7737477 ], [ 85.2286708, 27.773748 ], [ 85.2286076, 27.7737282 ], [ 85.2285572, 27.7736953 ], [ 85.2284495, 27.7735913 ], [ 85.2284118, 27.7735108 ], [ 85.2283958, 27.7733707 ], [ 85.2283547, 27.7732317 ], [ 85.2282798, 27.7731015 ], [ 85.2282119, 27.7730396 ], [ 85.2281728, 27.7730205 ], [ 85.2279598, 27.7729787 ], [ 85.2277487, 27.7729166 ], [ 85.2272687, 27.7727357 ], [ 85.2271426, 27.772699 ], [ 85.2270576, 27.7726857 ], [ 85.2269768, 27.7726865 ], [ 85.2267401, 27.7727386 ], [ 85.2266139, 27.7727561 ], [ 85.226236, 27.7727524 ], [ 85.2258794, 27.7727866 ], [ 85.2257162, 27.7728216 ], [ 85.2252509, 27.772995 ], [ 85.2250689, 27.7730133 ], [ 85.2249312, 27.7730145 ], [ 85.2248529, 27.773004 ], [ 85.2246961, 27.7728918 ], [ 85.2246286, 27.7728598 ], [ 85.2245434, 27.772836 ], [ 85.2243795, 27.7728238 ], [ 85.2241947, 27.7728364 ], [ 85.2240197, 27.7728697 ], [ 85.2238853, 27.7729202 ], [ 85.2236951, 27.7730699 ], [ 85.223613, 27.7731609 ], [ 85.2235855, 27.773221 ], [ 85.2235838, 27.7732498 ], [ 85.2237213, 27.7735454 ], [ 85.2237454, 27.7736227 ], [ 85.2237498, 27.7736845 ], [ 85.2235941, 27.7739521 ], [ 85.2235498, 27.7739876 ], [ 85.2234277, 27.7740315 ], [ 85.2233529, 27.7740803 ], [ 85.2233187, 27.7741301 ], [ 85.2232989, 27.774212 ], [ 85.2232419, 27.7742883 ], [ 85.2228492, 27.774629 ], [ 85.2221459, 27.7751709 ], [ 85.2215622, 27.7755278 ], [ 85.2211502, 27.7756721 ], [ 85.2209099, 27.7756569 ], [ 85.2206009, 27.775505 ], [ 85.220146, 27.775186 ], [ 85.2197598, 27.7750645 ], [ 85.219468, 27.7750721 ], [ 85.2191504, 27.7751101 ], [ 85.2187813, 27.7749658 ], [ 85.2181633, 27.7746089 ], [ 85.21782, 27.7743811 ], [ 85.2173136, 27.7743127 ], [ 85.2169445, 27.7743887 ], [ 85.2167729, 27.7746241 ], [ 85.216627, 27.7749354 ], [ 85.2164038, 27.7752164 ], [ 85.2160691, 27.7754594 ], [ 85.2156914, 27.7755809 ], [ 85.2155026, 27.7755733 ], [ 85.2154511, 27.7753 ], [ 85.215597, 27.7745785 ], [ 85.215597, 27.7742596 ], [ 85.2152623, 27.7740849 ], [ 85.214876, 27.7741001 ], [ 85.2145842, 27.7742292 ], [ 85.2144297, 27.7744266 ], [ 85.2141121, 27.7744114 ], [ 85.2138117, 27.7743127 ], [ 85.2134255, 27.7741077 ], [ 85.2128247, 27.7740014 ], [ 85.212653, 27.7738419 ], [ 85.2125929, 27.7733179 ], [ 85.2124213, 27.7728622 ], [ 85.2121981, 27.7723838 ], [ 85.2120608, 27.7722774 ], [ 85.211769, 27.7721559 ], [ 85.2115715, 27.7721407 ], [ 85.2112883, 27.7719889 ], [ 85.2110051, 27.7717762 ], [ 85.2107132, 27.7717534 ], [ 85.2104815, 27.7718825 ], [ 85.2104643, 27.772004 ], [ 85.2105158, 27.7721711 ], [ 85.2104643, 27.7723306 ], [ 85.2104128, 27.7724521 ], [ 85.2106188, 27.7727787 ], [ 85.2105673, 27.7729685 ], [ 85.2103613, 27.7730597 ], [ 85.2098635, 27.7729382 ], [ 85.2095545, 27.7725964 ], [ 85.209194, 27.7723002 ], [ 85.2087649, 27.7717914 ], [ 85.2083701, 27.7712218 ], [ 85.2081469, 27.771032 ], [ 85.2078313, 27.7709637 ], [ 85.207617, 27.7712889 ], [ 85.2075965, 27.7717405 ], [ 85.2075455, 27.772138 ], [ 85.2074128, 27.7724361 ], [ 85.2070024, 27.7731154 ], [ 85.2066162, 27.773609 ], [ 85.206305, 27.7737562 ], [ 85.2060851, 27.7736897 ], [ 85.2060851, 27.7733765 ], [ 85.2062192, 27.7731249 ], [ 85.2062694, 27.7727884 ], [ 85.2060958, 27.7723096 ], [ 85.2058508, 27.7718128 ], [ 85.2056772, 27.7713431 ], [ 85.2055037, 27.7708101 ], [ 85.2053199, 27.7704217 ], [ 85.2051259, 27.7699158 ], [ 85.2049115, 27.769419 ], [ 85.2048273, 27.7691381 ], [ 85.2045576, 27.769015 ], [ 85.2043821, 27.7691261 ], [ 85.2042786, 27.7693829 ], [ 85.2041168, 27.769558 ], [ 85.2040019, 27.7697969 ], [ 85.2039841, 27.7701169 ], [ 85.2042173, 27.7704397 ], [ 85.204406, 27.7709128 ], [ 85.2044421, 27.7712917 ], [ 85.2045011, 27.7714009 ], [ 85.2044341, 27.7715456 ], [ 85.2042678, 27.7716311 ], [ 85.2042383, 27.7717355 ], [ 85.2041658, 27.7717925 ], [ 85.2037903, 27.7719562 ], [ 85.2032727, 27.7720606 ], [ 85.2027094, 27.7721176 ], [ 85.20246, 27.7721437 ], [ 85.2023661, 27.7721912 ], [ 85.2023419, 27.7723217 ], [ 85.2026043, 27.7725174 ], [ 85.2028435, 27.7726207 ], [ 85.2027899, 27.7728485 ], [ 85.2027872, 27.7731025 ], [ 85.2026879, 27.7732567 ], [ 85.2025002, 27.7733825 ], [ 85.2022534, 27.7734442 ], [ 85.2016607, 27.7733422 ], [ 85.2014407, 27.7733635 ], [ 85.2013307, 27.7732378 ], [ 85.2015856, 27.7730218 ], [ 85.2017063, 27.772222 ], [ 85.2011671, 27.7717284 ], [ 85.2011859, 27.771268 ], [ 85.2012669, 27.7707107 ], [ 85.2015732, 27.7701055 ], [ 85.2017304, 27.7696755 ], [ 85.2016855, 27.7695726 ], [ 85.2012664, 27.7694073 ], [ 85.2007943, 27.7694477 ], [ 85.2005449, 27.7698013 ], [ 85.2003973, 27.7701003 ], [ 85.2002364, 27.7703139 ], [ 85.2000781, 27.7703673 ], [ 85.1998153, 27.7703571 ], [ 85.1995378, 27.7702942 ], [ 85.1992975, 27.7702448 ], [ 85.198898, 27.7701715 ], [ 85.1986457, 27.769979 ], [ 85.1985534, 27.7698005 ], [ 85.1984366, 27.7696755 ], [ 85.198474, 27.7694688 ], [ 85.1986553, 27.7692452 ], [ 85.198788, 27.768973 ], [ 85.1986419, 27.7687871 ], [ 85.1984622, 27.7686851 ], [ 85.1981994, 27.7686614 ], [ 85.1978196, 27.7687639 ], [ 85.1976749, 27.7688377 ], [ 85.1976025, 27.7690323 ], [ 85.1976132, 27.7693836 ], [ 85.1977487, 27.7696415 ], [ 85.197797, 27.7698433 ], [ 85.1977997, 27.7700402 ], [ 85.1976989, 27.7702306 ], [ 85.1975272, 27.7703136 ], [ 85.1972214, 27.7705391 ], [ 85.1968556, 27.7707332 ], [ 85.1966088, 27.770738 ], [ 85.1964291, 27.7706763 ], [ 85.1962612, 27.7705272 ], [ 85.1961314, 27.7703227 ], [ 85.1961099, 27.7702301 ], [ 85.1961351, 27.7700478 ], [ 85.1960842, 27.7699126 ], [ 85.1958846, 27.7698243 ], [ 85.1955504, 27.7697559 ], [ 85.1951121, 27.7696273 ], [ 85.1945902, 27.7693738 ], [ 85.194168, 27.7691336 ], [ 85.1938783, 27.7690363 ], [ 85.1935595, 27.7690089 ], [ 85.1933161, 27.7690819 ], [ 85.1931848, 27.7691889 ], [ 85.1931513, 27.7693135 ], [ 85.1931982, 27.7694097 ], [ 85.1933351, 27.7695307 ], [ 85.193427, 27.7696039 ], [ 85.1935672, 27.7696629 ], [ 85.1937541, 27.7697486 ], [ 85.1938606, 27.7698058 ], [ 85.1939124, 27.7698993 ], [ 85.1939642, 27.7699928 ], [ 85.1939714, 27.7702292 ], [ 85.1939303, 27.7703659 ], [ 85.1938861, 27.7704466 ], [ 85.1938499, 27.7705486 ], [ 85.1934127, 27.7712914 ], [ 85.1931675, 27.7717419 ], [ 85.1928602, 27.7723523 ], [ 85.1925694, 27.7728881 ], [ 85.1924219, 27.7731516 ], [ 85.1923183, 27.7732517 ], [ 85.1921939, 27.773237 ], [ 85.192092, 27.7731445 ], [ 85.1919589, 27.7728317 ], [ 85.1920387, 27.772574 ], [ 85.192061, 27.7725021 ], [ 85.1921708, 27.7719583 ], [ 85.1922584, 27.7715237 ], [ 85.1922727, 27.7714528 ], [ 85.1922754, 27.7711182 ], [ 85.1922395, 27.7708068 ], [ 85.1920598, 27.7705173 ], [ 85.1915915, 27.7702068 ], [ 85.191121, 27.769924 ], [ 85.1908782, 27.7697596 ], [ 85.1906248, 27.7695917 ], [ 85.1903056, 27.7693876 ], [ 85.1899376, 27.7692718 ], [ 85.1896192, 27.7691992 ], [ 85.1893008, 27.7691797 ], [ 85.1889441, 27.7692067 ], [ 85.1886432, 27.7692909 ], [ 85.1883524, 27.7694066 ], [ 85.1879342, 27.7696935 ], [ 85.1874219, 27.7700988 ], [ 85.1869695, 27.7705784 ], [ 85.1864396, 27.7711193 ], [ 85.186196, 27.771322 ], [ 85.1860537, 27.7714325 ], [ 85.185891, 27.7715205 ], [ 85.1857237, 27.7716003 ], [ 85.1855461, 27.7716303 ], [ 85.1853316, 27.7716174 ], [ 85.1851171, 27.7715774 ], [ 85.1847212, 27.7714748 ], [ 85.1841855, 27.7713073 ], [ 85.1839969, 27.7712585 ], [ 85.183801, 27.7712151 ], [ 85.1836159, 27.7711854 ], [ 85.1832147, 27.771141 ], [ 85.1829682, 27.77112 ], [ 85.1826505, 27.7710843 ], [ 85.1823878, 27.7710674 ], [ 85.182198, 27.7710698 ], [ 85.1819818, 27.7710747 ], [ 85.1817478, 27.7711022 ], [ 85.1815347, 27.7711372 ], [ 85.1812676, 27.7711999 ], [ 85.1809878, 27.7713123 ], [ 85.1808569, 27.7713631 ], [ 85.1806086, 27.7714598 ], [ 85.1800736, 27.7716823 ], [ 85.1793466, 27.7719952 ], [ 85.1789744, 27.7721719 ], [ 85.17882, 27.7722457 ], [ 85.1786193, 27.7723607 ], [ 85.1785704, 27.7723844 ], [ 85.1785211, 27.7723835 ], [ 85.1784572, 27.7723476 ], [ 85.1783753, 27.7722877 ], [ 85.178222, 27.7721664 ], [ 85.1780809, 27.7720237 ], [ 85.1780061, 27.7718867 ], [ 85.1779312, 27.7717283 ], [ 85.1778356, 27.7715427 ], [ 85.1777613, 27.7713411 ], [ 85.1776692, 27.7709065 ], [ 85.177613, 27.7705676 ], [ 85.1775684, 27.7703433 ], [ 85.1775516, 27.7699231 ], [ 85.1775566, 27.7695523 ], [ 85.177577, 27.7693283 ], [ 85.1775737, 27.7689956 ], [ 85.1775705, 27.7687008 ], [ 85.1775839, 27.7684623 ], [ 85.1775802, 27.768277 ], [ 85.1775555, 27.7681341 ], [ 85.1774976, 27.7679928 ], [ 85.1774247, 27.767938 ], [ 85.1772861, 27.7678824 ], [ 85.1771118, 27.7678212 ], [ 85.1768003, 27.7677235 ], [ 85.1765105, 27.767619 ], [ 85.1762165, 27.7675286 ], [ 85.1758496, 27.7674382 ], [ 85.1755424, 27.7673684 ], [ 85.1753567, 27.7673399 ], [ 85.1751668, 27.7673911 ], [ 85.1750917, 27.7674744 ], [ 85.1750423, 27.7676033 ], [ 85.1749822, 27.7678762 ], [ 85.1749045, 27.7682769 ], [ 85.1748106, 27.7685308 ], [ 85.1747087, 27.7686163 ], [ 85.1745487, 27.7686001 ], [ 85.1743547, 27.7684834 ], [ 85.1742232, 27.7682365 ], [ 85.1740445, 27.7680115 ], [ 85.1737914, 27.7677571 ], [ 85.1733703, 27.7674628 ], [ 85.1729787, 27.767216 ], [ 85.1724798, 27.76686 ], [ 85.1721508, 27.766673 ], [ 85.1718182, 27.7666397 ], [ 85.1714561, 27.7667394 ], [ 85.1709063, 27.766756 ], [ 85.1704825, 27.7666777 ], [ 85.16998, 27.7666891 ], [ 85.1695673, 27.7667504 ], [ 85.1691654, 27.766771 ], [ 85.1687749, 27.7669077 ], [ 85.1681999, 27.7670646 ], [ 85.167279, 27.7673774 ], [ 85.1667667, 27.7675649 ], [ 85.1663894, 27.7676057 ], [ 85.1659915, 27.7675483 ], [ 85.1656294, 27.767432 ], [ 85.1653729, 27.7673205 ], [ 85.1652448, 27.7671629 ], [ 85.1650935, 27.7669428 ], [ 85.1649728, 27.7666081 ], [ 85.1649212, 27.7663507 ], [ 85.1648634, 27.7661756 ], [ 85.1647633, 27.7659357 ], [ 85.1646638, 27.7658869 ], [ 85.1644797, 27.7658328 ], [ 85.1641542, 27.7658822 ], [ 85.1638323, 27.7658679 ], [ 85.1636384, 27.7659416 ], [ 85.1634429, 27.7660097 ], [ 85.1628142, 27.7660747 ], [ 85.1623878, 27.7660982 ], [ 85.1619661, 27.7660669 ], [ 85.1618713, 27.7660494 ], [ 85.161578, 27.7659667 ], [ 85.1610674, 27.7658089 ], [ 85.160878, 27.7657557 ], [ 85.1606971, 27.7657549 ], [ 85.1604313, 27.7657621 ], [ 85.1600346, 27.7656937 ], [ 85.1593488, 27.7655813 ], [ 85.1589987, 27.7655813 ], [ 85.1586223, 27.765648 ], [ 85.1583382, 27.7657493 ], [ 85.1582985, 27.7657783 ], [ 85.158151, 27.7658859 ], [ 85.1581139, 27.765913 ], [ 85.1578001, 27.7662168 ], [ 85.1576447, 27.7663546 ], [ 85.1573941, 27.7665768 ], [ 85.1570447, 27.7667888 ], [ 85.1569998, 27.766816 ], [ 85.1564359, 27.7669556 ], [ 85.1556734, 27.7670592 ], [ 85.1552462, 27.7670708 ], [ 85.1550022, 27.7670785 ], [ 85.1542417, 27.7669744 ], [ 85.1538608, 27.7669103 ], [ 85.1534625, 27.7666589 ], [ 85.1531464, 27.7666654 ], [ 85.1528132, 27.7665685 ], [ 85.1522146, 27.766481 ], [ 85.1516358, 27.7663631 ], [ 85.1513103, 27.7662726 ], [ 85.1510892, 27.7661243 ], [ 85.1510249, 27.7659901 ], [ 85.1509928, 27.7657285 ], [ 85.1509721, 27.7655599 ], [ 85.1509748, 27.7651991 ], [ 85.1509453, 27.7649024 ], [ 85.1508295, 27.7647326 ], [ 85.1505366, 27.7645175 ], [ 85.1502345, 27.7643209 ], [ 85.1499707, 27.7640547 ], [ 85.1498654, 27.7639022 ], [ 85.1497937, 27.7637983 ], [ 85.1494933, 27.7637414 ], [ 85.1492514, 27.7638241 ], [ 85.1489972, 27.7639086 ], [ 85.1485643, 27.7639665 ], [ 85.1480056, 27.7639328 ], [ 85.1473063, 27.7639001 ], [ 85.1470702, 27.763924 ], [ 85.1467709, 27.7640195 ], [ 85.1463898, 27.7641972 ], [ 85.1456034, 27.7646624 ], [ 85.145263, 27.7647628 ], [ 85.1445536, 27.764741 ], [ 85.1441637, 27.7646077 ], [ 85.1437962, 27.7645151 ], [ 85.1433751, 27.7645792 ], [ 85.1428986, 27.7647624 ], [ 85.1424256, 27.7650183 ], [ 85.1419321, 27.765144 ], [ 85.1417784, 27.7652193 ], [ 85.141704, 27.7652558 ], [ 85.1412585, 27.7654205 ], [ 85.1408741, 27.7656524 ], [ 85.1404487, 27.7658899 ], [ 85.1397771, 27.7661437 ], [ 85.1394882, 27.766175 ], [ 85.1393259, 27.7661342 ], [ 85.1392043, 27.7660436 ], [ 85.1389951, 27.7657754 ], [ 85.1387106, 27.7654034 ], [ 85.1385669, 27.7651421 ], [ 85.1384357, 27.7647835 ], [ 85.1382038, 27.7644059 ], [ 85.1379759, 27.7641282 ], [ 85.1375082, 27.7636407 ], [ 85.1373003, 27.7635341 ], [ 85.1370029, 27.7634553 ], [ 85.1366681, 27.7634057 ], [ 85.1361298, 27.7633865 ], [ 85.1358611, 27.7633072 ], [ 85.135639, 27.7631807 ], [ 85.1354921, 27.7630056 ], [ 85.1354153, 27.7627758 ], [ 85.1353983, 27.7623814 ], [ 85.1352185, 27.762061 ], [ 85.1350022, 27.7618455 ], [ 85.1346777, 27.7617102 ], [ 85.1344273, 27.7616765 ], [ 85.1341493, 27.7617808 ], [ 85.1337437, 27.7621036 ], [ 85.1333276, 27.762322 ], [ 85.1330057, 27.7624882 ], [ 85.1326758, 27.7625784 ], [ 85.1324656, 27.7626544 ], [ 85.1321047, 27.7627713 ], [ 85.1318028, 27.7628484 ], [ 85.1316038, 27.7630005 ], [ 85.131383, 27.7632073 ], [ 85.1313535, 27.7635135 ], [ 85.1314152, 27.7639502 ], [ 85.131438, 27.7642495 ], [ 85.1312411, 27.7643581 ], [ 85.1309847, 27.764329 ], [ 85.1305907, 27.7642808 ], [ 85.1303311, 27.7640939 ], [ 85.1299811, 27.7638128 ], [ 85.1296432, 27.7635208 ], [ 85.1295671, 27.7632762 ], [ 85.1294876, 27.7630868 ], [ 85.1293706, 27.7629715 ], [ 85.1290631, 27.7627782 ], [ 85.1289288, 27.7625309 ], [ 85.1288863, 27.7623706 ], [ 85.1287976, 27.7621978 ], [ 85.1286917, 27.7620312 ], [ 85.1285583, 27.7618549 ], [ 85.1284201, 27.7615844 ], [ 85.1282475, 27.7612397 ], [ 85.128167, 27.7609882 ], [ 85.1280553, 27.7608011 ], [ 85.1279176, 27.7606464 ], [ 85.1276762, 27.7606226 ], [ 85.1273204, 27.760654 ], [ 85.1270978, 27.7606967 ], [ 85.127019, 27.7608695 ], [ 85.1269976, 27.7611045 ], [ 85.1269149, 27.7614336 ], [ 85.1267543, 27.7615274 ], [ 85.1266236, 27.761529 ], [ 85.1264277, 27.7614227 ], [ 85.1262707, 27.761095 ], [ 85.1261497, 27.7609202 ], [ 85.1260464, 27.7608706 ], [ 85.1259661, 27.760896 ], [ 85.1258285, 27.7610674 ], [ 85.1256999, 27.7611199 ], [ 85.1254877, 27.7611253 ], [ 85.1253758, 27.7610432 ], [ 85.1253283, 27.7609161 ], [ 85.1252312, 27.7607257 ], [ 85.1250399, 27.760636 ], [ 85.1247957, 27.7606461 ], [ 85.1244819, 27.7607169 ], [ 85.1243558, 27.7607809 ], [ 85.1242685, 27.7609008 ], [ 85.1242676, 27.7610493 ], [ 85.1243421, 27.7613026 ], [ 85.1245369, 27.7615612 ], [ 85.1246869, 27.7617158 ], [ 85.1247189, 27.7618383 ], [ 85.124632, 27.7621123 ], [ 85.1245218, 27.7624132 ], [ 85.1244703, 27.7629525 ], [ 85.1243904, 27.7630687 ], [ 85.1242513, 27.7631453 ], [ 85.1240668, 27.7631463 ], [ 85.1239352, 27.7630724 ], [ 85.1238228, 27.7628067 ], [ 85.1237365, 27.762736 ], [ 85.1231598, 27.7625484 ], [ 85.1229671, 27.7625087 ], [ 85.1228373, 27.7624995 ], [ 85.1227663, 27.7625362 ], [ 85.1225986, 27.7627383 ], [ 85.1222729, 27.7630093 ], [ 85.121816, 27.7633728 ], [ 85.1213855, 27.7639301 ], [ 85.1213179, 27.7641184 ], [ 85.1213151, 27.7643277 ], [ 85.1213639, 27.7644934 ], [ 85.1216091, 27.7650585 ], [ 85.121709, 27.7652758 ], [ 85.1217329, 27.7653927 ], [ 85.1216747, 27.7655064 ], [ 85.1214451, 27.7656654 ], [ 85.1212196, 27.7658785 ], [ 85.1211252, 27.7660227 ], [ 85.121105, 27.7661185 ], [ 85.121023, 27.7661798 ], [ 85.1208887, 27.7661947 ], [ 85.1206505, 27.7661702 ], [ 85.120482, 27.7662023 ], [ 85.1201827, 27.7663925 ], [ 85.1201328, 27.7666181 ], [ 85.120161, 27.766753 ], [ 85.1202829, 27.7669354 ], [ 85.1203039, 27.7670827 ], [ 85.1201524, 27.7671841 ], [ 85.119898, 27.7673002 ], [ 85.1195512, 27.7674406 ], [ 85.1190788, 27.7676863 ], [ 85.1188584, 27.7677121 ], [ 85.1186913, 27.7676131 ], [ 85.1186021, 27.7674604 ], [ 85.1185484, 27.7672847 ], [ 85.1185484, 27.7670189 ], [ 85.1183017, 27.7666392 ], [ 85.1180978, 27.7664114 ], [ 85.1179154, 27.7664161 ], [ 85.1176896, 27.766497 ], [ 85.1174165, 27.7664398 ], [ 85.1172073, 27.7664873 ], [ 85.1171537, 27.7666724 ], [ 85.1172288, 27.766924 ], [ 85.1172824, 27.7673132 ], [ 85.1173307, 27.7677072 ], [ 85.117218, 27.76803 ], [ 85.1168205, 27.7682628 ], [ 85.1166065, 27.7683338 ], [ 85.1165475, 27.7684951 ], [ 85.1163544, 27.7686803 ], [ 85.1161393, 27.7687327 ], [ 85.1157482, 27.7686755 ], [ 85.1154424, 27.7687515 ], [ 85.1150878, 27.7689795 ], [ 85.1149328, 27.7692356 ], [ 85.1149357, 27.7695177 ], [ 85.1149313, 27.7697729 ], [ 85.1147935, 27.7700825 ], [ 85.1147733, 27.770484 ], [ 85.1147612, 27.7707106 ], [ 85.1146431, 27.7708922 ], [ 85.1144676, 27.7709414 ], [ 85.1143182, 27.7711293 ], [ 85.1143322, 27.7713306 ], [ 85.114479, 27.7716119 ], [ 85.1147767, 27.772011 ], [ 85.1152896, 27.772657 ], [ 85.1155699, 27.773103 ], [ 85.1156791, 27.7735176 ], [ 85.1156396, 27.7737752 ], [ 85.115404, 27.7739519 ], [ 85.1151424, 27.7740331 ], [ 85.114842, 27.7740111 ], [ 85.1145761, 27.7739237 ], [ 85.1143864, 27.773827 ], [ 85.1141711, 27.7736591 ], [ 85.1138012, 27.7733411 ], [ 85.1133444, 27.7730758 ], [ 85.1131628, 27.7728238 ], [ 85.1130394, 27.772558 ], [ 85.1127819, 27.772482 ], [ 85.1124172, 27.7726671 ], [ 85.1120738, 27.7730563 ], [ 85.1116987, 27.773509 ], [ 85.1114445, 27.7740918 ], [ 85.1114126, 27.774851 ], [ 85.1113624, 27.7752478 ], [ 85.1111518, 27.7755349 ], [ 85.1108752, 27.7757295 ], [ 85.1105734, 27.7758439 ], [ 85.1102278, 27.775908 ], [ 85.1098327, 27.7758945 ], [ 85.1095603, 27.7758479 ], [ 85.1092624, 27.7757804 ], [ 85.108904, 27.7755502 ], [ 85.108818, 27.7753665 ], [ 85.1086964, 27.7747828 ], [ 85.1087747, 27.7744233 ], [ 85.1084789, 27.7741627 ], [ 85.1081417, 27.7741148 ], [ 85.1074765, 27.7742145 ], [ 85.1068006, 27.7741385 ], [ 85.1063768, 27.7741717 ], [ 85.1057975, 27.7742667 ], [ 85.1053621, 27.7745472 ], [ 85.1050464, 27.7748979 ], [ 85.1044134, 27.7754153 ], [ 85.1040648, 27.7757048 ], [ 85.1036839, 27.7756763 ], [ 85.1033459, 27.7757096 ], [ 85.1031153, 27.7758899 ], [ 85.1026754, 27.7761272 ], [ 85.1021765, 27.7763883 ], [ 85.1018546, 27.776692 ], [ 85.1015864, 27.7769009 ], [ 85.1011672, 27.7772336 ], [ 85.1008989, 27.7775611 ], [ 85.1006468, 27.7780689 ], [ 85.100138, 27.7783295 ], [ 85.0997035, 27.7783675 ], [ 85.099328, 27.7782963 ], [ 85.0988613, 27.7781729 ], [ 85.0983946, 27.7781539 ], [ 85.0980352, 27.7782583 ], [ 85.0978098, 27.7784766 ], [ 85.0977616, 27.7787329 ], [ 85.0975416, 27.778937 ], [ 85.0971768, 27.7791743 ], [ 85.0968327, 27.7795497 ], [ 85.0967584, 27.7798815 ], [ 85.0966879, 27.7804135 ], [ 85.0966879, 27.7807458 ], [ 85.0964135, 27.781365 ], [ 85.0959418, 27.7816293 ], [ 85.0953246, 27.7820081 ], [ 85.0946309, 27.7823065 ], [ 85.0944247, 27.7826097 ], [ 85.0942566, 27.7828804 ], [ 85.0938677, 27.7833555 ], [ 85.0933515, 27.783763 ], [ 85.0925148, 27.7842296 ], [ 85.0914267, 27.7854855 ], [ 85.0907159, 27.785924 ], [ 85.0901727, 27.7864298 ], [ 85.0891092, 27.7872391 ], [ 85.0883358, 27.7877898 ], [ 85.0873487, 27.7879796 ], [ 85.0856321, 27.7880556 ], [ 85.0851171, 27.788663 ], [ 85.084688, 27.7888908 ], [ 85.0838125, 27.7887086 ], [ 85.0831859, 27.788663 ], [ 85.0824993, 27.7887769 ], [ 85.0823705, 27.7893084 ], [ 85.0824864, 27.7896482 ], [ 85.0820701, 27.7899539 ], [ 85.0812547, 27.7901817 ], [ 85.0805681, 27.7901057 ], [ 85.079581, 27.7901057 ], [ 85.0791948, 27.7903715 ], [ 85.0786798, 27.790903 ], [ 85.0778644, 27.7912067 ], [ 85.0767486, 27.7917003 ], [ 85.0760591, 27.7921635 ], [ 85.0751608, 27.7921938 ], [ 85.0741737, 27.7921179 ], [ 85.0734212, 27.7919584 ], [ 85.0729292, 27.7919281 ], [ 85.0716818, 27.792209 ], [ 85.0712125, 27.7921179 ], [ 85.0706976, 27.791966 ], [ 85.0703685, 27.7917712 ], [ 85.0700848, 27.7916859 ], [ 85.0695818, 27.7917003 ], [ 85.0692613, 27.7920673 ], [ 85.0688809, 27.7924747 ], [ 85.0683716, 27.7929961 ], [ 85.0677736, 27.7930164 ], [ 85.0674765, 27.7929145 ], [ 85.0672515, 27.7928373 ], [ 85.066969, 27.7927616 ], [ 85.0665005, 27.7927861 ], [ 85.065934, 27.7926874 ], [ 85.0655906, 27.7926114 ], [ 85.064904, 27.7926874 ], [ 85.0643289, 27.7928114 ], [ 85.0638368, 27.7931277 ], [ 85.0623291, 27.7937124 ], [ 85.0615566, 27.7938643 ], [ 85.061013, 27.79392 ], [ 85.0603177, 27.7940743 ], [ 85.0596683, 27.7943958 ], [ 85.059325, 27.7945096 ], [ 85.0586526, 27.7945628 ], [ 85.0582778, 27.7946944 ], [ 85.0580947, 27.7950665 ], [ 85.0577286, 27.7953676 ], [ 85.0568789, 27.7958029 ], [ 85.056916, 27.7966078 ], [ 85.0569807, 27.7969808 ], [ 85.0570007, 27.7972365 ], [ 85.0567344, 27.7973171 ], [ 85.056278, 27.797243 ], [ 85.0558488, 27.797243 ], [ 85.0554156, 27.7971909 ], [ 85.0549476, 27.7969773 ], [ 85.0546157, 27.7969191 ], [ 85.0542782, 27.7968634 ], [ 85.0539048, 27.7967476 ], [ 85.0533598, 27.7969013 ], [ 85.0527589, 27.7970912 ], [ 85.0525173, 27.7974744 ], [ 85.0523899, 27.7977897 ], [ 85.0524829, 27.7982358 ], [ 85.0525387, 27.798721 ], [ 85.0522884, 27.7991929 ], [ 85.0520294, 27.7993689 ], [ 85.0513857, 27.7994069 ], [ 85.0509751, 27.7993372 ], [ 85.050699, 27.7994449 ], [ 85.0504644, 27.7996321 ], [ 85.0498407, 27.8003939 ], [ 85.0495874, 27.8007596 ], [ 85.0493572, 27.8010317 ], [ 85.0489195, 27.8015935 ], [ 85.0483114, 27.8014227 ], [ 85.0479095, 27.8014189 ], [ 85.0474616, 27.8013012 ], [ 85.0470083, 27.8013809 ], [ 85.0467492, 27.8017162 ], [ 85.0467422, 27.8019757 ], [ 85.0467908, 27.8024691 ], [ 85.0467966, 27.8031626 ], [ 85.0465591, 27.803818 ], [ 85.0459654, 27.8041122 ], [ 85.0457408, 27.8048455 ], [ 85.0456823, 27.8052409 ], [ 85.0456722, 27.8056983 ], [ 85.0460682, 27.8061276 ], [ 85.0465391, 27.806364 ], [ 85.0471943, 27.8067132 ], [ 85.0473729, 27.8069577 ], [ 85.0473958, 27.807231 ], [ 85.047529, 27.8078773 ], [ 85.0477707, 27.8085586 ], [ 85.0482228, 27.809209 ], [ 85.0487807, 27.8098037 ], [ 85.0489109, 27.8104535 ], [ 85.048669, 27.8105893 ], [ 85.0483387, 27.8106103 ], [ 85.0479095, 27.8107571 ], [ 85.0475662, 27.8110228 ], [ 85.0471513, 27.8114809 ], [ 85.0470512, 27.8118579 ], [ 85.0473645, 27.8121799 ], [ 85.0477164, 27.812729 ], [ 85.0477248, 27.8129883 ], [ 85.0475789, 27.813211 ], [ 85.0470941, 27.8133003 ], [ 85.0467308, 27.8131029 ], [ 85.0465216, 27.8129134 ], [ 85.0463675, 27.8127739 ], [ 85.0455506, 27.8123014 ], [ 85.0449999, 27.8119692 ], [ 85.0445707, 27.8118933 ], [ 85.0439184, 27.8120477 ], [ 85.0433176, 27.8121995 ], [ 85.0423568, 27.8125795 ], [ 85.0421302, 27.8127208 ], [ 85.0417612, 27.8130954 ], [ 85.0416768, 27.8134908 ], [ 85.0417726, 27.8139279 ], [ 85.0416453, 27.814384 ], [ 85.0414899, 27.814933 ], [ 85.0411804, 27.8155549 ], [ 85.0410978, 27.8159339 ], [ 85.0410785, 27.8162211 ], [ 85.041292, 27.8165393 ], [ 85.0415623, 27.8168462 ], [ 85.0418942, 27.8171346 ], [ 85.0418966, 27.8175737 ], [ 85.041611, 27.8178305 ], [ 85.0412233, 27.8176983 ], [ 85.0410011, 27.8175965 ], [ 85.0407912, 27.8173895 ], [ 85.0406053, 27.8169821 ], [ 85.0403565, 27.8164313 ], [ 85.0399073, 27.8159573 ], [ 85.0394789, 27.815772 ], [ 85.0390489, 27.8155904 ], [ 85.0386684, 27.8153449 ], [ 85.0383194, 27.8150843 ], [ 85.0380899, 27.8148613 ], [ 85.0376957, 27.8147854 ], [ 85.0374291, 27.815089 ], [ 85.0372835, 27.8153428 ], [ 85.0371296, 27.8155737 ], [ 85.0366725, 27.815691 ], [ 85.0361218, 27.815628 ], [ 85.0356357, 27.8156056 ], [ 85.0350181, 27.8156833 ], [ 85.0347002, 27.8156328 ], [ 85.0341101, 27.8152983 ], [ 85.0338204, 27.8151393 ], [ 85.0335114, 27.8150644 ], [ 85.0330823, 27.8150833 ], [ 85.0323537, 27.8152902 ], [ 85.0315608, 27.815409 ], [ 85.0310078, 27.8154629 ], [ 85.0304847, 27.815483 ], [ 85.030121, 27.8154567 ], [ 85.029838, 27.8154595 ], [ 85.0294741, 27.8155729 ], [ 85.0292201, 27.8158011 ], [ 85.0283529, 27.8166038 ], [ 85.0282062, 27.816697 ], [ 85.0279199, 27.816809 ], [ 85.0276191, 27.8168284 ], [ 85.0272329, 27.8166196 ], [ 85.0270741, 27.8164688 ], [ 85.0269388, 27.8161615 ] ] } },
{ "type": "Feature", "properties": { "name": "Bishnumati River", "waterway": "river" }, "geometry": { "type": "LineString", "coordinates": [ [ 85.3556541, 27.7816123 ], [ 85.355579, 27.7811946 ], [ 85.3553054, 27.781 ], [ 85.3550909, 27.7807532 ], [ 85.3549353, 27.7804874 ], [ 85.3549138, 27.7803403 ], [ 85.3547744, 27.780084 ], [ 85.3545786, 27.7797283 ], [ 85.3543506, 27.7794196 ], [ 85.3541467, 27.7790778 ], [ 85.3539161, 27.778869 ], [ 85.3539483, 27.778214 ], [ 85.3541897, 27.7778486 ], [ 85.3542969, 27.777317 ], [ 85.3542429, 27.7769459 ], [ 85.3542139, 27.7766241 ], [ 85.3538465, 27.7763228 ], [ 85.353503, 27.7760951 ], [ 85.3532939, 27.7758837 ], [ 85.3532241, 27.7756774 ], [ 85.3531677, 27.7755516 ], [ 85.3528646, 27.7754068 ], [ 85.3526904, 27.7753996 ], [ 85.3526421, 27.7752857 ], [ 85.3526581, 27.7751197 ], [ 85.3527065, 27.7749914 ], [ 85.3526314, 27.7748656 ], [ 85.3525724, 27.7747992 ], [ 85.3522747, 27.7745998 ], [ 85.3521674, 27.7746046 ], [ 85.3520091, 27.7745903 ], [ 85.3517623, 27.7744243 ], [ 85.3515407, 27.7743265 ], [ 85.3510721, 27.7742702 ], [ 85.3508638, 27.7743497 ], [ 85.3507617, 27.7743579 ], [ 85.3504776, 27.7744764 ], [ 85.3503186, 27.7744508 ], [ 85.3502168, 27.7744711 ], [ 85.350135, 27.774345 ], [ 85.3500105, 27.7742414 ], [ 85.3497641, 27.7740516 ], [ 85.3496326, 27.77399 ], [ 85.3495709, 27.7738975 ], [ 85.3493697, 27.7736934 ], [ 85.3491526, 27.7736387 ], [ 85.3483612, 27.7736056 ], [ 85.3481146, 27.773577 ], [ 85.3476103, 27.7736648 ], [ 85.3471006, 27.7738073 ], [ 85.3467868, 27.7739758 ], [ 85.3465319, 27.7741657 ], [ 85.3462987, 27.7742652 ], [ 85.3461296, 27.774206 ], [ 85.3459365, 27.7739829 ], [ 85.3459445, 27.7737219 ], [ 85.3457864, 27.7734085 ], [ 85.3455985, 27.7731903 ], [ 85.3455128, 27.7730786 ], [ 85.345486, 27.772865 ], [ 85.3453974, 27.772839 ], [ 85.3451372, 27.772788 ], [ 85.3448394, 27.772686 ], [ 85.3446633, 27.7724492 ], [ 85.3445016, 27.7721738 ], [ 85.3444454, 27.7718904 ], [ 85.3442857, 27.7717125 ], [ 85.3441582, 27.7716619 ], [ 85.3439906, 27.7716382 ], [ 85.3437413, 27.7716205 ], [ 85.3435376, 27.7715885 ], [ 85.3433322, 27.7715384 ], [ 85.3430398, 27.7714197 ], [ 85.3426079, 27.7713486 ], [ 85.3422298, 27.7713201 ], [ 85.3420206, 27.7712512 ], [ 85.3417791, 27.7711161 ], [ 85.3416128, 27.7710021 ], [ 85.3414681, 27.7708976 ], [ 85.3414036, 27.7708075 ], [ 85.3413581, 27.7706152 ], [ 85.3414493, 27.7703541 ], [ 85.3415645, 27.7700458 ], [ 85.3416825, 27.7697514 ], [ 85.3416503, 27.7695307 ], [ 85.3416263, 27.76926 ], [ 85.3415001, 27.7689279 ], [ 85.3414509, 27.7688381 ], [ 85.3412802, 27.768655 ], [ 85.3408027, 27.7683607 ], [ 85.3404582, 27.7681296 ], [ 85.3403475, 27.7680491 ], [ 85.3402555, 27.7677962 ], [ 85.3402865, 27.7676131 ], [ 85.340395, 27.7671394 ], [ 85.3405703, 27.7666866 ], [ 85.3406222, 27.7665497 ], [ 85.3405976, 27.7664001 ], [ 85.3404807, 27.7662838 ], [ 85.3402839, 27.7662692 ], [ 85.3401634, 27.7662741 ], [ 85.3396747, 27.7663299 ], [ 85.3395198, 27.7663041 ], [ 85.3393655, 27.7662856 ], [ 85.3392159, 27.7662115 ], [ 85.3389269, 27.7658323 ], [ 85.338601, 27.7653504 ], [ 85.3384909, 27.7651065 ], [ 85.3383999, 27.7650134 ], [ 85.3383288, 27.7648995 ], [ 85.338275, 27.7645775 ], [ 85.3381194, 27.7640785 ], [ 85.3379679, 27.7638991 ], [ 85.3376126, 27.7635721 ], [ 85.3374393, 27.7634479 ], [ 85.3373436, 27.7633281 ], [ 85.3372693, 27.7632019 ], [ 85.3372219, 27.7630097 ], [ 85.3372282, 27.7628174 ], [ 85.3371984, 27.7626678 ], [ 85.3370806, 27.7623896 ], [ 85.3369629, 27.7621779 ], [ 85.3368472, 27.7619788 ], [ 85.3367436, 27.7617042 ], [ 85.3367048, 27.7614524 ], [ 85.3366973, 27.7612283 ], [ 85.3365365, 27.7606045 ], [ 85.3364691, 27.7604891 ], [ 85.3364181, 27.7604391 ], [ 85.3362853, 27.7603556 ], [ 85.3360568, 27.7602285 ], [ 85.3359267, 27.7601265 ], [ 85.3356036, 27.759813 ], [ 85.3355011, 27.7597324 ], [ 85.3352117, 27.7595773 ], [ 85.3346706, 27.7593857 ], [ 85.3342333, 27.759279 ], [ 85.3341837, 27.7592545 ], [ 85.3341366, 27.7592047 ], [ 85.3339918, 27.7590377 ], [ 85.3339733, 27.7589874 ], [ 85.3339445, 27.7588788 ], [ 85.333946, 27.7587806 ], [ 85.3339874, 27.7584683 ], [ 85.3339908, 27.7583006 ], [ 85.3339708, 27.7581269 ], [ 85.3339251, 27.7578551 ], [ 85.3338938, 27.757725 ], [ 85.3338289, 27.7574956 ], [ 85.3337682, 27.7572566 ], [ 85.333737, 27.7571898 ], [ 85.3336873, 27.7571285 ], [ 85.3336142, 27.7570868 ], [ 85.3334765, 27.7570439 ], [ 85.3333189, 27.7570156 ], [ 85.3331452, 27.7570234 ], [ 85.3329839, 27.7570175 ], [ 85.3327858, 27.7569828 ], [ 85.3323293, 27.7568544 ], [ 85.3316382, 27.7565647 ], [ 85.3303756, 27.7564621 ], [ 85.3291234, 27.7567347 ], [ 85.3284743, 27.7568368 ], [ 85.328139, 27.7567744 ], [ 85.3277454, 27.7564577 ], [ 85.3273761, 27.7560756 ], [ 85.3272753, 27.7559487 ], [ 85.3271309, 27.7556955 ], [ 85.3271199, 27.7554508 ], [ 85.3272412, 27.7542621 ], [ 85.3272308, 27.7538327 ], [ 85.327003, 27.7533834 ], [ 85.3266759, 27.7531814 ], [ 85.3265002, 27.7532004 ], [ 85.3260845, 27.7532586 ], [ 85.3257224, 27.7532835 ], [ 85.3253053, 27.7535078 ], [ 85.3251618, 27.7535529 ], [ 85.3249258, 27.7534354 ], [ 85.3247085, 27.7533013 ], [ 85.3244589, 27.7531478 ], [ 85.3243384, 27.7530758 ], [ 85.3241497, 27.7530049 ], [ 85.3239749, 27.7528987 ], [ 85.323765, 27.7527739 ], [ 85.3235578, 27.7526022 ], [ 85.3233786, 27.7525364 ], [ 85.3233332, 27.7523982 ], [ 85.3232699, 27.7522095 ], [ 85.3231405, 27.7518588 ], [ 85.3229487, 27.751584 ], [ 85.3227612, 27.7511859 ], [ 85.3227048, 27.7508506 ], [ 85.3227653, 27.750568 ], [ 85.3228636, 27.7503314 ], [ 85.3230281, 27.7500624 ], [ 85.3230843, 27.7499436 ], [ 85.322996, 27.7494004 ], [ 85.3228697, 27.7490065 ], [ 85.3227436, 27.7485929 ], [ 85.3226892, 27.7484037 ], [ 85.3225136, 27.7482414 ], [ 85.3222526, 27.7481336 ], [ 85.3221385, 27.747857 ], [ 85.3218952, 27.747517 ], [ 85.3217302, 27.7471295 ], [ 85.3217227, 27.7468911 ], [ 85.321786, 27.746545 ], [ 85.3218103, 27.7463941 ], [ 85.321869, 27.7462315 ], [ 85.3220967, 27.745937 ], [ 85.3221373, 27.7457836 ], [ 85.3221608, 27.7454431 ], [ 85.3222171, 27.7452503 ], [ 85.322254, 27.7452 ], [ 85.3223462, 27.7449736 ], [ 85.3223546, 27.7449257 ], [ 85.3223424, 27.7448833 ], [ 85.3222086, 27.7446231 ], [ 85.3221304, 27.7444814 ], [ 85.32199, 27.7443145 ], [ 85.3218339, 27.7442258 ], [ 85.3214533, 27.7443067 ], [ 85.3210871, 27.7443924 ], [ 85.3208624, 27.7444755 ], [ 85.3205929, 27.7445862 ], [ 85.3204582, 27.744657 ], [ 85.3202508, 27.7447085 ], [ 85.3200912, 27.7447806 ], [ 85.3199475, 27.7451018 ], [ 85.3197686, 27.7451921 ], [ 85.3194928, 27.7452574 ], [ 85.3192523, 27.7452039 ], [ 85.3190703, 27.7452394 ], [ 85.3189448, 27.7452766 ], [ 85.3187417, 27.745283 ], [ 85.3186035, 27.7452721 ], [ 85.318444, 27.7452319 ], [ 85.3182518, 27.7451878 ], [ 85.3180836, 27.7451367 ], [ 85.3177832, 27.7450298 ], [ 85.3173717, 27.7447935 ], [ 85.3169271, 27.7447305 ], [ 85.3164297, 27.7447566 ], [ 85.3159827, 27.7447438 ], [ 85.3155571, 27.7445911 ], [ 85.3152898, 27.7445725 ], [ 85.3153181, 27.7442336 ], [ 85.315229, 27.7437962 ], [ 85.3151258, 27.7435212 ], [ 85.3150124, 27.743257 ], [ 85.3148229, 27.7429361 ], [ 85.3145796, 27.7426056 ], [ 85.3143141, 27.7422682 ], [ 85.3138868, 27.7418851 ], [ 85.3136569, 27.7416276 ], [ 85.3135165, 27.7414704 ], [ 85.3129538, 27.7411068 ], [ 85.3122071, 27.7404661 ], [ 85.3121407, 27.7404367 ], [ 85.3115381, 27.7398861 ], [ 85.3110092, 27.7395808 ], [ 85.30997, 27.7387962 ] ] } },
{ "type": "Feature", "properties": { "name": "Bishnumati", "waterway": "river" }, "geometry": { "type": "LineString", "coordinates": [ [ 85.3000641, 27.7448508 ], [ 85.3001585, 27.7441549 ], [ 85.3002119, 27.7437275 ], [ 85.3001546, 27.7432029 ], [ 85.2998444, 27.7420722 ], [ 85.299937, 27.7417066 ], [ 85.3001811, 27.7413173 ], [ 85.3004815, 27.7410941 ], [ 85.3008798, 27.7409125 ], [ 85.3014894, 27.7408954 ], [ 85.3018003, 27.7410079 ], [ 85.3022504, 27.7411072 ], [ 85.3027622, 27.7410721 ], [ 85.3034895, 27.74092 ], [ 85.3041423, 27.7407783 ], [ 85.3046952, 27.7406536 ], [ 85.3053701, 27.7406989 ], [ 85.3072081, 27.7406783 ], [ 85.3079337, 27.7406453 ], [ 85.3084382, 27.7404999 ], [ 85.3086351, 27.7404226 ], [ 85.3090852, 27.7401618 ], [ 85.3094693, 27.7397902 ], [ 85.3097422, 27.7393375 ], [ 85.30997, 27.7387962 ] ] } },
{ "type": "Feature", "properties": { "name": "Sangle River", "waterway": "river" }, "geometry": { "type": "LineString", "coordinates": [ [ 85.3163238, 27.7706341 ], [ 85.3162209, 27.7705467 ], [ 85.3161211, 27.7704176 ], [ 85.3160144, 27.770268 ], [ 85.3159406, 27.7700924 ], [ 85.3157736, 27.7697851 ], [ 85.3157745, 27.7695672 ], [ 85.3159259, 27.7693517 ], [ 85.3162683, 27.7690814 ], [ 85.3164266, 27.7689698 ], [ 85.3165609, 27.7688377 ], [ 85.316721, 27.7686081 ], [ 85.3167726, 27.7685308 ], [ 85.316845, 27.7683907 ], [ 85.3168841, 27.7682461 ], [ 85.3168098, 27.7676874 ], [ 85.3169222, 27.7673343 ], [ 85.3169699, 27.7668829 ], [ 85.317011, 27.7666968 ], [ 85.3171184, 27.7663758 ], [ 85.3172374, 27.7661074 ], [ 85.3172621, 27.7659605 ], [ 85.3172743, 27.7658107 ], [ 85.3173512, 27.7655741 ], [ 85.3174486, 27.7652751 ], [ 85.3176176, 27.764632 ], [ 85.31765, 27.7644696 ], [ 85.317719, 27.7642851 ], [ 85.3179365, 27.7635289 ], [ 85.3179547, 27.7633535 ], [ 85.3177251, 27.7630492 ], [ 85.3174215, 27.7624992 ], [ 85.3172017, 27.7620846 ], [ 85.3170243, 27.7616771 ], [ 85.3168066, 27.7613313 ], [ 85.3165222, 27.7608934 ], [ 85.3163103, 27.7606134 ], [ 85.3161749, 27.7599905 ], [ 85.3160001, 27.7593353 ], [ 85.3159651, 27.7585495 ], [ 85.3159798, 27.7579787 ], [ 85.3161026, 27.7576734 ], [ 85.3161516, 27.7573759 ], [ 85.3161422, 27.7569548 ], [ 85.316303, 27.7566868 ], [ 85.3168741, 27.7563795 ], [ 85.3171568, 27.7561953 ], [ 85.3172205, 27.7556485 ], [ 85.3171428, 27.7550495 ], [ 85.3170551, 27.754722 ], [ 85.3167008, 27.7542211 ], [ 85.3163303, 27.753637 ], [ 85.3161107, 27.7531257 ], [ 85.3160423, 27.7524895 ], [ 85.3162301, 27.7519652 ], [ 85.3165548, 27.7515101 ], [ 85.3166619, 27.7512263 ], [ 85.3165846, 27.7509632 ], [ 85.3163722, 27.7505792 ], [ 85.3159887, 27.7500855 ], [ 85.3156441, 27.7495926 ], [ 85.3151508, 27.7486635 ], [ 85.3150371, 27.7483076 ], [ 85.3150267, 27.7478061 ], [ 85.3150153, 27.7468208 ], [ 85.3150738, 27.7463635 ], [ 85.3151464, 27.7459809 ], [ 85.3152287, 27.745145 ], [ 85.3152898, 27.7445725 ] ] } },
{ "type": "Feature", "properties": { "name": "Punyamati River", "waterway": "river" }, "geometry": { "type": "LineString", "coordinates": [ [ 85.515835, 27.6371623 ], [ 85.5158475, 27.6368735 ], [ 85.5158234, 27.6365602 ], [ 85.515827, 27.6359045 ], [ 85.5158301, 27.6358461 ], [ 85.5158468, 27.6355339 ], [ 85.5158422, 27.6353133 ], [ 85.5157997, 27.6351031 ], [ 85.5157537, 27.6350198 ], [ 85.5156634, 27.6349789 ], [ 85.5155263, 27.6349645 ], [ 85.5154049, 27.6350124 ], [ 85.5153077, 27.6350592 ], [ 85.5152936, 27.6350694 ], [ 85.5151623, 27.6350574 ], [ 85.5150602, 27.6349869 ], [ 85.5148302, 27.6348132 ], [ 85.5146311, 27.63472 ], [ 85.5145177, 27.6347252 ], [ 85.5143245, 27.6347188 ], [ 85.5141943, 27.6346563 ], [ 85.5140595, 27.6345713 ], [ 85.5139658, 27.6345152 ], [ 85.5139475, 27.6344829 ], [ 85.5139646, 27.6344134 ], [ 85.5140538, 27.634263 ], [ 85.5141573, 27.6341274 ], [ 85.5143661, 27.6340714 ], [ 85.5144405, 27.6340312 ], [ 85.514482, 27.6339529 ], [ 85.5145172, 27.6338688 ], [ 85.514517, 27.6337735 ], [ 85.5145732, 27.6337128 ], [ 85.5147251, 27.6336321 ], [ 85.5148722, 27.6336022 ], [ 85.5150195, 27.6335525 ], [ 85.5151581, 27.6335004 ], [ 85.5152095, 27.6334648 ], [ 85.5152536, 27.6334125 ], [ 85.5152739, 27.633363 ], [ 85.5152709, 27.6333008 ], [ 85.5152534, 27.6332061 ], [ 85.5152351, 27.633079 ], [ 85.5151688, 27.632966 ], [ 85.515085, 27.6328551 ], [ 85.5149123, 27.6327399 ], [ 85.514648, 27.63264 ], [ 85.5145424, 27.6325755 ], [ 85.5145213, 27.6325033 ], [ 85.5145544, 27.6324142 ], [ 85.5146775, 27.6321938 ], [ 85.5147035, 27.6319494 ], [ 85.5148262, 27.6316248 ], [ 85.5149473, 27.6314237 ], [ 85.5150987, 27.6312535 ], [ 85.5152726, 27.6310977 ], [ 85.5154437, 27.6309772 ], [ 85.5156415, 27.6308772 ], [ 85.5158674, 27.630775 ], [ 85.5160451, 27.6306554 ], [ 85.5163448, 27.6306074 ], [ 85.5166317, 27.6305105 ], [ 85.5167829, 27.6304564 ], [ 85.516938, 27.6304022 ], [ 85.5170502, 27.6303359 ], [ 85.5170807, 27.6302683 ], [ 85.5170827, 27.6301869 ], [ 85.5170816, 27.6300567 ], [ 85.5170552, 27.629946 ], [ 85.5170007, 27.629819 ], [ 85.5169866, 27.6297095 ], [ 85.5169832, 27.629608 ], [ 85.5169941, 27.6295104 ], [ 85.5169313, 27.6293657 ], [ 85.5167855, 27.6293049 ], [ 85.5166362, 27.6292493 ], [ 85.5164398, 27.6291539 ], [ 85.5163434, 27.6290709 ], [ 85.5163212, 27.6290292 ], [ 85.516366, 27.6289339 ], [ 85.5164096, 27.6288411 ], [ 85.5164546, 27.6287896 ], [ 85.5165493, 27.6286947 ], [ 85.5166885, 27.6286185 ], [ 85.516777, 27.6284955 ], [ 85.516816, 27.6283392 ], [ 85.5168872, 27.6282296 ], [ 85.5169705, 27.6281733 ], [ 85.5170592, 27.6281642 ], [ 85.517204, 27.6281993 ], [ 85.5173359, 27.6282226 ], [ 85.5175081, 27.6282049 ], [ 85.5176811, 27.628168 ], [ 85.5177642, 27.628135 ], [ 85.5178801, 27.6281189 ], [ 85.5179435, 27.6281768 ], [ 85.5180405, 27.6282064 ], [ 85.5181294, 27.6282223 ], [ 85.5183712, 27.6282142 ], [ 85.5185362, 27.6282086 ], [ 85.5189244, 27.6281008 ], [ 85.5190682, 27.6280622 ], [ 85.5191122, 27.6279671 ], [ 85.5191761, 27.6278153 ], [ 85.5192229, 27.6276169 ], [ 85.5192579, 27.6273896 ], [ 85.5193223, 27.6273198 ], [ 85.5194147, 27.6272584 ], [ 85.5196017, 27.6272249 ], [ 85.5196133, 27.6272217 ], [ 85.5201399, 27.6270778 ], [ 85.5203727, 27.6268929 ], [ 85.5208673, 27.6263422 ], [ 85.5214044, 27.6260569 ], [ 85.5215029, 27.6259772 ], [ 85.5216706, 27.6258415 ], [ 85.521875, 27.6256586 ], [ 85.522025, 27.6254333 ], [ 85.5220765, 27.6253318 ], [ 85.522124, 27.6251333 ], [ 85.5222326, 27.6248834 ], [ 85.522606, 27.6247716 ], [ 85.5228977, 27.6247564 ], [ 85.5231857, 27.6249416 ], [ 85.5233944, 27.6250659 ], [ 85.5236011, 27.6251998 ], [ 85.5238384, 27.6253293 ], [ 85.5240672, 27.6253761 ], [ 85.5243662, 27.6253727 ], [ 85.5246644, 27.6253745 ], [ 85.5249906, 27.6253966 ], [ 85.5251393, 27.6253649 ], [ 85.5252113, 27.6252849 ], [ 85.5252984, 27.6251648 ], [ 85.5253292, 27.625041 ], [ 85.5254142, 27.624913 ], [ 85.5255307, 27.6247599 ], [ 85.5259426, 27.624537 ], [ 85.5259346, 27.6240413 ], [ 85.5260275, 27.6236959 ], [ 85.5261249, 27.6235956 ], [ 85.5262831, 27.6235288 ], [ 85.5265133, 27.6233847 ], [ 85.5267747, 27.6228911 ], [ 85.5268869, 27.6227205 ], [ 85.5270086, 27.6225993 ], [ 85.5271563, 27.6223717 ], [ 85.5270815, 27.6222952 ], [ 85.5269537, 27.6222731 ], [ 85.5268996, 27.6221939 ], [ 85.5268683, 27.6219211 ], [ 85.5270315, 27.6217874 ], [ 85.527144, 27.6216513 ], [ 85.5271654, 27.6214947 ], [ 85.5272144, 27.6211621 ], [ 85.5273719, 27.6211112 ], [ 85.5275609, 27.6208661 ], [ 85.5279105, 27.6201263 ], [ 85.5280937, 27.6199025 ], [ 85.5281819, 27.6194851 ], [ 85.5283846, 27.6192339 ], [ 85.5283793, 27.619168 ], [ 85.5284539, 27.6189772 ], [ 85.5290546, 27.6185374 ], [ 85.529178, 27.6184988 ], [ 85.5292995, 27.6185415 ], [ 85.5294097, 27.6186749 ], [ 85.5298626, 27.6188338 ], [ 85.5300421, 27.6188999 ], [ 85.5301692, 27.6188811 ], [ 85.5302798, 27.6186659 ], [ 85.5303396, 27.6185314 ], [ 85.5304397, 27.6183988 ], [ 85.5305862, 27.6183387 ], [ 85.5306262, 27.6182489 ], [ 85.5306265, 27.618152 ], [ 85.5305289, 27.618055 ], [ 85.5302989, 27.618019 ], [ 85.5303051, 27.6179055 ], [ 85.5303885, 27.6176556 ], [ 85.5303854, 27.6175726 ], [ 85.5303947, 27.6173159 ], [ 85.5304095, 27.6171754 ], [ 85.5304435, 27.6170596 ], [ 85.5306059, 27.6169009 ], [ 85.5307478, 27.6167546 ], [ 85.5308373, 27.6166235 ], [ 85.5309844, 27.6163496 ], [ 85.53111, 27.6161091 ], [ 85.5311062, 27.6160367 ], [ 85.5310393, 27.6159723 ], [ 85.5310256, 27.6158903 ], [ 85.5312027, 27.6158536 ], [ 85.5312793, 27.6158104 ], [ 85.5313096, 27.6157499 ], [ 85.5313076, 27.6157126 ], [ 85.5312602, 27.6156442 ], [ 85.5312237, 27.6155584 ], [ 85.5312092, 27.6154742 ], [ 85.5310984, 27.6153826 ], [ 85.5311321, 27.6152262 ], [ 85.5312478, 27.6150988 ], [ 85.5318024, 27.6146175 ], [ 85.5319128, 27.6143592 ], [ 85.531843, 27.6139528 ], [ 85.5317974, 27.6136201 ], [ 85.5318538, 27.6133634 ], [ 85.5319155, 27.6130948 ], [ 85.531843, 27.6127882 ], [ 85.5316392, 27.6123271 ], [ 85.5313468, 27.6118708 ], [ 85.5310557, 27.6115114 ], [ 85.5308715, 27.6112939 ], [ 85.5307713, 27.610935 ], [ 85.5308617, 27.610367 ], [ 85.530926, 27.6101706 ], [ 85.5310929, 27.6101224 ], [ 85.5315384, 27.6098028 ], [ 85.5325295, 27.6092649 ], [ 85.5325816, 27.6091708 ] ] } },
{ "type": "Feature", "properties": { "name": "Manamati", "waterway": "river" }, "geometry": { "type": "LineString", "coordinates": [ [ 85.2780374, 27.7026234 ], [ 85.2781847, 27.702407 ], [ 85.2786357, 27.7015989 ], [ 85.2787481, 27.7014456 ], [ 85.278937, 27.7011281 ], [ 85.2789897, 27.7008396 ], [ 85.2789918, 27.7005796 ], [ 85.279068, 27.7004962 ], [ 85.280361, 27.6996185 ], [ 85.2807716, 27.6994157 ], [ 85.2810517, 27.6993927 ], [ 85.2812348, 27.6995504 ], [ 85.28152, 27.6995457 ], [ 85.2821395, 27.6995355 ], [ 85.2826461, 27.699633 ], [ 85.2827759, 27.6996445 ], [ 85.2831236, 27.6995496 ], [ 85.2834962, 27.6990167 ], [ 85.2836144, 27.6989692 ], [ 85.2838679, 27.699092 ], [ 85.2840645, 27.6993832 ], [ 85.2843504, 27.6994999 ], [ 85.284597, 27.699531 ], [ 85.2848644, 27.6994455 ], [ 85.285094, 27.6992678 ], [ 85.2853018, 27.6990234 ], [ 85.2857174, 27.6988037 ], [ 85.2857697, 27.6986543 ], [ 85.2858285, 27.6984744 ], [ 85.2859894, 27.6981891 ], [ 85.2861088, 27.6980863 ], [ 85.2862824, 27.6980052 ], [ 85.2865138, 27.6980311 ], [ 85.2866864, 27.6979481 ], [ 85.2867922, 27.6978089 ], [ 85.2868976, 27.6976071 ], [ 85.2872469, 27.6976774 ], [ 85.2876004, 27.6977733 ], [ 85.287875, 27.6978875 ], [ 85.2880945, 27.697906 ], [ 85.2882667, 27.6978613 ], [ 85.2883689, 27.6977799 ], [ 85.2884544, 27.6976451 ], [ 85.2885497, 27.6975429 ], [ 85.2889178, 27.6973562 ], [ 85.2890686, 27.6973746 ], [ 85.2894164, 27.6974183 ], [ 85.2895997, 27.6973818 ], [ 85.2898185, 27.6971972 ], [ 85.2899031, 27.6971469 ], [ 85.2898659, 27.6968135 ], [ 85.2898951, 27.6967478 ], [ 85.2901519, 27.6967555 ], [ 85.2904165, 27.6966199 ], [ 85.2910988, 27.6966265 ], [ 85.2912037, 27.6965355 ], [ 85.2913686, 27.6965189 ], [ 85.2915551, 27.6965575 ], [ 85.2917294, 27.696548 ], [ 85.2919118, 27.6964836 ], [ 85.2922336, 27.6962192 ], [ 85.2923448, 27.6962055 ], [ 85.2924512, 27.6963461 ], [ 85.2925409, 27.696457 ], [ 85.2926445, 27.6965356 ], [ 85.2928674, 27.6965008 ], [ 85.292978, 27.6964566 ], [ 85.2931586, 27.6962538 ], [ 85.2936, 27.6960772 ], [ 85.293762, 27.6960388 ], [ 85.2940911, 27.6961004 ], [ 85.2943339, 27.6960716 ], [ 85.2949484, 27.6963425 ], [ 85.2952668, 27.6963955 ], [ 85.2954535, 27.6963803 ], [ 85.2956624, 27.6962694 ], [ 85.2957888, 27.6964487 ], [ 85.2959523, 27.696572 ], [ 85.2962181, 27.6965351 ], [ 85.2967924, 27.696601 ], [ 85.2971019, 27.6966371 ], [ 85.2973133, 27.6965875 ], [ 85.2974785, 27.696395 ], [ 85.2977807, 27.6963727 ], [ 85.2981968, 27.6963175 ], [ 85.2993552, 27.6959166 ], [ 85.299858, 27.6956769 ], [ 85.3002597, 27.6952437 ] ] } },
{ "type": "Feature", "properties": { "name": "Kasan Khola", "waterway": "stream" }, "geometry": { "type": "LineString", "coordinates": [ [ 85.4154708, 27.678746 ], [ 85.4149437, 27.6787222 ], [ 85.4144417, 27.6786994 ], [ 85.4141701, 27.6787104 ], [ 85.4138599, 27.6787502 ], [ 85.41356, 27.678812 ], [ 85.4132843, 27.6789094 ], [ 85.4131171, 27.67902 ], [ 85.4125234, 27.6794446 ], [ 85.4121218, 27.679681 ], [ 85.4119964, 27.6797305 ], [ 85.4118004, 27.6797659 ], [ 85.4116551, 27.6797546 ], [ 85.4115796, 27.6797231 ], [ 85.4114873, 27.679669 ], [ 85.4113357, 27.6793842 ], [ 85.4111826, 27.6790342 ], [ 85.4108268, 27.6787341 ], [ 85.4090275, 27.6776991 ], [ 85.4088231, 27.6776048 ] ] } },
{ "type": "Feature", "properties": { "name": "Balkhu River", "waterway": "river" }, "geometry": { "type": "LineString", "coordinates": [ [ 85.2624918, 27.6816657 ], [ 85.2626732, 27.6816462 ], [ 85.2628964, 27.6814718 ], [ 85.2631893, 27.6813144 ], [ 85.2634187, 27.6811929 ], [ 85.263696, 27.6809804 ], [ 85.2638166, 27.6807743 ], [ 85.263917, 27.6804482 ], [ 85.2640185, 27.6801581 ], [ 85.2641569, 27.6798921 ], [ 85.2645244, 27.6794997 ], [ 85.2646538, 27.6793656 ], [ 85.2648267, 27.6792541 ], [ 85.2650861, 27.679034 ], [ 85.2652926, 27.6789492 ], [ 85.265486, 27.6789591 ], [ 85.2656832, 27.6789605 ], [ 85.2658743, 27.6788665 ], [ 85.2661202, 27.6788751 ], [ 85.2662594, 27.6789213 ], [ 85.2662984, 27.6790001 ], [ 85.2662968, 27.67917 ], [ 85.2662955, 27.6793124 ], [ 85.2662989, 27.6794825 ], [ 85.2663386, 27.6795947 ], [ 85.2664799, 27.6796659 ], [ 85.2667148, 27.6796848 ], [ 85.2668408, 27.6797709 ], [ 85.2669754, 27.6799108 ], [ 85.2670396, 27.6800502 ], [ 85.2670641, 27.6802344 ], [ 85.2672261, 27.6804615 ], [ 85.2673223, 27.6806139 ], [ 85.2674614, 27.6807657 ], [ 85.2676486, 27.6808699 ], [ 85.267828, 27.6809812 ], [ 85.2679146, 27.6811004 ], [ 85.2680397, 27.6813007 ], [ 85.2681035, 27.6813577 ], [ 85.2681656, 27.6813811 ], [ 85.2683444, 27.6813697 ], [ 85.2684497, 27.6814341 ], [ 85.2685697, 27.6814462 ], [ 85.2688875, 27.6813595 ], [ 85.2690826, 27.6813597 ], [ 85.2692631, 27.6814244 ], [ 85.2693442, 27.6815456 ], [ 85.2693683, 27.6816989 ], [ 85.2694214, 27.6818329 ], [ 85.2695745, 27.6819412 ], [ 85.2697286, 27.6820267 ], [ 85.2699645, 27.6821465 ], [ 85.2704176, 27.6822351 ], [ 85.2704644, 27.6825034 ], [ 85.2705056, 27.6826512 ], [ 85.2704437, 27.6828395 ], [ 85.2701767, 27.6830551 ], [ 85.2701001, 27.6831888 ], [ 85.2700393, 27.6833665 ], [ 85.2699526, 27.6835282 ], [ 85.2699062, 27.6836255 ], [ 85.2699031, 27.6837104 ], [ 85.2700455, 27.683772 ], [ 85.2701831, 27.6837501 ], [ 85.2705539, 27.6839269 ], [ 85.2706808, 27.6840703 ], [ 85.2709652, 27.6840935 ], [ 85.2714072, 27.6841168 ], [ 85.2717922, 27.6842175 ], [ 85.272046, 27.6842717 ], [ 85.2723304, 27.6843221 ], [ 85.2724427, 27.6843762 ], [ 85.2724755, 27.6845515 ], [ 85.2724036, 27.6846053 ], [ 85.2722917, 27.6847505 ], [ 85.27223, 27.6848821 ], [ 85.2722092, 27.6849837 ], [ 85.2722145, 27.6851303 ], [ 85.2722407, 27.6853368 ], [ 85.272284, 27.685483 ], [ 85.2723367, 27.6855841 ], [ 85.272406, 27.685661 ], [ 85.2725183, 27.6857163 ], [ 85.272643, 27.6857504 ], [ 85.2729869, 27.685756 ], [ 85.273202, 27.6857441 ], [ 85.2734279, 27.6857111 ], [ 85.2736069, 27.6857311 ], [ 85.273757, 27.6857843 ], [ 85.2739163, 27.68586 ], [ 85.2740956, 27.685994 ], [ 85.2741804, 27.6860916 ], [ 85.2742209, 27.6861726 ], [ 85.2742189, 27.6862362 ], [ 85.2740876, 27.6865443 ], [ 85.2740141, 27.6867803 ], [ 85.2739735, 27.6869332 ], [ 85.2739662, 27.6870578 ], [ 85.2739649, 27.6873776 ], [ 85.2739771, 27.6874579 ], [ 85.2740133, 27.687556 ], [ 85.274087, 27.6876384 ], [ 85.2741879, 27.6877367 ], [ 85.2742382, 27.6877796 ], [ 85.2744482, 27.6878377 ], [ 85.2748153, 27.6879085 ], [ 85.2751811, 27.6880275 ], [ 85.2752271, 27.6880488 ], [ 85.2754314, 27.6880465 ], [ 85.2757325, 27.6880095 ], [ 85.2760845, 27.6879677 ], [ 85.2762481, 27.6879515 ], [ 85.2764239, 27.6879662 ], [ 85.2765784, 27.6880537 ], [ 85.2766702, 27.6882889 ], [ 85.2767422, 27.6884084 ], [ 85.2769182, 27.6885587 ], [ 85.2770534, 27.688676 ], [ 85.2772067, 27.6888813 ], [ 85.2771871, 27.6889626 ], [ 85.2770965, 27.6890436 ], [ 85.2769619, 27.6890899 ], [ 85.2768493, 27.6891241 ], [ 85.2767248, 27.6891784 ], [ 85.2764049, 27.6894122 ], [ 85.2762565, 27.6895028 ], [ 85.2761788, 27.6895726 ], [ 85.2761276, 27.6896488 ], [ 85.276094, 27.6898422 ], [ 85.2760281, 27.6899975 ], [ 85.2759618, 27.6901414 ], [ 85.2758771, 27.6902535 ], [ 85.2758021, 27.6903429 ], [ 85.2757956, 27.6903847 ], [ 85.275804, 27.6904385 ], [ 85.2758553, 27.6905228 ], [ 85.2758961, 27.6906138 ], [ 85.2758837, 27.6906858 ], [ 85.2758228, 27.6908174 ], [ 85.2758145, 27.6908699 ], [ 85.2758487, 27.6909216 ], [ 85.2759346, 27.6909875 ], [ 85.2760226, 27.6910488 ], [ 85.2763659, 27.6912273 ], [ 85.2766162, 27.691352 ], [ 85.2767515, 27.6914259 ], [ 85.2768876, 27.6915181 ], [ 85.2769262, 27.6915478 ], [ 85.2769784, 27.6916229 ], [ 85.277237, 27.6918076 ], [ 85.2773688, 27.6919017 ], [ 85.2774628, 27.6919407 ], [ 85.2775398, 27.6919402 ], [ 85.2775996, 27.6919162 ], [ 85.2776542, 27.6918727 ], [ 85.2777181, 27.6917588 ], [ 85.2777698, 27.691612 ], [ 85.2777934, 27.6915659 ], [ 85.2779061, 27.6914292 ], [ 85.2780716, 27.6912592 ], [ 85.2781165, 27.691193 ], [ 85.278148, 27.6911465 ], [ 85.2781464, 27.6910996 ], [ 85.2780742, 27.6909576 ], [ 85.2780496, 27.6908729 ], [ 85.2780337, 27.6907184 ], [ 85.2780412, 27.6905871 ], [ 85.2780565, 27.6905499 ], [ 85.2781029, 27.6904949 ], [ 85.2782469, 27.6903734 ], [ 85.2783171, 27.6903027 ], [ 85.2783724, 27.6902627 ], [ 85.27846, 27.6902357 ], [ 85.2785155, 27.6902338 ], [ 85.2786003, 27.6902348 ], [ 85.2787022, 27.6902666 ], [ 85.278819, 27.6902895 ], [ 85.2791199, 27.6903278 ], [ 85.2795336, 27.6903609 ], [ 85.280055, 27.6904108 ], [ 85.2802771, 27.6904223 ], [ 85.2803684, 27.690427 ], [ 85.2804678, 27.6904496 ], [ 85.2805439, 27.6904852 ], [ 85.280628, 27.6905369 ], [ 85.2807662, 27.6906417 ], [ 85.2810554, 27.6908657 ], [ 85.2811204, 27.6908921 ], [ 85.281196, 27.6908973 ], [ 85.2812658, 27.6908888 ], [ 85.2813229, 27.6908738 ], [ 85.2813751, 27.6908582 ], [ 85.2814398, 27.6908202 ], [ 85.2816912, 27.6906373 ], [ 85.2820538, 27.6903308 ], [ 85.2822014, 27.6902134 ], [ 85.282574, 27.6899461 ], [ 85.2828279, 27.6897474 ], [ 85.2829099, 27.6896974 ], [ 85.2829805, 27.6896668 ], [ 85.2830427, 27.6896511 ], [ 85.2831259, 27.6896454 ], [ 85.2831769, 27.68965 ], [ 85.2831984, 27.6896595 ], [ 85.2832352, 27.6896902 ], [ 85.2833017, 27.6897667 ], [ 85.2833421, 27.6897942 ], [ 85.2833664, 27.6898012 ], [ 85.2834224, 27.6897954 ], [ 85.2835151, 27.6897289 ], [ 85.2835768, 27.6897143 ], [ 85.2836905, 27.6897367 ], [ 85.2838487, 27.6897921 ], [ 85.2840003, 27.6898573 ], [ 85.2840944, 27.6899091 ], [ 85.284255, 27.6900365 ], [ 85.2843492, 27.6901267 ], [ 85.2843838, 27.6901702 ], [ 85.2844133, 27.6902257 ], [ 85.2844193, 27.6902567 ], [ 85.2844106, 27.6902956 ], [ 85.2843841, 27.6903271 ], [ 85.2841288, 27.6905153 ], [ 85.2840375, 27.6905954 ], [ 85.2840094, 27.6906404 ], [ 85.2840115, 27.6907069 ], [ 85.2840356, 27.6907894 ], [ 85.2840731, 27.6908762 ], [ 85.2841359, 27.6909887 ], [ 85.2842019, 27.6910821 ], [ 85.2842645, 27.6911758 ], [ 85.2843092, 27.6912426 ], [ 85.2843592, 27.6912811 ], [ 85.2844224, 27.6913042 ], [ 85.2845252, 27.6913168 ], [ 85.284615, 27.6913125 ], [ 85.2846596, 27.6913031 ], [ 85.2847452, 27.6912586 ], [ 85.2850089, 27.691115 ], [ 85.2851001, 27.6910395 ], [ 85.285185, 27.6909245 ], [ 85.2852419, 27.6908316 ], [ 85.2853721, 27.6905707 ], [ 85.28541, 27.6904841 ], [ 85.2854187, 27.6903977 ], [ 85.285411, 27.6902962 ], [ 85.2854001, 27.6901862 ], [ 85.2854025, 27.6900766 ], [ 85.2854204, 27.6899862 ], [ 85.2854648, 27.6899125 ], [ 85.2855251, 27.6898457 ], [ 85.285661, 27.6897352 ], [ 85.2857802, 27.6896678 ], [ 85.2859208, 27.6896156 ], [ 85.2859988, 27.6895979 ], [ 85.2860763, 27.6895897 ], [ 85.286148, 27.6895926 ], [ 85.2862141, 27.6896049 ], [ 85.2862747, 27.6896253 ], [ 85.2863797, 27.689684 ], [ 85.2864641, 27.6897566 ], [ 85.2865755, 27.6898948 ], [ 85.2865997, 27.689917 ], [ 85.2866334, 27.6899297 ], [ 85.2866743, 27.6899344 ], [ 85.2867692, 27.6899257 ], [ 85.2868666, 27.6899022 ], [ 85.2869985, 27.6898563 ], [ 85.2870055, 27.6898534 ], [ 85.2873982, 27.6897143 ], [ 85.2875365, 27.6896975 ], [ 85.2877217, 27.689702 ], [ 85.2878618, 27.6897307 ], [ 85.2879411, 27.6897304 ], [ 85.2880111, 27.6897073 ], [ 85.2880564, 27.6896814 ], [ 85.2880883, 27.6896441 ], [ 85.2880985, 27.6896023 ], [ 85.2880924, 27.6895568 ], [ 85.2880469, 27.6894816 ], [ 85.287945, 27.6893462 ], [ 85.2878548, 27.6892098 ], [ 85.2878066, 27.6891303 ], [ 85.2877934, 27.6890703 ], [ 85.2878495, 27.6889648 ], [ 85.2880161, 27.6888116 ], [ 85.2880973, 27.6887628 ], [ 85.2882527, 27.6887036 ], [ 85.2883522, 27.6886647 ], [ 85.2887125, 27.6885628 ], [ 85.2889622, 27.6885211 ], [ 85.2891067, 27.6885104 ], [ 85.2892132, 27.6885097 ], [ 85.2892718, 27.6885177 ], [ 85.2893227, 27.6885389 ], [ 85.2893663, 27.6885924 ], [ 85.289522, 27.6889353 ], [ 85.2896265, 27.6892574 ], [ 85.2896911, 27.6894091 ], [ 85.2897693, 27.6894589 ], [ 85.2899412, 27.6894329 ], [ 85.2900929, 27.6894213 ], [ 85.2901943, 27.689448 ], [ 85.2903284, 27.6895399 ], [ 85.2904518, 27.6896929 ], [ 85.2905276, 27.689728 ], [ 85.2906069, 27.6897346 ], [ 85.2907229, 27.6897186 ], [ 85.2908494, 27.6896492 ], [ 85.2909248, 27.6895905 ], [ 85.290979, 27.6895065 ], [ 85.2910468, 27.6892478 ], [ 85.2910588, 27.6891024 ], [ 85.2910724, 27.6889766 ], [ 85.2911205, 27.6889029 ], [ 85.2912278, 27.6887591 ], [ 85.2913233, 27.688674 ], [ 85.291443, 27.6885086 ], [ 85.2916353, 27.6883205 ], [ 85.2917652, 27.6882469 ], [ 85.2919047, 27.6882064 ], [ 85.2920411, 27.6881234 ], [ 85.2922541, 27.6879932 ], [ 85.2924767, 27.6878461 ], [ 85.2926471, 27.6876311 ], [ 85.2927494, 27.6874471 ], [ 85.2928239, 27.6873113 ], [ 85.2928505, 27.6872076 ], [ 85.2928517, 27.6869314 ], [ 85.2928379, 27.6866098 ], [ 85.2928546, 27.686461 ], [ 85.2929103, 27.6864136 ], [ 85.2930147, 27.6863948 ], [ 85.2932958, 27.6865268 ], [ 85.293455, 27.6865946 ], [ 85.2935487, 27.6866021 ], [ 85.2937213, 27.6865832 ], [ 85.2937695, 27.6865892 ], [ 85.2938234, 27.6866039 ], [ 85.2938783, 27.6866323 ], [ 85.2939142, 27.6866645 ], [ 85.2939658, 27.6867161 ], [ 85.2939885, 27.6867864 ], [ 85.2940031, 27.6868756 ], [ 85.2939964, 27.6869159 ], [ 85.2939807, 27.6869674 ], [ 85.2938929, 27.6871514 ], [ 85.2938728, 27.6872425 ], [ 85.2938941, 27.6873141 ], [ 85.2939677, 27.6873662 ], [ 85.2942889, 27.6875182 ], [ 85.2943635, 27.6875484 ], [ 85.2946936, 27.6876597 ], [ 85.2948939, 27.6877314 ], [ 85.2951529, 27.6878013 ], [ 85.2953394, 27.6878409 ], [ 85.2955232, 27.687872 ], [ 85.2957736, 27.6878879 ], [ 85.296008, 27.6879125 ], [ 85.2962337, 27.6879426 ], [ 85.2964165, 27.6879648 ], [ 85.2965401, 27.6879244 ], [ 85.2965638, 27.6877541 ], [ 85.2965277, 27.6876363 ], [ 85.2964721, 27.687503 ], [ 85.2963922, 27.687323 ], [ 85.2963476, 27.6869532 ], [ 85.2964253, 27.6868102 ], [ 85.2963973, 27.6865136 ], [ 85.2963919, 27.6862447 ], [ 85.2964152, 27.6861449 ], [ 85.2965277, 27.6860609 ], [ 85.2969719, 27.685922 ], [ 85.297229, 27.6858737 ], [ 85.2974786, 27.6858256 ], [ 85.2977604, 27.6857568 ], [ 85.2978277, 27.6856267 ], [ 85.297853, 27.6853718 ], [ 85.2978751, 27.68517 ], [ 85.2978324, 27.6846724 ], [ 85.2978669, 27.684492 ], [ 85.2980387, 27.6843101 ], [ 85.2980849, 27.684178 ], [ 85.2980679, 27.6837756 ], [ 85.2980795, 27.6835452 ], [ 85.298415, 27.683159 ], [ 85.2986515, 27.6830289 ], [ 85.2989772, 27.6829532 ], [ 85.2993589, 27.6828645 ] ] } },
{ "type": "Feature", "properties": { "name": "Bishnumati", "waterway": "river" }, "geometry": { "type": "LineString", "coordinates": [ [ 85.3028037, 27.7001904 ], [ 85.3028173, 27.699976 ], [ 85.3028045, 27.6997288 ], [ 85.3027932, 27.6995303 ], [ 85.3027382, 27.6993023 ], [ 85.3026583, 27.6989635 ], [ 85.3025287, 27.6985779 ], [ 85.3023098, 27.6980889 ], [ 85.3022825, 27.6979551 ], [ 85.3021652, 27.6977923 ], [ 85.3019781, 27.6975376 ], [ 85.3015518, 27.6969129 ], [ 85.3013451, 27.6966999 ], [ 85.3009113, 27.696196 ], [ 85.3007125, 27.695955 ], [ 85.3004705, 27.6956753 ], [ 85.3003845, 27.6954546 ], [ 85.3002597, 27.6952437 ], [ 85.3000878, 27.6948164 ], [ 85.2998678, 27.694391 ], [ 85.2997959, 27.6941321 ], [ 85.2996883, 27.6937273 ], [ 85.2996618, 27.6934741 ], [ 85.2996822, 27.6933226 ], [ 85.2997342, 27.6931704 ], [ 85.299908, 27.6929601 ], [ 85.3003787, 27.6926795 ], [ 85.3009852, 27.6923701 ], [ 85.3018994, 27.6918739 ], [ 85.3022296, 27.6917319 ], [ 85.3022954, 27.6916626 ], [ 85.3023442, 27.6916112 ], [ 85.3023639, 27.6915154 ], [ 85.3023308, 27.6914632 ] ] } },
{ "type": "Feature", "properties": { "name": "Samakhushi", "waterway": "river" }, "geometry": { "type": "LineString", "coordinates": [ [ 85.3291845, 27.7377871 ], [ 85.3290133, 27.7378512 ], [ 85.3286467, 27.7379238 ], [ 85.3284745, 27.7379583 ], [ 85.3282586, 27.738153 ], [ 85.3280069, 27.7381356 ], [ 85.3277364, 27.738155 ], [ 85.3275486, 27.7381903 ], [ 85.3271536, 27.7383573 ], [ 85.3269964, 27.7382882 ], [ 85.3269199, 27.7381984 ], [ 85.3268093, 27.7380487 ], [ 85.3267484, 27.7379169 ], [ 85.326639, 27.7378219 ], [ 85.3266261, 27.7378107 ], [ 85.3264824, 27.7377065 ], [ 85.3262948, 27.7376153 ], [ 85.3261699, 27.7375759 ], [ 85.3260953, 27.7375564 ], [ 85.3259156, 27.7374562 ], [ 85.3258099, 27.7373777 ], [ 85.3256828, 27.7372354 ], [ 85.3255966, 27.7371365 ], [ 85.3254727, 27.7369436 ], [ 85.3253639, 27.7368026 ], [ 85.325094, 27.7365871 ], [ 85.3249613, 27.7364898 ], [ 85.3247788, 27.736368 ], [ 85.3246643, 27.7362818 ], [ 85.3246128, 27.7362296 ], [ 85.3245797, 27.7361594 ], [ 85.3244288, 27.73574 ], [ 85.3243958, 27.7356959 ], [ 85.3243234, 27.7356345 ], [ 85.3240832, 27.7354848 ], [ 85.3237281, 27.7352937 ], [ 85.3236188, 27.7352286 ], [ 85.3234897, 27.7351707 ], [ 85.323394, 27.7351146 ], [ 85.323307, 27.7350501 ], [ 85.3232128, 27.734946 ], [ 85.32314, 27.7348758 ], [ 85.3230607, 27.7348262 ], [ 85.3225924, 27.7345058 ], [ 85.3224627, 27.7344669 ], [ 85.3223647, 27.7344578 ], [ 85.3222611, 27.7344602 ], [ 85.3221743, 27.7344801 ], [ 85.3220774, 27.7345111 ], [ 85.3218574, 27.7345811 ], [ 85.3217016, 27.7346112 ], [ 85.3215952, 27.7346034 ], [ 85.3215342, 27.7345837 ], [ 85.3214681, 27.7345423 ], [ 85.3214249, 27.7344946 ], [ 85.3213898, 27.7344409 ], [ 85.3212614, 27.7341767 ], [ 85.3211566, 27.7339624 ], [ 85.3209619, 27.7337615 ], [ 85.3206945, 27.7335357 ], [ 85.3204761, 27.7333189 ], [ 85.3201335, 27.7329818 ], [ 85.319874, 27.7327875 ], [ 85.3196395, 27.7325711 ], [ 85.3194998, 27.7323922 ], [ 85.3194149, 27.7322155 ], [ 85.3194149, 27.7319858 ], [ 85.3194, 27.7317583 ], [ 85.3193474, 27.7315428 ], [ 85.3192153, 27.7312702 ], [ 85.3190332, 27.7311001 ], [ 85.3188735, 27.7309478 ], [ 85.3187687, 27.7308439 ], [ 85.3186404, 27.7307298 ], [ 85.3184817, 27.7306054 ], [ 85.3183195, 27.7304464 ], [ 85.3181829, 27.7303572 ], [ 85.3180329, 27.7302407 ], [ 85.3178827, 27.7301053 ], [ 85.3178369, 27.7300431 ], [ 85.3177818, 27.7299627 ], [ 85.3176971, 27.7298534 ], [ 85.3176563, 27.7297928 ], [ 85.3176258, 27.7297109 ], [ 85.3176475, 27.7297003 ], [ 85.3175953, 27.7295438 ], [ 85.3175599, 27.7294664 ], [ 85.3175246, 27.7294076 ], [ 85.3174562, 27.7293313 ], [ 85.3174578, 27.7293116 ], [ 85.317297, 27.7292034 ], [ 85.3171534, 27.7290945 ], [ 85.3170767, 27.7290306 ], [ 85.3170219, 27.7289557 ], [ 85.3169303, 27.7288865 ], [ 85.3168711, 27.7288257 ], [ 85.3167409, 27.7287357 ], [ 85.3165958, 27.7287299 ], [ 85.3161269, 27.7287423 ], [ 85.3160067, 27.7287395 ], [ 85.3159263, 27.7287249 ], [ 85.3158702, 27.7287067 ], [ 85.3156371, 27.7286025 ], [ 85.314959, 27.7282965 ], [ 85.3148253, 27.728231 ], [ 85.3147465, 27.7281745 ], [ 85.3146421, 27.7280998 ], [ 85.3145252, 27.7280492 ], [ 85.3143254, 27.7279691 ], [ 85.3141236, 27.7279783 ], [ 85.3139714, 27.7279918 ], [ 85.3138204, 27.728008 ], [ 85.3135416, 27.7280503 ], [ 85.3131965, 27.7281538 ], [ 85.3131045, 27.728196 ], [ 85.3129781, 27.7282699 ], [ 85.3127996, 27.7283641 ], [ 85.3126077, 27.7284322 ], [ 85.3123937, 27.7284398 ], [ 85.3121602, 27.728443 ], [ 85.3118849, 27.7284908 ], [ 85.3116052, 27.7285394 ], [ 85.3112849, 27.7285989 ], [ 85.3110722, 27.7286443 ], [ 85.3109243, 27.7286627 ], [ 85.3107237, 27.7286709 ], [ 85.3104543, 27.728683 ], [ 85.3103473, 27.7286941 ], [ 85.3102376, 27.7287171 ], [ 85.3101066, 27.728749 ], [ 85.309988, 27.7287849 ], [ 85.3099402, 27.7288119 ], [ 85.3098541, 27.7288755 ], [ 85.3097669, 27.7289064 ], [ 85.3094852, 27.7289227 ], [ 85.3093791, 27.7289185 ], [ 85.3090228, 27.7289145 ], [ 85.3088489, 27.7289171 ], [ 85.308519, 27.7288659 ], [ 85.3083706, 27.7288419 ], [ 85.3082457, 27.7287646 ], [ 85.3076762, 27.7286905 ], [ 85.3075933, 27.7286767 ], [ 85.3075353, 27.728663 ], [ 85.3073442, 27.7285893 ], [ 85.3071455, 27.7285285 ], [ 85.3067152, 27.7285046 ] ] } },
{ "type": "Feature", "properties": { "name": "Hanumante River", "waterway": "stream" }, "geometry": { "type": "LineString", "coordinates": [ [ 85.4258623, 27.6791342 ], [ 85.42547, 27.6790199 ], [ 85.4248951, 27.6790559 ], [ 85.4246399, 27.6790395 ], [ 85.4243283, 27.6789661 ], [ 85.4239468, 27.678954 ], [ 85.4235355, 27.6789132 ], [ 85.4231389, 27.6788095 ], [ 85.4228656, 27.6786798 ], [ 85.4225671, 27.6785441 ] ] } },
{ "type": "Feature", "properties": { "name": "Kasan Khola", "waterway": "stream" }, "geometry": { "type": "LineString", "coordinates": [ [ 85.4225671, 27.6785441 ], [ 85.4224015, 27.6784873 ], [ 85.4219435, 27.6783637 ], [ 85.4204034, 27.6780789 ], [ 85.4199384, 27.6782376 ], [ 85.4195339, 27.6783145 ], [ 85.4190596, 27.6783391 ], [ 85.4187567, 27.6782555 ], [ 85.4180718, 27.6779865 ], [ 85.4178582, 27.6779177 ], [ 85.4175971, 27.6778456 ], [ 85.4173939, 27.6778174 ], [ 85.4169628, 27.6778285 ], [ 85.4167691, 27.6778796 ], [ 85.4165906, 27.67796 ], [ 85.4161816, 27.678235 ], [ 85.4156533, 27.6786468 ], [ 85.4154708, 27.678746 ] ] } },
{ "type": "Feature", "properties": { "name": "Kasan Khola", "waterway": "stream" }, "geometry": { "type": "LineString", "coordinates": [ [ 85.4524416, 27.6952482 ], [ 85.4522561, 27.6950912 ], [ 85.452169, 27.694957 ], [ 85.4522403, 27.6947334 ], [ 85.4522508, 27.6945312 ], [ 85.4521196, 27.6943872 ], [ 85.4520172, 27.6940467 ], [ 85.4520172, 27.6938113 ], [ 85.4518126, 27.6934762 ], [ 85.4515046, 27.6931767 ], [ 85.451417, 27.6931432 ], [ 85.4512071, 27.6930222 ], [ 85.4506884, 27.6927946 ], [ 85.4499494, 27.6925373 ], [ 85.4488285, 27.6919665 ], [ 85.4485667, 27.6918442 ], [ 85.4483662, 27.6917903 ], [ 85.4481824, 27.6917148 ], [ 85.4480247, 27.6916906 ], [ 85.4479811, 27.6916093 ], [ 85.447924, 27.6914235 ], [ 85.4476123, 27.6913311 ], [ 85.4473921, 27.6912912 ], [ 85.4470613, 27.6911282 ], [ 85.4468908, 27.6910784 ], [ 85.4467035, 27.6910663 ], [ 85.4464422, 27.6910784 ], [ 85.4462943, 27.6910684 ], [ 85.4461844, 27.6910739 ], [ 85.4458594, 27.6908946 ], [ 85.4452542, 27.6909752 ], [ 85.445104, 27.691039 ], [ 85.4448352, 27.6909977 ], [ 85.4445769, 27.6909303 ], [ 85.4440024, 27.6907045 ], [ 85.4436844, 27.6905895 ], [ 85.4433496, 27.6905258 ], [ 85.4427871, 27.6904778 ], [ 85.4425186, 27.6904975 ], [ 85.4422512, 27.690418 ], [ 85.4421588, 27.6901909 ], [ 85.4419468, 27.6900374 ], [ 85.4411231, 27.6899839 ], [ 85.439872, 27.689145 ], [ 85.4395972, 27.6892027 ], [ 85.438723, 27.6888929 ], [ 85.4385274, 27.6888275 ], [ 85.4383812, 27.6888001 ], [ 85.4382452, 27.688771 ], [ 85.4380086, 27.6886938 ], [ 85.4379218, 27.6885209 ], [ 85.4374951, 27.6880727 ], [ 85.4374879, 27.6879254 ], [ 85.4376036, 27.6877525 ], [ 85.4377627, 27.6870864 ], [ 85.4377121, 27.6868239 ], [ 85.4374866, 27.6864755 ], [ 85.4373191, 27.6862166 ], [ 85.4371466, 27.6860463 ], [ 85.4367682, 27.6859633 ], [ 85.4364716, 27.6857731 ], [ 85.4362774, 27.6856196 ], [ 85.4362096, 27.6848303 ], [ 85.4363119, 27.6845767 ], [ 85.4362607, 27.6842506 ], [ 85.4361892, 27.6840514 ], [ 85.4360766, 27.683988 ], [ 85.435821, 27.68368 ], [ 85.4356071, 27.6825073 ], [ 85.4358412, 27.6813753 ], [ 85.4357473, 27.6808054 ], [ 85.4357401, 27.6804242 ], [ 85.4356211, 27.6802749 ], [ 85.435459, 27.6801551 ], [ 85.4349979, 27.6799578 ], [ 85.433791, 27.6798126 ], [ 85.4331284, 27.6794364 ], [ 85.432442, 27.67926 ], [ 85.4320129, 27.6792286 ], [ 85.4318775, 27.679292 ], [ 85.4317879, 27.6793816 ], [ 85.4315917, 27.6795389 ], [ 85.4313257, 27.6796486 ], [ 85.4306387, 27.6797382 ], [ 85.4299516, 27.6797446 ], [ 85.42937, 27.6794184 ], [ 85.4286478, 27.6792327 ], [ 85.4279213, 27.6791464 ], [ 85.4274114, 27.6793553 ], [ 85.4271727, 27.6793765 ], [ 85.4267899, 27.6793348 ], [ 85.426266, 27.6791967 ], [ 85.4258623, 27.6791342 ] ] } },
{ "type": "Feature", "properties": { "name": "Chikhu", "waterway": "stream" }, "geometry": { "type": "LineString", "coordinates": [ [ 85.2783662, 27.6736225 ], [ 85.2784308, 27.6735539 ], [ 85.2784911, 27.6735195 ], [ 85.2785299, 27.6734738 ], [ 85.2785686, 27.6734471 ], [ 85.2786176, 27.6734632 ], [ 85.2787495, 27.6734659 ], [ 85.2788532, 27.6734515 ], [ 85.2790354, 27.6733156 ], [ 85.2791245, 27.6731715 ], [ 85.2792573, 27.6731003 ], [ 85.2793562, 27.6730079 ], [ 85.2794602, 27.6729482 ], [ 85.2795793, 27.672919 ], [ 85.2796436, 27.6729091 ], [ 85.2796753, 27.6729243 ], [ 85.2797447, 27.6729135 ], [ 85.2798009, 27.6728841 ], [ 85.2798475, 27.6728601 ], [ 85.2799218, 27.6728315 ], [ 85.2800006, 27.6728378 ], [ 85.2800723, 27.6728549 ], [ 85.2801399, 27.6728905 ], [ 85.2802545, 27.6729116 ], [ 85.2803109, 27.6729039 ], [ 85.2803724, 27.6729002 ], [ 85.280376, 27.6729 ], [ 85.2804454, 27.6728962 ], [ 85.2805014, 27.6728808 ], [ 85.2805149, 27.6728885 ], [ 85.2805908, 27.6728885 ], [ 85.2806494, 27.6728904 ], [ 85.2807058, 27.6728866 ], [ 85.2807535, 27.6728808 ], [ 85.2808381, 27.672877 ], [ 85.2809401, 27.6728731 ], [ 85.2810095, 27.6728674 ], [ 85.2810681, 27.6728712 ], [ 85.2811548, 27.6728751 ], [ 85.2812221, 27.6728751 ], [ 85.2813089, 27.6728751 ], [ 85.2813653, 27.672877 ], [ 85.2814477, 27.6728827 ], [ 85.2814868, 27.6728827 ], [ 85.2815388, 27.672877 ], [ 85.28158, 27.6728808 ], [ 85.2816278, 27.6728789 ], [ 85.2817167, 27.6728731 ], [ 85.2817753, 27.672877 ], [ 85.2818425, 27.6728731 ], [ 85.2819163, 27.6728674 ], [ 85.2819421, 27.6728659 ], [ 85.2819836, 27.6728635 ], [ 85.2820335, 27.6728693 ], [ 85.2820726, 27.6728791 ], [ 85.282093, 27.6728914 ], [ 85.282093, 27.6729744 ], [ 85.282093, 27.6730316 ], [ 85.2820919, 27.6730774 ], [ 85.2820876, 27.6731108 ], [ 85.2820839, 27.6731341 ], [ 85.2820763, 27.6731789 ], [ 85.2820709, 27.6732171 ], [ 85.2820666, 27.6732371 ], [ 85.2820596, 27.6732671 ], [ 85.2820569, 27.6732905 ], [ 85.2820537, 27.673321 ], [ 85.2820575, 27.673402 ], [ 85.2820672, 27.6735241 ], [ 85.2820716, 27.6735967 ], [ 85.2820758, 27.6736652 ], [ 85.2820876, 27.6738092 ], [ 85.2821235, 27.6738619 ], [ 85.2821364, 27.6738963 ], [ 85.2821471, 27.6739497 ], [ 85.2821515, 27.6740355 ], [ 85.2821536, 27.6740698 ], [ 85.2821342, 27.6741022 ], [ 85.2821062, 27.6741099 ], [ 85.2820718, 27.674127 ], [ 85.2820567, 27.6741442 ], [ 85.2820363, 27.6742628 ], [ 85.2820363, 27.6743491 ], [ 85.2820424, 27.6744247 ], [ 85.2820424, 27.6744894 ], [ 85.2819936, 27.6745433 ], [ 85.2819004, 27.6745637 ], [ 85.2818472, 27.6745811 ], [ 85.2817881, 27.6746141 ], [ 85.2817341, 27.6746599 ], [ 85.2817092, 27.6746903 ], [ 85.2816844, 27.6747385 ], [ 85.2816672, 27.6748015 ], [ 85.281693, 27.6748968 ], [ 85.2817115, 27.6749517 ], [ 85.2817252, 27.6749814 ], [ 85.2817465, 27.675011 ], [ 85.2817678, 27.675034 ], [ 85.2818013, 27.6750623 ], [ 85.2818424, 27.6750758 ], [ 85.2818744, 27.6750852 ], [ 85.2818957, 27.6750987 ], [ 85.2819231, 27.6751068 ], [ 85.2819551, 27.6751189 ], [ 85.2819901, 27.675154 ], [ 85.2820297, 27.675189 ], [ 85.2820754, 27.675216 ], [ 85.2821119, 27.6752484 ], [ 85.2821728, 27.675278 ], [ 85.2822185, 27.675305 ], [ 85.2822703, 27.6753266 ], [ 85.2823129, 27.6753481 ], [ 85.2823738, 27.675367 ], [ 85.2824195, 27.6753832 ], [ 85.2824454, 27.6753859 ], [ 85.2824743, 27.6753751 ], [ 85.2824835, 27.6753589 ], [ 85.2824895, 27.6753468 ], [ 85.2825017, 27.675336 ], [ 85.28252, 27.6753293 ], [ 85.2825428, 27.6753347 ], [ 85.2825626, 27.67534 ], [ 85.28259, 27.6753306 ], [ 85.2826235, 27.675305 ], [ 85.2826327, 27.6752821 ], [ 85.2826388, 27.6752645 ], [ 85.2826403, 27.6752389 ], [ 85.2826357, 27.6752079 ], [ 85.2826433, 27.6751769 ], [ 85.2826677, 27.6751445 ], [ 85.2827179, 27.6750973 ], [ 85.2827728, 27.6750501 ], [ 85.2827865, 27.6750326 ], [ 85.2827971, 27.6750232 ], [ 85.2828093, 27.6750097 ], [ 85.2828291, 27.675007 ], [ 85.2828672, 27.6750002 ], [ 85.2829506, 27.6749862 ], [ 85.2830238, 27.6749633 ], [ 85.2831186, 27.6749366 ], [ 85.2832478, 27.6748985 ], [ 85.2833641, 27.6748565 ], [ 85.2834416, 27.6748146 ], [ 85.2834717, 27.6747765 ], [ 85.2834847, 27.6747345 ], [ 85.2835277, 27.6746925 ], [ 85.2835191, 27.6746353 ], [ 85.2835191, 27.6746029 ], [ 85.2835191, 27.6745762 ], [ 85.2835191, 27.6745495 ], [ 85.2835342, 27.6745171 ], [ 85.2835622, 27.6744771 ], [ 85.2835859, 27.6744389 ], [ 85.2836031, 27.6744198 ], [ 85.2836677, 27.6744046 ], [ 85.2837194, 27.6743722 ], [ 85.2837474, 27.6743493 ], [ 85.2837581, 27.6743245 ], [ 85.2837624, 27.6743054 ], [ 85.2837754, 27.6742768 ], [ 85.2837818, 27.6742558 ], [ 85.2838292, 27.6742425 ], [ 85.2838787, 27.6742311 ], [ 85.2839304, 27.674212 ], [ 85.2839799, 27.6741796 ], [ 85.2839941, 27.6741371 ], [ 85.2840157, 27.6740952 ], [ 85.2840803, 27.6740608 ], [ 85.2841836, 27.6740227 ], [ 85.2843387, 27.6740036 ], [ 85.2844205, 27.6739998 ], [ 85.2844765, 27.6739998 ], [ 85.2845411, 27.6739426 ], [ 85.2845842, 27.6739007 ], [ 85.2846272, 27.6738587 ], [ 85.2846358, 27.6738091 ], [ 85.2846617, 27.673771 ], [ 85.2847392, 27.6737328 ], [ 85.2848598, 27.6737023 ], [ 85.2849373, 27.6736718 ], [ 85.2849674, 27.6736375 ], [ 85.2850234, 27.6735765 ], [ 85.2850708, 27.6735421 ], [ 85.2851096, 27.6734964 ], [ 85.2851268, 27.6734544 ], [ 85.2851268, 27.6733972 ], [ 85.2851483, 27.6733324 ], [ 85.2851742, 27.673279 ], [ 85.2852, 27.6732485 ], [ 85.2852732, 27.6732294 ], [ 85.2853852, 27.6732256 ], [ 85.2854627, 27.673218 ], [ 85.2855531, 27.6732103 ], [ 85.2856436, 27.6731913 ], [ 85.2857168, 27.6731455 ], [ 85.2857297, 27.6730883 ], [ 85.2857211, 27.6730349 ], [ 85.2857469, 27.67297 ], [ 85.2858331, 27.6729281 ], [ 85.2862791, 27.6726776 ] ] } },
{ "type": "Feature", "properties": { "name": "sringamati", "waterway": "stream" }, "geometry": { "type": "LineString", "coordinates": [ [ 85.3931556, 27.6259246 ], [ 85.3931288, 27.6261717 ], [ 85.3930325, 27.6263547 ], [ 85.3928069, 27.6264474 ], [ 85.392587, 27.6265615 ], [ 85.3924529, 27.6267326 ], [ 85.3923137, 27.6269536 ], [ 85.3921686, 27.627089 ], [ 85.3920398, 27.6272839 ], [ 85.391954, 27.6274978 ], [ 85.3917662, 27.6277687 ], [ 85.3915838, 27.6279825 ], [ 85.3914929, 27.6281608 ], [ 85.3913693, 27.628358 ], [ 85.3912389, 27.6286679 ], [ 85.3912354, 27.6287121 ], [ 85.3912193, 27.6288689 ], [ 85.3911979, 27.6290448 ], [ 85.3911871, 27.6292064 ], [ 85.3912354, 27.6293585 ], [ 85.391203, 27.6296222 ], [ 85.3911601, 27.6297506 ], [ 85.3910206, 27.6299026 ], [ 85.3909243, 27.6300809 ], [ 85.3908382, 27.6302306 ], [ 85.3907309, 27.6304064 ], [ 85.390511, 27.6304825 ], [ 85.3903877, 27.6305918 ], [ 85.3902214, 27.6307011 ], [ 85.3901141, 27.6307581 ], [ 85.3900417, 27.6308175 ], [ 85.3899796, 27.6308817 ], [ 85.3898915, 27.6308864 ], [ 85.3897842, 27.6308674 ], [ 85.3895455, 27.6308959 ], [ 85.3892286, 27.6310528 ], [ 85.3890462, 27.6313189 ], [ 85.3888638, 27.6314995 ], [ 85.3885527, 27.6313569 ], [ 85.3881133, 27.6312809 ], [ 85.3879309, 27.6315756 ], [ 85.3877056, 27.6318987 ], [ 85.3875983, 27.6322789 ], [ 85.3876949, 27.6326016 ], [ 85.3878237, 27.6329438 ], [ 85.3877056, 27.633324 ], [ 85.3875232, 27.6337803 ], [ 85.387416, 27.6339989 ], [ 85.3870726, 27.6341605 ], [ 85.3868527, 27.6342463 ], [ 85.3865845, 27.6343936 ], [ 85.3861929, 27.6349116 ], [ 85.3858174, 27.6354439 ], [ 85.3859247, 27.6356794 ], [ 85.3857852, 27.6359381 ], [ 85.3857101, 27.636095 ], [ 85.3854579, 27.6362328 ], [ 85.3849215, 27.636266 ], [ 85.3840042, 27.6364561 ], [ 85.383736, 27.6366985 ] ] } },
{ "type": "Feature", "properties": { "name": "gomati", "waterway": "stream" }, "geometry": { "type": "LineString", "coordinates": [ [ 85.3943033, 27.627897 ], [ 85.3938205, 27.6284198 ], [ 85.3934021, 27.6289141 ], [ 85.393091, 27.6292943 ], [ 85.3928549, 27.6295224 ], [ 85.3924472, 27.6297125 ], [ 85.3919859, 27.6298741 ], [ 85.3916748, 27.6301308 ], [ 85.3913394, 27.630428 ], [ 85.3911595, 27.6305284 ], [ 85.3909162, 27.6305909 ], [ 85.3906083, 27.6306798 ], [ 85.3905269, 27.6307492 ], [ 85.3904101, 27.6308185 ], [ 85.3903055, 27.6308693 ], [ 85.3899796, 27.6308817 ] ] } },
{ "type": "Feature", "properties": { "name": "Tukucha Khola", "waterway": "river" }, "geometry": { "type": "LineString", "coordinates": [ [ 85.3161634, 27.6918928 ], [ 85.315997, 27.6917688 ] ] } },
{ "type": "Feature", "properties": { "name": "Tukucha Khola", "waterway": "river" }, "geometry": { "type": "LineString", "coordinates": [ [ 85.315997, 27.6917688 ], [ 85.3155794, 27.6915523 ], [ 85.3151049, 27.6913399 ], [ 85.3144143, 27.6911025 ], [ 85.3142908, 27.6910262 ] ] } },
{ "type": "Feature", "properties": { "name": "Icchumati", "waterway": "river" }, "geometry": { "type": "LineString", "coordinates": [ [ 85.3350581, 27.7268337 ], [ 85.3349911, 27.7266002 ], [ 85.3350605, 27.726504 ], [ 85.3352862, 27.7263792 ], [ 85.3355766, 27.726112 ], [ 85.3355324, 27.7258657 ], [ 85.3355197, 27.7257791 ], [ 85.3354961, 27.7257086 ], [ 85.3354181, 27.7255343 ], [ 85.3353383, 27.7254199 ], [ 85.3351787, 27.7252671 ], [ 85.3351263, 27.7252063 ], [ 85.3350677, 27.7251529 ], [ 85.3349239, 27.7250216 ], [ 85.3347866, 27.7249614 ], [ 85.334594, 27.7249013 ], [ 85.33452, 27.7248629 ], [ 85.3343017, 27.7245922 ], [ 85.3342006, 27.7244871 ], [ 85.3340684, 27.7243478 ], [ 85.3339251, 27.7241844 ], [ 85.3338378, 27.7240087 ], [ 85.3337493, 27.7238536 ], [ 85.3336137, 27.723682 ], [ 85.3335111, 27.7235187 ], [ 85.3334775, 27.7234146 ], [ 85.333389, 27.7233466 ], [ 85.3332767, 27.7232605 ], [ 85.3331154, 27.7231647 ], [ 85.3328174, 27.7229998 ], [ 85.3327866, 27.7229761 ], [ 85.3326779, 27.7228425 ], [ 85.3323447, 27.7225089 ], [ 85.3320933, 27.7221929 ], [ 85.3319717, 27.722178 ], [ 85.3318698, 27.7222058 ], [ 85.3316928, 27.7222666 ], [ 85.3316308, 27.7222325 ], [ 85.3313694, 27.7220191 ], [ 85.3312786, 27.7219625 ], [ 85.3311441, 27.7219473 ], [ 85.330886, 27.7219498 ], [ 85.3308177, 27.7219277 ], [ 85.3307253, 27.7218779 ], [ 85.3306896, 27.7218473 ], [ 85.3306626, 27.7218083 ], [ 85.3305665, 27.7217667 ], [ 85.3305154, 27.7217757 ], [ 85.3303767, 27.7218338 ], [ 85.3303048, 27.7218391 ], [ 85.3301815, 27.7217925 ], [ 85.3299186, 27.7216523 ], [ 85.3298513, 27.7216156 ], [ 85.3297545, 27.7215416 ], [ 85.3296863, 27.7214803 ], [ 85.329558, 27.7212621 ], [ 85.3294489, 27.7211558 ], [ 85.3293583, 27.7211071 ], [ 85.3292828, 27.7210778 ], [ 85.3291456, 27.7210559 ], [ 85.3290544, 27.7210559 ], [ 85.3289243, 27.7210884 ], [ 85.3286382, 27.7212132 ], [ 85.3285477, 27.7213364 ], [ 85.3283894, 27.7213529 ], [ 85.3281794, 27.7213469 ], [ 85.3278646, 27.7212957 ], [ 85.3275327, 27.7212993 ], [ 85.3273631, 27.721276 ], [ 85.3270734, 27.721104 ], [ 85.3268429, 27.7209772 ], [ 85.3265577, 27.7207941 ], [ 85.3264332, 27.7207096 ], [ 85.3263245, 27.7206183 ], [ 85.3262781, 27.7205044 ], [ 85.3262033, 27.7203884 ], [ 85.3261051, 27.7202803 ], [ 85.3260587, 27.7202413 ], [ 85.3258954, 27.7201389 ], [ 85.3256523, 27.7200508 ], [ 85.3255751, 27.7199413 ], [ 85.3255118, 27.719819 ], [ 85.3254998, 27.7195974 ], [ 85.3256422, 27.7193716 ], [ 85.3255887, 27.7191657 ], [ 85.3255319, 27.719042 ], [ 85.3254787, 27.7189101 ], [ 85.3253621, 27.718765 ], [ 85.3251554, 27.7185585 ], [ 85.3250044, 27.718218 ], [ 85.3248155, 27.7178033 ], [ 85.3244771, 27.7173037 ], [ 85.3243711, 27.7171325 ], [ 85.3239395, 27.7165541 ], [ 85.3233643, 27.7158227 ], [ 85.3218933, 27.7137833 ] ] } },
{ "type": "Feature", "properties": { "name": "Punyamata River", "waterway": "river" }, "geometry": { "type": "LineString", "coordinates": [ [ 85.504078, 27.654985 ], [ 85.504132, 27.6549611 ], [ 85.5041425, 27.6549394 ], [ 85.5041555, 27.6549125 ], [ 85.5041701, 27.654832 ], [ 85.5041914, 27.6547466 ], [ 85.504197, 27.6547089 ], [ 85.5042105, 27.6546324 ], [ 85.5043405, 27.6544527 ], [ 85.5044706, 27.6542878 ], [ 85.5046421, 27.6541706 ], [ 85.5047881, 27.6540915 ], [ 85.5048641, 27.6540485 ], [ 85.5049987, 27.6540366 ], [ 85.5050312, 27.6540584 ], [ 85.5050626, 27.654124 ], [ 85.5051074, 27.654355 ], [ 85.5051306, 27.6544733 ], [ 85.5052124, 27.6546315 ], [ 85.5052701, 27.6547176 ], [ 85.5053348, 27.6547825 ], [ 85.5054516, 27.6548767 ], [ 85.5054961, 27.6548145 ], [ 85.5055262, 27.6547634 ], [ 85.5055932, 27.6546787 ], [ 85.5056258, 27.6546297 ], [ 85.5056919, 27.6543032 ], [ 85.5057536, 27.6541416 ], [ 85.5057734, 27.6539738 ], [ 85.5058289, 27.6538839 ], [ 85.5058693, 27.6537631 ], [ 85.5059256, 27.6535967 ], [ 85.5059319, 27.6534303 ], [ 85.5060128, 27.6531353 ], [ 85.5060398, 27.6530286 ], [ 85.5060596, 27.6529029 ], [ 85.5060961, 27.6527723 ], [ 85.5061317, 27.6526066 ], [ 85.5061611, 27.6524647 ], [ 85.5062118, 27.6523341 ], [ 85.5062451, 27.652247 ], [ 85.5063212, 27.6521866 ], [ 85.5064401, 27.6520904 ], [ 85.5065757, 27.652016 ], [ 85.5066383, 27.6519781 ], [ 85.5067049, 27.6519282 ], [ 85.5068389, 27.6518173 ], [ 85.5069206, 27.651773 ], [ 85.5070387, 27.6517302 ], [ 85.5070886, 27.6517077 ], [ 85.5071595, 27.6517029 ], [ 85.5072436, 27.651676 ], [ 85.5073187, 27.6516333 ], [ 85.507395, 27.6515807 ], [ 85.5074824, 27.651533 ], [ 85.5076002, 27.6514566 ], [ 85.5076988, 27.651393 ], [ 85.5077874, 27.6513533 ], [ 85.5078995, 27.6512907 ], [ 85.5079948, 27.6512401 ], [ 85.5080643, 27.6511974 ], [ 85.5080991, 27.6511795 ], [ 85.5081394, 27.6511557 ], [ 85.5081383, 27.6511378 ], [ 85.5081473, 27.6510951 ], [ 85.5081933, 27.6510553 ], [ 85.5082314, 27.6510067 ], [ 85.5082179, 27.6509461 ], [ 85.5081742, 27.6508716 ], [ 85.5081652, 27.6508021 ], [ 85.5081697, 27.6507495 ], [ 85.5081652, 27.6506631 ], [ 85.5082448, 27.6505389 ], [ 85.5083132, 27.6504158 ], [ 85.5083446, 27.6503204 ], [ 85.508404, 27.6501814 ], [ 85.5084556, 27.6500215 ], [ 85.5084321, 27.6499321 ], [ 85.5084209, 27.6497434 ], [ 85.5083749, 27.6495925 ], [ 85.5083401, 27.6494852 ], [ 85.5083334, 27.6494236 ], [ 85.5083771, 27.6493174 ], [ 85.5084321, 27.6492141 ], [ 85.5084982, 27.6491058 ], [ 85.5085868, 27.6489728 ], [ 85.5087112, 27.6488119 ], [ 85.5091014, 27.6485099 ], [ 85.5092539, 27.6484295 ], [ 85.5093144, 27.6483898 ], [ 85.5093895, 27.6483391 ], [ 85.5095968, 27.6483223 ], [ 85.5096259, 27.6483508 ], [ 85.5096898, 27.64837 ], [ 85.5097773, 27.6483541 ], [ 85.509913, 27.6482875 ], [ 85.5100161, 27.6482399 ], [ 85.510293, 27.6480859 ], [ 85.5104208, 27.6479965 ], [ 85.510543, 27.647789 ], [ 85.5106552, 27.6475536 ], [ 85.5107399, 27.6474323 ], [ 85.510996, 27.6473113 ], [ 85.5112359, 27.6472159 ], [ 85.5114411, 27.6471166 ], [ 85.5114966, 27.6470249 ], [ 85.5115822, 27.6469098 ], [ 85.5115825, 27.6469098 ] ] } },
{ "type": "Feature", "properties": { "name": "Kalcha", "waterway": "stream" }, "geometry": { "type": "LineString", "coordinates": [ [ 85.4303356, 27.6679318 ], [ 85.4304306, 27.667939 ], [ 85.4306653, 27.6679347 ], [ 85.4307591, 27.6678984 ], [ 85.4308972, 27.6677636 ], [ 85.4309701, 27.6676783 ], [ 85.4309853, 27.6676371 ], [ 85.4309643, 27.667309 ], [ 85.4309549, 27.6672607 ], [ 85.4308021, 27.667081 ], [ 85.4306962, 27.6669415 ], [ 85.4305976, 27.6667782 ], [ 85.4304472, 27.6665617 ], [ 85.4303267, 27.6663835 ], [ 85.4302075, 27.6662371 ], [ 85.4302688, 27.6661268 ], [ 85.430285, 27.6660537 ], [ 85.4302756, 27.6659818 ], [ 85.4302472, 27.6658436 ], [ 85.4302527, 27.6656612 ] ] } },
{ "type": "Feature", "properties": { "name": "Kodku Khola", "waterway": "river" }, "geometry": { "type": "LineString", "coordinates": [ [ 85.3385105, 27.6015593 ], [ 85.3387423, 27.6015684 ], [ 85.3390003, 27.6015967 ], [ 85.3392312, 27.6015534 ], [ 85.3396234, 27.6015143 ], [ 85.3397492, 27.6015927 ], [ 85.3399005, 27.6017902 ], [ 85.33992, 27.6021065 ], [ 85.3397342, 27.602183 ], [ 85.3398111, 27.602311 ], [ 85.3399415, 27.6023227 ], [ 85.3400495, 27.6022088 ], [ 85.3401949, 27.6021306 ], [ 85.3403178, 27.6021597 ], [ 85.3404727, 27.6023859 ], [ 85.340589, 27.6025364 ], [ 85.3407917, 27.6024449 ], [ 85.3409053, 27.6023851 ], [ 85.3410554, 27.6024058 ], [ 85.3412816, 27.6024524 ], [ 85.3414965, 27.6024025 ], [ 85.3415969, 27.6023235 ], [ 85.3415256, 27.602109 ], [ 85.3415894, 27.6020724 ], [ 85.3416692, 27.6021913 ], [ 85.3418625, 27.6022811 ], [ 85.3420961, 27.6023634 ], [ 85.342387, 27.6024 ], [ 85.3425653, 27.6025023 ], [ 85.3427502, 27.6025073 ], [ 85.3430768, 27.6026204 ], [ 85.3432393, 27.6026852 ] ] } },
{ "type": "Feature", "properties": { "name": "Ghatte Khola", "waterway": "river" }, "geometry": { "type": "LineString", "coordinates": [ [ 85.3973874, 27.6563566 ], [ 85.3972956, 27.6564441 ], [ 85.3972471, 27.6565035 ], [ 85.3971991, 27.6566184 ], [ 85.3971762, 27.6567539 ], [ 85.3971881, 27.6568222 ], [ 85.3973193, 27.6570537 ], [ 85.3973341, 27.6571378 ], [ 85.3973261, 27.6572026 ], [ 85.3972911, 27.6572656 ], [ 85.3972332, 27.6573281 ], [ 85.3971341, 27.6574024 ], [ 85.3970479, 27.6574806 ], [ 85.3970197, 27.6575501 ], [ 85.3970141, 27.6577024 ], [ 85.3970272, 27.6577605 ], [ 85.3970599, 27.6578117 ], [ 85.3971323, 27.657906 ], [ 85.3972386, 27.6580152 ], [ 85.3973678, 27.6580948 ], [ 85.3974737, 27.6581298 ], [ 85.397663, 27.6582012 ], [ 85.3978099, 27.6583751 ], [ 85.3978353, 27.6584702 ], [ 85.3978197, 27.6588125 ], [ 85.3978089, 27.6590236 ], [ 85.3977605, 27.6595649 ], [ 85.3977364, 27.6597025 ], [ 85.3976815, 27.6597872 ], [ 85.3969921, 27.6601057 ], [ 85.3968515, 27.6601983 ], [ 85.396658, 27.6603227 ], [ 85.3965161, 27.6603793 ], [ 85.3964122, 27.6603758 ], [ 85.3961525, 27.6603209 ], [ 85.3959388, 27.6602837 ], [ 85.3957151, 27.6603333 ], [ 85.3955413, 27.6604147 ], [ 85.3953934, 27.6605686 ], [ 85.3951997, 27.6608995 ], [ 85.3950159, 27.661149 ], [ 85.394946, 27.661264 ], [ 85.394882, 27.6614321 ], [ 85.3947462, 27.6615931 ], [ 85.3945417, 27.661723 ], [ 85.3940119, 27.6619299 ], [ 85.3938881, 27.6619739 ], [ 85.3938255, 27.6620326 ], [ 85.3938245, 27.6620937 ], [ 85.3938624, 27.6621642 ], [ 85.3939584, 27.6622609 ], [ 85.3940517, 27.6624321 ], [ 85.3940771, 27.6625171 ], [ 85.3940672, 27.6626986 ], [ 85.3940983, 27.6628512 ], [ 85.3940729, 27.6630614 ], [ 85.3940121, 27.6632253 ], [ 85.3938598, 27.6633216 ], [ 85.3937757, 27.6633353 ], [ 85.3934546, 27.6633905 ], [ 85.3933738, 27.6634246 ], [ 85.393233, 27.6635147 ], [ 85.3929732, 27.663736 ], [ 85.3929147, 27.6638291 ], [ 85.3929111, 27.6639077 ], [ 85.3929491, 27.6639876 ], [ 85.3930911, 27.6641332 ], [ 85.3932024, 27.6642091 ], [ 85.3932739, 27.6642985 ], [ 85.3933066, 27.6645667 ], [ 85.3933037, 27.6646905 ], [ 85.3932524, 27.6647832 ], [ 85.3930664, 27.6650403 ], [ 85.3929853, 27.6651021 ], [ 85.3928836, 27.665118 ], [ 85.3927049, 27.6650864 ], [ 85.3925635, 27.6650884 ], [ 85.3924275, 27.6651067 ], [ 85.3922829, 27.6651341 ], [ 85.3919868, 27.6652698 ], [ 85.3918233, 27.665372 ], [ 85.3916425, 27.6655168 ], [ 85.3914807, 27.6656846 ], [ 85.3913998, 27.6657852 ], [ 85.3914359, 27.6658645 ], [ 85.3915168, 27.6659651 ], [ 85.3915547, 27.6660322 ], [ 85.3915117, 27.6662761 ], [ 85.3914755, 27.6665262 ], [ 85.3915065, 27.6666344 ], [ 85.3915616, 27.6667107 ], [ 85.3916993, 27.6667716 ], [ 85.3917955, 27.6667548 ], [ 85.3918977, 27.6667548 ], [ 85.392028, 27.666757 ], [ 85.3922471, 27.6668228 ], [ 85.3924832, 27.6669176 ], [ 85.3926256, 27.6669464 ], [ 85.3929428, 27.6669816 ], [ 85.3930595, 27.6670122 ], [ 85.3931452, 27.6670541 ], [ 85.3932198, 27.6671123 ], [ 85.3932831, 27.6671939 ], [ 85.3933534, 27.6673142 ], [ 85.3934054, 27.6673932 ], [ 85.3934573, 27.6674532 ], [ 85.3935164, 27.6675043 ], [ 85.3936162, 27.6675541 ], [ 85.3939691, 27.6676896 ], [ 85.3941493, 27.6677417 ], [ 85.3942139, 27.6677469 ], [ 85.3942907, 27.6677269 ], [ 85.3944119, 27.6676781 ], [ 85.3946447, 27.6676177 ], [ 85.3947964, 27.6676135 ], [ 85.3949766, 27.6676243 ], [ 85.3950545, 27.6676868 ], [ 85.3951348, 27.6678011 ], [ 85.3951495, 27.667896 ], [ 85.395192, 27.6681478 ], [ 85.3951446, 27.6682841 ], [ 85.3951604, 27.6683624 ], [ 85.3951957, 27.6684329 ], [ 85.3952194, 27.6685313 ], [ 85.3952659, 27.6685996 ], [ 85.3953115, 27.668628 ], [ 85.395374, 27.6686414 ], [ 85.3957645, 27.6686751 ], [ 85.3958484, 27.6686845 ], [ 85.3958861, 27.668698 ], [ 85.3964508, 27.6689461 ], [ 85.3965014, 27.6689796 ], [ 85.3965194, 27.669023 ], [ 85.3965214, 27.6690763 ], [ 85.396497, 27.6691475 ], [ 85.3964373, 27.6691983 ], [ 85.3963672, 27.6692414 ], [ 85.3963672, 27.669429 ], [ 85.3963381, 27.6695744 ], [ 85.3963107, 27.6696274 ], [ 85.3961355, 27.6697496 ], [ 85.3958318, 27.6697909 ], [ 85.3957264, 27.6698473 ], [ 85.3955645, 27.6700295 ], [ 85.3954769, 27.6701448 ], [ 85.3952724, 27.6702473 ], [ 85.3950192, 27.6703335 ], [ 85.394976, 27.6703495 ], [ 85.3947307, 27.6704402 ], [ 85.3943582, 27.6705804 ], [ 85.3942641, 27.6706379 ], [ 85.3941342, 27.6707173 ], [ 85.3940311, 27.6707086 ] ] } },
{ "type": "Feature", "properties": { "name": "Manohara Nadi", "waterway": "river" }, "geometry": { "type": "LineString", "coordinates": [ [ 85.3519774, 27.6680573 ], [ 85.3518733, 27.6679855 ], [ 85.3517236, 27.6679362 ], [ 85.3515455, 27.6679515 ], [ 85.3510469, 27.6681191 ], [ 85.3508487, 27.6681774 ], [ 85.3506113, 27.6681948 ], [ 85.3498855, 27.6681964 ], [ 85.3493976, 27.6682324 ], [ 85.3489132, 27.6683909 ], [ 85.3483746, 27.6685954 ], [ 85.3477881, 27.6687973 ], [ 85.3474592, 27.6690547 ], [ 85.3468633, 27.6694 ], [ 85.3465027, 27.6696497 ], [ 85.3457628, 27.6704219 ], [ 85.3453304, 27.6708775 ], [ 85.3448585, 27.6712531 ], [ 85.3443685, 27.671579 ], [ 85.3438885, 27.6718526 ], [ 85.3434857, 27.6720897 ], [ 85.3427252, 27.6724787 ], [ 85.3421601, 27.6727515 ], [ 85.3416107, 27.6731503 ], [ 85.3411037, 27.6735475 ], [ 85.3407523, 27.6738273 ], [ 85.3406056, 27.6739839 ], [ 85.3405031, 27.6741478 ], [ 85.3403271, 27.6743579 ], [ 85.3400233, 27.6745906 ], [ 85.3395054, 27.6749518 ], [ 85.3393664, 27.6750514 ], [ 85.3391793, 27.675162 ], [ 85.3390594, 27.6752241 ], [ 85.3386198, 27.6754035 ], [ 85.3381209, 27.6756031 ], [ 85.3378822, 27.6756802 ], [ 85.3377384, 27.6757423 ], [ 85.3375845, 27.6758738 ], [ 85.3374928, 27.6759899 ], [ 85.3373869, 27.6761263 ], [ 85.3372291, 27.6762527 ], [ 85.336761, 27.6765923 ], [ 85.3360784, 27.6770924 ], [ 85.3357941, 27.67728 ], [ 85.3356318, 27.6773632 ], [ 85.3355218, 27.6774428 ], [ 85.335432, 27.6776137 ], [ 85.3352604, 27.677805 ], [ 85.3350873, 27.6779475 ], [ 85.334862, 27.6781125 ], [ 85.3341955, 27.6783905 ], [ 85.3333372, 27.6785924 ] ] } },
{ "type": "Feature", "properties": { "name": "Lubhu Khola", "waterway": "stream" }, "geometry": { "type": "LineString", "coordinates": [ [ 85.383736, 27.6366985 ], [ 85.3836183, 27.6368422 ], [ 85.3833493, 27.63703 ], [ 85.3831145, 27.6372098 ], [ 85.3829799, 27.6372825 ], [ 85.3827747, 27.6373613 ], [ 85.3826813, 27.6375532 ], [ 85.3825217, 27.6376683 ], [ 85.3822382, 27.6377913 ], [ 85.3820722, 27.6378998 ], [ 85.3817675, 27.6379812 ], [ 85.3816611, 27.6380555 ], [ 85.3816224, 27.6381469 ], [ 85.3816482, 27.6382469 ], [ 85.3816853, 27.638294 ], [ 85.3817675, 27.6383768 ], [ 85.381845, 27.6384775 ], [ 85.3818329, 27.6385219 ], [ 85.3817357, 27.6385668 ], [ 85.3814672, 27.6386267 ], [ 85.3812559, 27.6386736 ], [ 85.3810445, 27.6387297 ], [ 85.3808838, 27.6387915 ], [ 85.3807422, 27.6387578 ], [ 85.3804803, 27.6385637 ], [ 85.3804484, 27.6384713 ], [ 85.3803174, 27.6382579 ], [ 85.3801419, 27.6381586 ], [ 85.3799961, 27.6380687 ], [ 85.3798227, 27.6380425 ], [ 85.37966, 27.6380294 ], [ 85.3795268, 27.6379657 ], [ 85.3794676, 27.6378908 ], [ 85.3793746, 27.6378253 ], [ 85.3792478, 27.637844 ], [ 85.3791633, 27.6378721 ], [ 85.3790977, 27.6379208 ], [ 85.3789308, 27.6379882 ], [ 85.3788208, 27.6380425 ], [ 85.3786919, 27.6380481 ], [ 85.3785693, 27.6380144 ], [ 85.3785143, 27.6379807 ], [ 85.3783939, 27.6379508 ], [ 85.3782861, 27.6379564 ], [ 85.3782015, 27.6380107 ], [ 85.3781022, 27.6380743 ], [ 85.3780399, 27.6380912 ], [ 85.377782, 27.6381097 ], [ 85.377542, 27.6381324 ], [ 85.3774448, 27.6381287 ], [ 85.3773666, 27.6380987 ], [ 85.3773349, 27.6380406 ], [ 85.3773624, 27.6379414 ], [ 85.3774659, 27.6377953 ], [ 85.3774976, 27.6376118 ], [ 85.3775399, 27.6374714 ], [ 85.3774998, 27.6373478 ], [ 85.3773835, 27.637213 ], [ 85.3772651, 27.6371212 ], [ 85.3771256, 27.637065 ], [ 85.3770009, 27.6370332 ], [ 85.3768487, 27.6370238 ], [ 85.3767388, 27.6370164 ], [ 85.3767008, 27.6369826 ], [ 85.3766669, 27.6369077 ], [ 85.376631, 27.6368272 ], [ 85.3765951, 27.6367448 ], [ 85.3765126, 27.6366568 ], [ 85.3764767, 27.6366287 ], [ 85.3764091, 27.6366025 ], [ 85.376297, 27.6366194 ], [ 85.3762019, 27.6366119 ], [ 85.3761195, 27.6366212 ], [ 85.3760899, 27.6366325 ], [ 85.3760899, 27.6366774 ], [ 85.3761237, 27.6367111 ], [ 85.3761787, 27.6367804 ], [ 85.3762019, 27.6368254 ], [ 85.3761639, 27.6368815 ], [ 85.3761026, 27.636904 ], [ 85.3760244, 27.6369096 ], [ 85.3759631, 27.6369471 ], [ 85.3759314, 27.6369995 ], [ 85.3758616, 27.6370819 ], [ 85.3757813, 27.637125 ], [ 85.3757094, 27.6371942 ], [ 85.3755868, 27.6372935 ], [ 85.3755298, 27.6373441 ], [ 85.3753797, 27.6373927 ], [ 85.375274, 27.6374358 ], [ 85.3751535, 27.6374882 ], [ 85.3750182, 27.6375182 ], [ 85.3749083, 27.6375407 ], [ 85.3747942, 27.6375706 ], [ 85.3746969, 27.637565 ], [ 85.3746209, 27.6375482 ], [ 85.3745659, 27.6375276 ], [ 85.3744771, 27.6375163 ], [ 85.3743883, 27.6375351 ], [ 85.3742843, 27.6375728 ], [ 85.3741326, 27.6375931 ], [ 85.3739846, 27.6376306 ], [ 85.3738472, 27.6376549 ], [ 85.3737563, 27.6376774 ], [ 85.3736845, 27.6377167 ], [ 85.3736506, 27.6377766 ], [ 85.3735767, 27.6378347 ], [ 85.3734456, 27.6378815 ], [ 85.373342, 27.6379302 ], [ 85.3732575, 27.6379826 ], [ 85.3731687, 27.638035 ], [ 85.3730313, 27.6380687 ], [ 85.3729341, 27.6380556 ], [ 85.3727777, 27.6380294 ], [ 85.3726509, 27.6380107 ], [ 85.3725388, 27.6380219 ], [ 85.3724099, 27.638035 ], [ 85.3723105, 27.6380332 ], [ 85.3722535, 27.6380912 ], [ 85.3722052, 27.6381481 ], [ 85.3720839, 27.6381691 ], [ 85.3719702, 27.6381455 ], [ 85.3719047, 27.6381024 ], [ 85.3717927, 27.6380182 ], [ 85.3717166, 27.637932 ], [ 85.3716172, 27.6378384 ], [ 85.3715644, 27.6377747 ], [ 85.3715073, 27.637771 ], [ 85.3714376, 27.6377916 ], [ 85.3713847, 27.6378084 ], [ 85.371353, 27.6378571 ], [ 85.3713382, 27.6379264 ], [ 85.3713192, 27.6379788 ], [ 85.3712875, 27.6379976 ], [ 85.3712177, 27.6380013 ], [ 85.3711078, 27.6380313 ], [ 85.3710148, 27.638065 ], [ 85.3709091, 27.6381006 ], [ 85.3707612, 27.638138 ], [ 85.370683, 27.6381642 ], [ 85.3706005, 27.6381923 ], [ 85.3705435, 27.6381698 ], [ 85.3704779, 27.6381567 ], [ 85.3704103, 27.6381492 ], [ 85.3703828, 27.6381642 ], [ 85.3702729, 27.6381848 ], [ 85.3701397, 27.6382316 ], [ 85.3700658, 27.6382672 ], [ 85.3700045, 27.638256 ], [ 85.3699474, 27.6381961 ], [ 85.3698967, 27.638183 ], [ 85.369848, 27.6382054 ], [ 85.3698058, 27.638241 ], [ 85.3697233, 27.6382635 ], [ 85.3696388, 27.6383028 ], [ 85.3695796, 27.6383515 ], [ 85.3694739, 27.6383871 ], [ 85.3693936, 27.6384114 ], [ 85.3693133, 27.6384301 ], [ 85.3691928, 27.6384657 ], [ 85.369085, 27.6385144 ], [ 85.3690321, 27.6385631 ], [ 85.368956, 27.6386118 ], [ 85.3688749, 27.6386853 ], [ 85.3688377, 27.6387297 ], [ 85.3687827, 27.6387803 ], [ 85.3686728, 27.6388046 ], [ 85.3685671, 27.6388552 ], [ 85.3683982, 27.6389539 ], [ 85.367969, 27.6391297 ], [ 85.3675506, 27.639201 ], [ 85.3674593, 27.63931 ], [ 85.3673682, 27.6393483 ], [ 85.367253, 27.639449 ], [ 85.3671768, 27.6396291 ], [ 85.366981, 27.6397655 ], [ 85.3666073, 27.6397191 ], [ 85.3665416, 27.639743 ], [ 85.3663428, 27.6399058 ], [ 85.3662621, 27.6400753 ], [ 85.3662501, 27.6401971 ], [ 85.3662792, 27.6402893 ], [ 85.3662097, 27.6405904 ], [ 85.3661066, 27.6407267 ], [ 85.3659975, 27.6409028 ], [ 85.3659305, 27.640926 ], [ 85.3658876, 27.6411256 ], [ 85.3659631, 27.6412087 ], [ 85.3659303, 27.6412511 ], [ 85.3656896, 27.6412564 ], [ 85.365598, 27.641292 ], [ 85.3656087, 27.6414155 ], [ 85.3655389, 27.6414773 ], [ 85.3656508, 27.6415768 ], [ 85.3657165, 27.6416072 ], [ 85.3657285, 27.6416787 ], [ 85.365657, 27.6417197 ], [ 85.3657156, 27.6417894 ], [ 85.3658466, 27.6417449 ], [ 85.3659332, 27.6417648 ], [ 85.3659945, 27.6419144 ], [ 85.365993, 27.6420852 ], [ 85.3659826, 27.6421011 ], [ 85.365996, 27.642264 ], [ 85.3659865, 27.6423858 ], [ 85.3659706, 27.6423911 ], [ 85.3659019, 27.6425513 ], [ 85.3658196, 27.642632 ], [ 85.365724, 27.642497 ], [ 85.3656597, 27.6424864 ], [ 85.3655869, 27.6425402 ], [ 85.3651309, 27.6424381 ], [ 85.3650111, 27.6425939 ], [ 85.3648357, 27.6428841 ], [ 85.3647173, 27.6427624 ], [ 85.3646264, 27.6427156 ], [ 85.3645672, 27.6427194 ], [ 85.3644552, 27.6428074 ], [ 85.3643833, 27.642901 ], [ 85.3642777, 27.6429047 ], [ 85.3641403, 27.6428298 ], [ 85.3640853, 27.6428354 ], [ 85.3640282, 27.6428804 ], [ 85.3640895, 27.6430452 ], [ 85.3640991, 27.6431369 ], [ 85.3641122, 27.6431792 ] ] } },
{ "type": "Feature", "properties": { "name": "Godawari Khola", "waterway": "river" }, "geometry": { "type": "LineString", "coordinates": [ [ 85.3774139, 27.5989239 ], [ 85.3773616, 27.5990939 ], [ 85.3772181, 27.5993565 ], [ 85.3770263, 27.6000114 ], [ 85.3767957, 27.5999496 ], [ 85.3766936, 27.6001052 ], [ 85.3760423, 27.5997581 ], [ 85.3753297, 27.5996672 ], [ 85.3747237, 27.5997764 ], [ 85.3745683, 27.5997669 ], [ 85.3740495, 27.5999376 ], [ 85.3738679, 27.6001553 ], [ 85.3735995, 27.6007596 ], [ 85.3731532, 27.6010169 ], [ 85.3727585, 27.6013105 ], [ 85.3723278, 27.6015508 ], [ 85.3721088, 27.6016728 ], [ 85.3717514, 27.6018518 ], [ 85.3717091, 27.6020748 ], [ 85.3716867, 27.6023843 ], [ 85.3716352, 27.6024755 ], [ 85.3714919, 27.6025744 ], [ 85.3713526, 27.6026463 ], [ 85.3712832, 27.6027632 ], [ 85.371156, 27.6034156 ], [ 85.3708339, 27.6037188 ], [ 85.3704642, 27.6042353 ], [ 85.370251, 27.6046216 ], [ 85.3698454, 27.6050714 ], [ 85.3692395, 27.60546 ], [ 85.3690737, 27.6056221 ], [ 85.3687713, 27.6057296 ], [ 85.3684825, 27.6058425 ], [ 85.3682977, 27.6060133 ], [ 85.3678962, 27.606384 ], [ 85.3676455, 27.6064822 ], [ 85.367407, 27.606485 ], [ 85.3671624, 27.6063996 ], [ 85.3670076, 27.6063176 ], [ 85.3668612, 27.6062099 ], [ 85.3668265, 27.6061921 ], [ 85.3667848, 27.606194 ], [ 85.3666678, 27.6062355 ], [ 85.366428, 27.6063476 ], [ 85.3662221, 27.6064174 ], [ 85.3661069, 27.6065532 ], [ 85.3659389, 27.6067827 ], [ 85.3657927, 27.6068596 ], [ 85.3654568, 27.6070078 ], [ 85.3652707, 27.6071853 ], [ 85.3651439, 27.6072875 ], [ 85.3650079, 27.6073801 ], [ 85.3647082, 27.6075152 ], [ 85.3644853, 27.6075804 ], [ 85.3643295, 27.6075897 ], [ 85.3642567, 27.6075877 ], [ 85.3641039, 27.6075366 ], [ 85.363951, 27.6075053 ], [ 85.3637708, 27.6075363 ], [ 85.363574, 27.6076458 ], [ 85.3633375, 27.6078589 ], [ 85.3630478, 27.6079915 ], [ 85.3627914, 27.6081099 ], [ 85.3627577, 27.6081884 ], [ 85.362705, 27.6085466 ], [ 85.3625986, 27.6089726 ], [ 85.3625986, 27.6090354 ], [ 85.3625986, 27.610142 ], [ 85.3625094, 27.6105499 ], [ 85.3622435, 27.6110524 ], [ 85.3615602, 27.6113002 ], [ 85.3609012, 27.6113809 ], [ 85.3607429, 27.6115119 ], [ 85.3608013, 27.6117613 ], [ 85.361419, 27.6126226 ], [ 85.3613339, 27.6127948 ], [ 85.3600705, 27.6135336 ], [ 85.3596095, 27.6139493 ], [ 85.359532, 27.6142154 ], [ 85.3596479, 27.6146493 ], [ 85.3595035, 27.6147962 ], [ 85.3591065, 27.6149959 ], [ 85.3587846, 27.6153238 ], [ 85.3583768, 27.6155187 ], [ 85.3582285, 27.615779 ], [ 85.3582586, 27.615919 ], [ 85.3583893, 27.6160977 ], [ 85.3581245, 27.6164982 ], [ 85.3578992, 27.6172446 ], [ 85.3577543, 27.6175203 ], [ 85.3577972, 27.6178532 ], [ 85.3577385, 27.6179998 ], [ 85.3575463, 27.6180281 ], [ 85.3572564, 27.6178712 ], [ 85.357134, 27.6179463 ], [ 85.3572124, 27.6182097 ], [ 85.3571184, 27.6184684 ], [ 85.356859, 27.6184083 ], [ 85.3568157, 27.6185759 ], [ 85.3569199, 27.618784 ], [ 85.3572833, 27.6188191 ], [ 85.3579989, 27.6186986 ], [ 85.3585811, 27.6187429 ], [ 85.3587382, 27.618836 ], [ 85.358752, 27.6190128 ], [ 85.3584839, 27.619607 ], [ 85.3584732, 27.6199491 ], [ 85.3582857, 27.6202338 ], [ 85.3579268, 27.6203335 ], [ 85.3575726, 27.6203478 ], [ 85.3574486, 27.620429 ], [ 85.3574139, 27.6208349 ], [ 85.3574024, 27.6209691 ], [ 85.3570866, 27.621138 ], [ 85.356597, 27.6211465 ], [ 85.356276, 27.6212636 ], [ 85.3562481, 27.6213625 ], [ 85.3562437, 27.6213783 ], [ 85.3562705, 27.621672 ], [ 85.3562796, 27.6217721 ], [ 85.3562973, 27.6219674 ], [ 85.3559866, 27.6222047 ], [ 85.3554074, 27.6225469 ], [ 85.3542378, 27.6230031 ], [ 85.3539614, 27.6232072 ], [ 85.3535798, 27.6237588 ], [ 85.3534736, 27.6242191 ], [ 85.3532955, 27.6242952 ], [ 85.3527373, 27.623927 ], [ 85.3524337, 27.6238913 ], [ 85.3523631, 27.6240693 ], [ 85.3522739, 27.6247066 ], [ 85.3525752, 27.6246589 ], [ 85.3527018, 27.6247603 ], [ 85.3528106, 27.624915 ], [ 85.352993, 27.6254 ], [ 85.3533693, 27.6256095 ], [ 85.3536149, 27.6254924 ], [ 85.3539363, 27.625426 ], [ 85.3541709, 27.625511 ], [ 85.3540538, 27.6256524 ], [ 85.3538609, 27.6256808 ], [ 85.3535617, 27.6258836 ], [ 85.3533928, 27.6261045 ], [ 85.3527123, 27.6263842 ], [ 85.352527, 27.626684 ], [ 85.3525155, 27.6268514 ], [ 85.3527283, 27.6277495 ], [ 85.352962, 27.6279256 ], [ 85.3534036, 27.6280461 ], [ 85.3535825, 27.6281919 ], [ 85.3536506, 27.6283808 ], [ 85.3531406, 27.6287899 ], [ 85.3529454, 27.6291007 ], [ 85.3527811, 27.6295767 ], [ 85.3525274, 27.6299035 ], [ 85.3521954, 27.629977 ], [ 85.3519102, 27.6298803 ], [ 85.3518538, 27.6299109 ], [ 85.3517912, 27.6304778 ], [ 85.3520014, 27.6308885 ], [ 85.3521598, 27.6311169 ], [ 85.3525796, 27.6312343 ], [ 85.3531502, 27.6315906 ], [ 85.3532979, 27.6316948 ], [ 85.3533161, 27.6319607 ], [ 85.3534084, 27.6327181 ], [ 85.3533954, 27.6329165 ], [ 85.3534677, 27.6330632 ], [ 85.3536394, 27.6330816 ], [ 85.3538638, 27.6329318 ], [ 85.3540486, 27.6329224 ], [ 85.3541745, 27.6329612 ], [ 85.3542556, 27.6332337 ], [ 85.3543893, 27.6333536 ], [ 85.35457, 27.6333269 ], [ 85.3549721, 27.6332764 ], [ 85.3553085, 27.633284 ], [ 85.3557409, 27.6331602 ], [ 85.3566196, 27.6330512 ], [ 85.3569341, 27.6330764 ], [ 85.3581742, 27.6336409 ], [ 85.35838, 27.6337786 ], [ 85.3582962, 27.633878 ], [ 85.3582379, 27.6339614 ], [ 85.3581961, 27.6340212 ], [ 85.3581865, 27.6341209 ], [ 85.3582648, 27.6342452 ], [ 85.3585034, 27.6343806 ], [ 85.3586778, 27.6344398 ], [ 85.3588939, 27.6344581 ], [ 85.3591397, 27.6341519 ], [ 85.3592774, 27.6340598 ], [ 85.3594134, 27.6339778 ], [ 85.3597652, 27.6338781 ], [ 85.3599505, 27.6339033 ], [ 85.360167, 27.6339653 ], [ 85.3604099, 27.6340933 ], [ 85.360548, 27.6342114 ], [ 85.3606134, 27.6342985 ], [ 85.360659, 27.6344311 ], [ 85.3607025, 27.6346964 ], [ 85.3607271, 27.6348302 ], [ 85.3607292, 27.6350851 ], [ 85.360704, 27.6355723 ], [ 85.3605696, 27.635928 ], [ 85.3605832, 27.6359813 ], [ 85.3605081, 27.636224 ], [ 85.360516, 27.6363756 ], [ 85.3607762, 27.636542 ], [ 85.361216, 27.6365776 ], [ 85.3613609, 27.6366442 ], [ 85.361438, 27.6367542 ], [ 85.3614138, 27.6368492 ], [ 85.3613387, 27.636911 ], [ 85.361208, 27.6369245 ], [ 85.3610514, 27.6370123 ], [ 85.3607037, 27.6372548 ], [ 85.3605019, 27.6374504 ], [ 85.3604677, 27.6375709 ], [ 85.360518, 27.6376619 ], [ 85.360752, 27.6377776 ], [ 85.3609773, 27.6377728 ], [ 85.3610417, 27.6378204 ], [ 85.3612131, 27.6379906 ], [ 85.3611645, 27.6381374 ], [ 85.361085, 27.6382216 ], [ 85.3610805, 27.6382764 ], [ 85.3611168, 27.6383479 ], [ 85.3612418, 27.6383957 ], [ 85.3613501, 27.6382783 ], [ 85.3614605, 27.6382744 ], [ 85.3613361, 27.6386575 ], [ 85.3612563, 27.6387637 ], [ 85.3611114, 27.6386853 ], [ 85.3609129, 27.6388469 ], [ 85.360856, 27.639059 ], [ 85.3608812, 27.6391344 ], [ 85.3609827, 27.6394385 ], [ 85.3609827, 27.639707 ], [ 85.360872, 27.6398836 ], [ 85.3608586, 27.6402661 ], [ 85.3609612, 27.6405315 ], [ 85.3609317, 27.6408618 ], [ 85.3610632, 27.6411113 ], [ 85.3611644, 27.6415278 ], [ 85.3612861, 27.6416819 ], [ 85.3616822, 27.6421833 ], [ 85.3617809, 27.6422697 ], [ 85.3619753, 27.6424398 ], [ 85.3623017, 27.6427254 ], [ 85.3624588, 27.6427641 ], [ 85.3625728, 27.6429429 ], [ 85.3627188, 27.6431672 ], [ 85.3631982, 27.6432474 ], [ 85.3635301, 27.6429226 ], [ 85.3636703, 27.6428601 ], [ 85.3638764, 27.6428648 ], [ 85.3641122, 27.6431792 ], [ 85.3641959, 27.6433236 ], [ 85.3641811, 27.6436176 ], [ 85.3643889, 27.6445457 ], [ 85.3644985, 27.6447261 ], [ 85.3645592, 27.6448203 ], [ 85.3645819, 27.6449093 ], [ 85.3645801, 27.6450272 ], [ 85.3645798, 27.6450841 ], [ 85.3647587, 27.6452947 ], [ 85.3649379, 27.6454776 ], [ 85.3649466, 27.6457589 ], [ 85.3649656, 27.6459835 ], [ 85.3649895, 27.646418 ], [ 85.3650142, 27.6466929 ], [ 85.3649923, 27.6469629 ], [ 85.3650079, 27.6471609 ], [ 85.3651093, 27.6473406 ], [ 85.3651491, 27.6475344 ], [ 85.3652192, 27.6476868 ], [ 85.3652843, 27.6478171 ], [ 85.3653671, 27.647932 ], [ 85.3653903, 27.6480762 ], [ 85.3653924, 27.6481641 ], [ 85.3654595, 27.6482514 ], [ 85.3656354, 27.6483414 ], [ 85.3659524, 27.6486321 ], [ 85.36624, 27.6488997 ], [ 85.3663087, 27.6491908 ], [ 85.3661165, 27.6496957 ], [ 85.365563, 27.6501517 ], [ 85.3652777, 27.6503543 ], [ 85.3651194, 27.6504425 ], [ 85.3650191, 27.6504855 ], [ 85.3649021, 27.6504952 ], [ 85.3648153, 27.650528 ], [ 85.3647846, 27.6505884 ], [ 85.364801, 27.6506612 ], [ 85.3648485, 27.6507313 ], [ 85.3649796, 27.6508265 ], [ 85.3650069, 27.650883 ], [ 85.3650168, 27.6510294 ], [ 85.3651635, 27.6512305 ], [ 85.3653055, 27.651551 ], [ 85.3654771, 27.6518315 ], [ 85.3657245, 27.6523107 ], [ 85.365787, 27.6524968 ], [ 85.3657878, 27.6526072 ], [ 85.3657591, 27.6526964 ], [ 85.3657229, 27.6527544 ], [ 85.3656812, 27.6527917 ], [ 85.3655782, 27.6528613 ], [ 85.3654916, 27.6529415 ], [ 85.3653717, 27.6530124 ], [ 85.3652785, 27.653076 ], [ 85.3652083, 27.6531444 ], [ 85.3651366, 27.6532222 ], [ 85.3650255, 27.6532749 ], [ 85.364948, 27.653313 ], [ 85.3649162, 27.6533444 ], [ 85.3648724, 27.6535797 ], [ 85.3648814, 27.6536626 ], [ 85.3649251, 27.6538032 ], [ 85.3649447, 27.653974 ], [ 85.3649263, 27.6542524 ], [ 85.3648831, 27.6542891 ], [ 85.3647659, 27.6542995 ], [ 85.3645894, 27.654344 ], [ 85.3644568, 27.6544166 ], [ 85.3642912, 27.6545248 ], [ 85.3642266, 27.6545485 ], [ 85.3641573, 27.6545658 ], [ 85.3640795, 27.6545735 ], [ 85.363632, 27.6545285 ], [ 85.3635971, 27.6545806 ], [ 85.3635916, 27.654635 ], [ 85.3636051, 27.6546877 ], [ 85.3636687, 27.6547816 ], [ 85.3636996, 27.6548552 ], [ 85.3637135, 27.6549776 ], [ 85.3635301, 27.6554626 ], [ 85.3634771, 27.6556471 ], [ 85.3634716, 27.655722 ], [ 85.3634303, 27.6557597 ], [ 85.3631814, 27.6557516 ], [ 85.3629246, 27.6557779 ], [ 85.3628048, 27.6557504 ], [ 85.3624576, 27.6556627 ], [ 85.3623472, 27.6556516 ], [ 85.3622505, 27.6556669 ], [ 85.3619749, 27.6557788 ], [ 85.3618867, 27.6558146 ], [ 85.3618565, 27.6558708 ], [ 85.3618801, 27.6561111 ], [ 85.3619215, 27.6561649 ], [ 85.362076, 27.6562803 ], [ 85.3621107, 27.6563447 ], [ 85.3621724, 27.6565979 ], [ 85.3621909, 27.6567111 ], [ 85.3621967, 27.6568595 ], [ 85.362219, 27.6570115 ], [ 85.3622002, 27.6571013 ], [ 85.3620964, 27.6573217 ], [ 85.3620358, 27.6573892 ], [ 85.3618797, 27.6574881 ], [ 85.3618483, 27.6575449 ], [ 85.3618246, 27.6575957 ], [ 85.361816, 27.6576244 ], [ 85.3617594, 27.6576916 ], [ 85.3617238, 27.657734 ], [ 85.3616495, 27.6577789 ], [ 85.3615992, 27.6577999 ], [ 85.3614483, 27.6578545 ], [ 85.3612346, 27.6579448 ], [ 85.3612073, 27.6579683 ], [ 85.3611909, 27.6579944 ], [ 85.3611854, 27.6580266 ], [ 85.3611771, 27.6581808 ], [ 85.3611814, 27.6583366 ], [ 85.3612563, 27.6586212 ], [ 85.3613107, 27.6587655 ], [ 85.3613487, 27.6588998 ], [ 85.3613667, 27.6590079 ], [ 85.3613667, 27.6590785 ], [ 85.3614419, 27.6592606 ], [ 85.3614753, 27.6594118 ], [ 85.3614841, 27.659579 ], [ 85.3615039, 27.6596282 ], [ 85.3614983, 27.659678 ], [ 85.3614672, 27.6597811 ], [ 85.3614509, 27.6599074 ], [ 85.3614306, 27.6600461 ], [ 85.3613872, 27.6601458 ], [ 85.3612578, 27.6603681 ], [ 85.3611701, 27.6604757 ], [ 85.3610308, 27.6606402 ], [ 85.3610202, 27.6606884 ], [ 85.3610266, 27.6609016 ], [ 85.3610515, 27.6611505 ], [ 85.3609096, 27.6615699 ], [ 85.3608918, 27.6616547 ], [ 85.3609056, 27.6617536 ], [ 85.3609596, 27.6617899 ], [ 85.3611639, 27.6617518 ], [ 85.3614027, 27.6617396 ], [ 85.3614553, 27.6617831 ], [ 85.3614945, 27.6618392 ], [ 85.3614944, 27.6618799 ], [ 85.3614228, 27.6619174 ], [ 85.3614994, 27.6621147 ], [ 85.3614474, 27.6623536 ], [ 85.361327, 27.6627766 ], [ 85.3614162, 27.6630064 ], [ 85.3614586, 27.6630612 ], [ 85.3615706, 27.6630791 ], [ 85.3617718, 27.6631041 ], [ 85.3619298, 27.6631469 ], [ 85.3620521, 27.663164 ], [ 85.3621503, 27.6631508 ], [ 85.3623315, 27.6631237 ], [ 85.3624859, 27.6631276 ], [ 85.3625364, 27.6631442 ], [ 85.3625567, 27.6632323 ], [ 85.3626231, 27.6633498 ], [ 85.3627641, 27.6634732 ], [ 85.3629617, 27.6636563 ], [ 85.3630881, 27.6638 ], [ 85.3631863, 27.6639451 ], [ 85.3632686, 27.6641366 ], [ 85.3633303, 27.6642745 ], [ 85.3633572, 27.6643739 ], [ 85.3633605, 27.6647524 ], [ 85.3633309, 27.6650632 ], [ 85.3632334, 27.665298 ], [ 85.3631438, 27.66546 ], [ 85.3630124, 27.665624 ], [ 85.3628585, 27.6657443 ], [ 85.3628164, 27.6657847 ], [ 85.3627893, 27.6658288 ], [ 85.3627606, 27.6659038 ], [ 85.362755, 27.6659782 ], [ 85.3627563, 27.6660528 ], [ 85.3627688, 27.6661111 ], [ 85.3627875, 27.6661627 ], [ 85.362817, 27.6662047 ], [ 85.3628594, 27.6662762 ], [ 85.3630716, 27.6665306 ], [ 85.3630901, 27.6665783 ], [ 85.3630901, 27.6666097 ], [ 85.3630671, 27.6666486 ], [ 85.362998, 27.6667092 ], [ 85.3629225, 27.6667456 ], [ 85.3628064, 27.6667745 ], [ 85.3626956, 27.6667843 ], [ 85.3624933, 27.6667723 ], [ 85.3622834, 27.6667372 ], [ 85.3621049, 27.6667146 ], [ 85.3620201, 27.666722 ], [ 85.3619338, 27.666757 ], [ 85.3618785, 27.6668087 ], [ 85.3618645, 27.6668484 ], [ 85.3617777, 27.6671359 ], [ 85.3616775, 27.6674147 ], [ 85.361657, 27.667534 ], [ 85.3616344, 27.6676485 ], [ 85.3616147, 27.6677258 ], [ 85.3615378, 27.6678894 ], [ 85.3614251, 27.6681645 ], [ 85.3613488, 27.6683295 ], [ 85.3610882, 27.6687385 ], [ 85.3609807, 27.6688881 ], [ 85.3608872, 27.669004 ], [ 85.3607608, 27.6691491 ], [ 85.360729, 27.6691982 ] ] } },
{ "type": "Feature", "properties": { "name": "Nallu Khola", "waterway": "river" }, "geometry": { "type": "LineString", "coordinates": [ [ 85.3112501, 27.5813586 ], [ 85.3112652, 27.5817125 ], [ 85.3113272, 27.5820483 ], [ 85.3113749, 27.5824352 ], [ 85.3114469, 27.5827767 ], [ 85.3114427, 27.5828524 ], [ 85.3114093, 27.5834522 ], [ 85.3114141, 27.5835108 ], [ 85.3114471, 27.583916 ], [ 85.3116209, 27.5842752 ], [ 85.3117556, 27.5844621 ], [ 85.3119138, 27.5846818 ], [ 85.3119631, 27.5848597 ], [ 85.3119558, 27.5850616 ], [ 85.3119119, 27.5851609 ], [ 85.3116759, 27.5856956 ], [ 85.3116244, 27.5859832 ], [ 85.311494, 27.5864399 ], [ 85.3114685, 27.5865768 ], [ 85.3115846, 27.5869819 ], [ 85.3116732, 27.5873566 ], [ 85.3114911, 27.5879484 ], [ 85.3114226, 27.5886045 ], [ 85.3115758, 27.5889319 ], [ 85.3118974, 27.589301 ], [ 85.3122278, 27.5896176 ], [ 85.3126134, 27.589849 ], [ 85.313574, 27.5903138 ], [ 85.3137705, 27.5904993 ], [ 85.3139723, 27.5909075 ], [ 85.3138225, 27.5913523 ], [ 85.3133121, 27.591873 ], [ 85.3132627, 27.592177 ], [ 85.31334, 27.592321 ], [ 85.3134248, 27.5924123 ], [ 85.3138383, 27.5925568 ], [ 85.3141029, 27.5926957 ], [ 85.3142744, 27.5928784 ], [ 85.3144335, 27.5930686 ], [ 85.3144622, 27.5933287 ], [ 85.3143773, 27.5938257 ], [ 85.3143954, 27.5940759 ], [ 85.3145288, 27.5942887 ], [ 85.3159934, 27.5951788 ], [ 85.3166433, 27.5957038 ], [ 85.3167241, 27.5959458 ], [ 85.3168662, 27.5962454 ], [ 85.3166324, 27.5965348 ], [ 85.3164409, 27.5969952 ], [ 85.3160415, 27.5990791 ], [ 85.3161928, 27.5997747 ], [ 85.3164484, 27.6001956 ], [ 85.3167614, 27.6003866 ], [ 85.3171259, 27.6005372 ], [ 85.3177373, 27.6009455 ], [ 85.3179149, 27.6012735 ], [ 85.3179644, 27.6016274 ], [ 85.3182013, 27.6019227 ], [ 85.3185784, 27.6022753 ], [ 85.3193064, 27.6027986 ], [ 85.319433, 27.60298 ], [ 85.3194582, 27.6031918 ], [ 85.3193225, 27.6035315 ], [ 85.3190896, 27.6038554 ], [ 85.3190092, 27.6043039 ], [ 85.3190164, 27.6046244 ], [ 85.3191101, 27.6049942 ], [ 85.3188059, 27.6055383 ], [ 85.3185708, 27.60583 ], [ 85.318269, 27.6060757 ], [ 85.3176326, 27.6069937 ], [ 85.3173997, 27.6071426 ], [ 85.3163555, 27.6068354 ], [ 85.3159725, 27.6068911 ], [ 85.3156274, 27.6070897 ], [ 85.3151292, 27.6072975 ], [ 85.314633, 27.6073133 ], [ 85.3143277, 27.6073827 ], [ 85.3141894, 27.6075954 ], [ 85.3140974, 27.6081828 ], [ 85.3137962, 27.6084184 ], [ 85.3131235, 27.6085986 ] ] } },
{ "type": "Feature", "properties": { "name": "Thulo Khola", "waterway": "stream" }, "geometry": { "type": "LineString", "coordinates": [ [ 85.2705064, 27.7851356 ], [ 85.2704716, 27.7851142 ], [ 85.270375, 27.7850525 ], [ 85.2702919, 27.7849908 ], [ 85.2701712, 27.7848793 ], [ 85.2700934, 27.7847654 ], [ 85.2700558, 27.7846396 ], [ 85.2700129, 27.7845898 ], [ 85.2699459, 27.78454 ], [ 85.2698627, 27.7844925 ], [ 85.2697742, 27.7844308 ], [ 85.2696776, 27.7843478 ], [ 85.2696401, 27.7842173 ], [ 85.2695516, 27.784063 ], [ 85.2694336, 27.7839657 ], [ 85.2692458, 27.7838684 ], [ 85.2689561, 27.7837261 ], [ 85.2686986, 27.783605 ], [ 85.2684465, 27.7835149 ], [ 85.2681783, 27.7833962 ], [ 85.2679557, 27.7832728 ], [ 85.267835, 27.7830545 ], [ 85.2678403, 27.7829881 ], [ 85.2678832, 27.7829406 ], [ 85.2680227, 27.7829406 ], [ 85.2681863, 27.7829358 ], [ 85.2683097, 27.782905 ], [ 85.2684331, 27.7826535 ], [ 85.2685779, 27.7823711 ], [ 85.2686128, 27.7822263 ], [ 85.2685511, 27.7821551 ], [ 85.2683929, 27.7820507 ], [ 85.2682561, 27.7818941 ], [ 85.2682132, 27.7817612 ], [ 85.2682051, 27.7816307 ], [ 85.268189, 27.7814171 ], [ 85.2680898, 27.7811371 ], [ 85.2678241, 27.7808867 ], [ 85.2671816, 27.7805169 ], [ 85.2668069, 27.7805029 ], [ 85.2663901, 27.7804749 ], [ 85.2661613, 27.7803991 ], [ 85.2659783, 27.7804833 ], [ 85.2656291, 27.7805464 ], [ 85.2655364, 27.7804291 ], [ 85.2654034, 27.7801668 ], [ 85.265319, 27.7799427 ], [ 85.2651924, 27.7798074 ], [ 85.26467, 27.7796253 ], [ 85.2642796, 27.779784 ], [ 85.2639999, 27.7799334 ], [ 85.2636623, 27.7800174 ], [ 85.2634512, 27.7799101 ], [ 85.2633828, 27.7795857 ], [ 85.2632622, 27.7794734 ], [ 85.2630572, 27.779404 ], [ 85.2629279, 27.7792968 ], [ 85.2628554, 27.7792303 ], [ 85.2627743, 27.7792341 ], [ 85.2626123, 27.7792939 ], [ 85.2624118, 27.7794106 ], [ 85.2622851, 27.7793545 ], [ 85.2619105, 27.7790511 ], [ 85.2617364, 27.778827 ], [ 85.2615095, 27.7788084 ], [ 85.2613037, 27.7787523 ], [ 85.261098, 27.778617 ], [ 85.2607022, 27.778603 ], [ 85.2601377, 27.7786263 ], [ 85.2600321, 27.7783789 ], [ 85.2598, 27.7781361 ], [ 85.2596048, 27.7781035 ], [ 85.2592407, 27.7782108 ], [ 85.2591781, 27.7782431 ], [ 85.2591141, 27.7782762 ], [ 85.2586761, 27.7785749 ], [ 85.2586055, 27.7786632 ], [ 85.2585657, 27.7787729 ], [ 85.2586095, 27.7789788 ], [ 85.2585811, 27.7791165 ], [ 85.2585451, 27.7791781 ], [ 85.2584829, 27.7792153 ], [ 85.2582359, 27.7791962 ], [ 85.2580878, 27.7791627 ], [ 85.2579497, 27.7791936 ], [ 85.2577422, 27.7792892 ], [ 85.2576156, 27.7794059 ], [ 85.2575364, 27.7796066 ], [ 85.2576736, 27.7797607 ], [ 85.2577211, 27.7799474 ], [ 85.2575786, 27.7801108 ], [ 85.2571724, 27.7802602 ], [ 85.2568611, 27.7804049 ], [ 85.2566236, 27.7806243 ], [ 85.2564973, 27.7806554 ], [ 85.2564007, 27.7806385 ], [ 85.2561868, 27.7803712 ], [ 85.2557784, 27.7800095 ], [ 85.255592, 27.7798948 ], [ 85.2553972, 27.7798169 ], [ 85.2550325, 27.7798213 ], [ 85.254943, 27.7798279 ], [ 85.2547506, 27.7797785 ], [ 85.2545974, 27.7795591 ], [ 85.254407, 27.779354 ], [ 85.25433, 27.7793158 ], [ 85.2542469, 27.7793134 ], [ 85.2541323, 27.7793611 ], [ 85.2539823, 27.7794495 ], [ 85.2538458, 27.779461 ], [ 85.253672, 27.7793947 ], [ 85.2535336, 27.7786796 ], [ 85.2536168, 27.7785562 ], [ 85.2537425, 27.7784544 ], [ 85.2538346, 27.7781727 ], [ 85.2538417, 27.7778213 ], [ 85.2538093, 27.7775074 ], [ 85.2538371, 27.7773276 ], [ 85.2537921, 27.7771317 ], [ 85.2534793, 27.7770155 ], [ 85.2532638, 27.7769389 ], [ 85.2531983, 27.7768533 ], [ 85.2532135, 27.7765633 ], [ 85.2531851, 27.7763384 ], [ 85.2530664, 27.7761742 ], [ 85.2523172, 27.7755748 ], [ 85.2521186, 27.7754419 ], [ 85.2519411, 27.7751112 ], [ 85.2516579, 27.7751757 ], [ 85.2514177, 27.7753044 ], [ 85.2510873, 27.7754842 ], [ 85.2508668, 27.7754063 ], [ 85.2507219, 27.7752862 ], [ 85.2506527, 27.7751118 ], [ 85.2505414, 27.7747707 ], [ 85.2502828, 27.7747792 ], [ 85.2501114, 27.7750482 ], [ 85.2499627, 27.7751847 ], [ 85.2497815, 27.7752828 ], [ 85.2496095, 27.7752281 ], [ 85.2494953, 27.7751271 ], [ 85.2494753, 27.7750485 ], [ 85.2495355, 27.7748739 ], [ 85.2496821, 27.7745981 ], [ 85.2498017, 27.774427 ], [ 85.2498137, 27.7742984 ], [ 85.2497716, 27.7741698 ], [ 85.2496268, 27.7740673 ], [ 85.2495181, 27.7740286 ], [ 85.2493588, 27.7740348 ], [ 85.2491887, 27.7740761 ], [ 85.2489062, 27.7740694 ], [ 85.2483665, 27.773976 ], [ 85.2479763, 27.7738571 ], [ 85.2478101, 27.7737705 ], [ 85.2476655, 27.773652 ], [ 85.2473995, 27.7731287 ], [ 85.2466015, 27.7727992 ], [ 85.2456502, 27.7733004 ], [ 85.2463175, 27.7745909 ] ] } },
{ "type": "Feature", "properties": { "name": "Manohara River", "waterway": "river" }, "geometry": { "type": "LineString", "coordinates": [ [ 85.4283906, 27.7251737 ], [ 85.4282491, 27.7251584 ], [ 85.4279916, 27.7251531 ], [ 85.4276222, 27.7251569 ], [ 85.4270858, 27.7251521 ], [ 85.4261022, 27.7251157 ], [ 85.4256302, 27.7250192 ], [ 85.4250151, 27.7248878 ], [ 85.4246761, 27.72486 ], [ 85.4244992, 27.7248435 ], [ 85.4242567, 27.7246726 ], [ 85.4239261, 27.7244968 ], [ 85.4236944, 27.7241963 ], [ 85.4236467, 27.7238442 ], [ 85.4236472, 27.7235803 ], [ 85.4235077, 27.7232052 ], [ 85.4230186, 27.7228265 ], [ 85.422678, 27.7225024 ], [ 85.4225493, 27.7222927 ], [ 85.4223562, 27.7221937 ], [ 85.4215436, 27.7216997 ], [ 85.4209158, 27.7214583 ], [ 85.4204807, 27.7213489 ], [ 85.4200978, 27.721265 ], [ 85.419693, 27.7211631 ], [ 85.4191221, 27.7210602 ], [ 85.4187295, 27.7209518 ], [ 85.4183628, 27.7207378 ], [ 85.4180653, 27.7204492 ], [ 85.4175611, 27.7200033 ], [ 85.417269, 27.7196084 ], [ 85.4171108, 27.7194222 ], [ 85.4169688, 27.7193047 ], [ 85.4167664, 27.7192085 ], [ 85.4165276, 27.7190324 ], [ 85.4161477, 27.7188047 ], [ 85.4155466, 27.7184681 ], [ 85.4153118, 27.7182821 ], [ 85.4151201, 27.7179661 ], [ 85.4150934, 27.717774 ], [ 85.4150966, 27.7175646 ], [ 85.4152379, 27.7172581 ], [ 85.4152114, 27.7170536 ], [ 85.4150042, 27.7168631 ], [ 85.4140871, 27.7164521 ], [ 85.413928, 27.7163115 ], [ 85.4138472, 27.716107 ], [ 85.4137199, 27.7159597 ], [ 85.4133947, 27.7157662 ], [ 85.413105, 27.7156696 ], [ 85.4129452, 27.7156201 ], [ 85.4127159, 27.7154957 ], [ 85.4125018, 27.7153318 ], [ 85.4123893, 27.7152155 ], [ 85.4122406, 27.7149985 ], [ 85.4121048, 27.7148225 ], [ 85.4119617, 27.7146732 ], [ 85.41174, 27.7145054 ], [ 85.411558, 27.7143637 ], [ 85.4114119, 27.7142392 ], [ 85.411285, 27.7141334 ], [ 85.4112775, 27.7140553 ], [ 85.4113806, 27.71367 ], [ 85.4117377, 27.7132397 ], [ 85.4118574, 27.7128933 ], [ 85.4118806, 27.7125837 ], [ 85.4118352, 27.7123019 ], [ 85.4118062, 27.7122212 ], [ 85.411748, 27.7120942 ], [ 85.4116294, 27.7119689 ], [ 85.4115004, 27.7119167 ], [ 85.4111949, 27.7117874 ], [ 85.4110636, 27.7117377 ], [ 85.4109026, 27.7117019 ], [ 85.4107228, 27.7116806 ], [ 85.4104925, 27.7116731 ], [ 85.4101688, 27.7116799 ], [ 85.4099286, 27.7116409 ], [ 85.4097362, 27.7115863 ], [ 85.4093857, 27.711527 ], [ 85.4090524, 27.7114026 ], [ 85.4084488, 27.7111846 ], [ 85.4081689, 27.7110782 ], [ 85.4071641, 27.7107648 ], [ 85.4068685, 27.7106582 ], [ 85.4066079, 27.7104903 ], [ 85.4064023, 27.7102747 ], [ 85.4061917, 27.7098874 ], [ 85.4059964, 27.70964 ], [ 85.4058358, 27.7094816 ], [ 85.4056359, 27.7091858 ], [ 85.4054875, 27.7090233 ], [ 85.4054704, 27.7086615 ], [ 85.4053655, 27.7085416 ], [ 85.4052668, 27.7084076 ], [ 85.4051292, 27.7082144 ], [ 85.4049808, 27.7079596 ], [ 85.4048037, 27.7077078 ], [ 85.404666, 27.7074814 ], [ 85.4044532, 27.707274 ], [ 85.4042842, 27.7071473 ], [ 85.403858, 27.7069912 ], [ 85.4033185, 27.7068309 ], [ 85.4030892, 27.7068805 ], [ 85.4028855, 27.7069266 ], [ 85.4027266, 27.706924 ], [ 85.4025987, 27.7068191 ], [ 85.4024772, 27.7066636 ], [ 85.4023466, 27.7065697 ], [ 85.4020418, 27.7064767 ], [ 85.4017494, 27.7063473 ], [ 85.4013363, 27.7063139 ], [ 85.4009117, 27.706313 ] ] } },
{ "type": "Feature", "properties": { "name": "Hanumante", "waterway": "river" }, "geometry": { "type": "LineString", "coordinates": [ [ 85.3742967, 27.6713263 ], [ 85.3741872, 27.671384 ], [ 85.374074, 27.6714392 ], [ 85.3739496, 27.6714469 ], [ 85.3738427, 27.6714074 ], [ 85.3734677, 27.6711328 ], [ 85.3732984, 27.671077 ], [ 85.3731751, 27.6710652 ], [ 85.3730439, 27.6710844 ], [ 85.3728322, 27.6711411 ], [ 85.3725824, 27.6711958 ], [ 85.3724875, 27.6711974 ], [ 85.3722304, 27.671132 ], [ 85.3720843, 27.671122 ], [ 85.3718455, 27.6711319 ], [ 85.3716622, 27.6711314 ], [ 85.3715136, 27.6710899 ], [ 85.37135, 27.6710434 ], [ 85.3712137, 27.6710333 ], [ 85.3710796, 27.6710497 ], [ 85.370975, 27.6710803 ], [ 85.3704435, 27.6713219 ], [ 85.3703398, 27.6713632 ], [ 85.3702771, 27.6713667 ], [ 85.3702159, 27.6713438 ], [ 85.3698419, 27.6711761 ], [ 85.3697765, 27.6711093 ], [ 85.3697165, 27.6710501 ], [ 85.3695055, 27.6709103 ], [ 85.3692488, 27.6707991 ], [ 85.3691241, 27.6707858 ], [ 85.3689686, 27.6707967 ], [ 85.3685662, 27.6708516 ], [ 85.3680621, 27.6709306 ], [ 85.3677557, 27.6709939 ], [ 85.3675565, 27.6710504 ], [ 85.3673794, 27.6711109 ], [ 85.3672218, 27.6711735 ], [ 85.3668629, 27.6713529 ], [ 85.3665839, 27.671489 ], [ 85.3664812, 27.6715349 ], [ 85.3664202, 27.6715821 ], [ 85.3662771, 27.6717289 ], [ 85.3661422, 27.671852 ], [ 85.3660072, 27.6719449 ], [ 85.3658485, 27.6720942 ], [ 85.3656757, 27.6723009 ], [ 85.3655741, 27.6725262 ], [ 85.365531, 27.6725901 ], [ 85.3652932, 27.6728439 ], [ 85.3651804, 27.6729197 ], [ 85.3650889, 27.6729605 ], [ 85.3649758, 27.672992 ], [ 85.3648863, 27.6729902 ], [ 85.3645718, 27.6728989 ], [ 85.3643452, 27.672779 ] ] } },
{ "type": "Feature", "properties": { "name": "Punyamata River", "waterway": "stream" }, "geometry": { "type": "LineString", "coordinates": [ [ 85.5280723, 27.6583319 ], [ 85.5279569, 27.6581574 ], [ 85.5278949, 27.6579467 ], [ 85.5280359, 27.6575739 ], [ 85.5275678, 27.6573038 ], [ 85.5272859, 27.6569847 ], [ 85.5270431, 27.6566864 ], [ 85.5269762, 27.6564383 ], [ 85.5268793, 27.6562531 ], [ 85.5268158, 27.6560811 ], [ 85.5266772, 27.6552542 ], [ 85.5261189, 27.6550767 ], [ 85.5254905, 27.6553956 ], [ 85.5243752, 27.6556237 ], [ 85.5237176, 27.6555425 ], [ 85.5236045, 27.6556401 ], [ 85.5234089, 27.6555549 ], [ 85.5231923, 27.6556379 ], [ 85.5228637, 27.6556959 ], [ 85.5225517, 27.6557893 ], [ 85.5222925, 27.6558298 ], [ 85.5220951, 27.6558033 ], [ 85.5220151, 27.6559233 ], [ 85.5218947, 27.6560414 ], [ 85.5216398, 27.6561561 ], [ 85.5214264, 27.6563149 ], [ 85.5213295, 27.6564518 ], [ 85.5212134, 27.6565505 ], [ 85.5211059, 27.6566657 ], [ 85.5206768, 27.6567607 ], [ 85.5203227, 27.6566942 ], [ 85.5198373, 27.6566585 ], [ 85.5194429, 27.6566276 ], [ 85.518885, 27.6566466 ], [ 85.5183593, 27.6565896 ], [ 85.5175445, 27.65624 ], [ 85.5174097, 27.6561627 ], [ 85.516617, 27.655879 ], [ 85.5164625, 27.6558028 ], [ 85.5162778, 27.6557315 ], [ 85.5160985, 27.6556684 ], [ 85.5158559, 27.6556347 ], [ 85.5153723, 27.6555125 ], [ 85.5152248, 27.6554338 ], [ 85.5149695, 27.6553046 ], [ 85.5148062, 27.6552063 ], [ 85.5145399, 27.6550574 ], [ 85.5143686, 27.654976 ], [ 85.5141657, 27.6548173 ], [ 85.5139484, 27.6547232 ], [ 85.5137645, 27.6545954 ], [ 85.5135758, 27.6542667 ], [ 85.5135394, 27.6541432 ], [ 85.5134379, 27.6540139 ], [ 85.5133903, 27.6538988 ], [ 85.5133853, 27.6538317 ], [ 85.5133713, 27.6535729 ], [ 85.5133142, 27.6534409 ], [ 85.5133174, 27.6532836 ], [ 85.513311, 27.6531081 ], [ 85.513246, 27.6529508 ], [ 85.5131683, 27.6528525 ], [ 85.5130811, 27.652771 ], [ 85.5129765, 27.6527036 ], [ 85.5129273, 27.6527092 ], [ 85.5128988, 27.6527541 ], [ 85.5129101, 27.6527952 ], [ 85.5129435, 27.6529169 ], [ 85.5127878, 27.6528763 ], [ 85.5127069, 27.6527808 ], [ 85.5126879, 27.6525982 ], [ 85.5126657, 27.6524606 ], [ 85.5126784, 27.6523202 ], [ 85.5126911, 27.6521713 ], [ 85.5127212, 27.6520028 ], [ 85.5127545, 27.6518033 ], [ 85.5127386, 27.6516404 ], [ 85.5126546, 27.6515477 ], [ 85.5125341, 27.6515014 ], [ 85.5124834, 27.6514536 ], [ 85.5125119, 27.6513398 ], [ 85.5125975, 27.6511615 ], [ 85.5126863, 27.6508216 ], [ 85.5128005, 27.650625 ], [ 85.5128528, 27.6504536 ], [ 85.512933, 27.6502522 ], [ 85.5131068, 27.6501461 ], [ 85.5132984, 27.6501193 ], [ 85.5133903, 27.6500379 ], [ 85.5134236, 27.6499466 ], [ 85.5134506, 27.6497766 ], [ 85.5135076, 27.6495561 ], [ 85.5133348, 27.6493792 ], [ 85.5132143, 27.6492345 ], [ 85.5131081, 27.6491039 ], [ 85.5130098, 27.6489859 ], [ 85.512783, 27.6486544 ], [ 85.5125642, 27.6483145 ], [ 85.5124453, 27.6481319 ], [ 85.5123438, 27.6479873 ], [ 85.5122189, 27.6478214 ], [ 85.5120924, 27.6476308 ], [ 85.5118903, 27.6474292 ], [ 85.511802, 27.6472346 ], [ 85.5116641, 27.6469956 ], [ 85.5115825, 27.6469098 ] ] } },
{ "type": "Feature", "properties": { "name": "Punyamata River", "waterway": "stream" }, "geometry": { "type": "LineString", "coordinates": [ [ 85.5057172, 27.6702849 ], [ 85.5054362, 27.6701529 ], [ 85.5051595, 27.6699493 ], [ 85.505053, 27.6697117 ], [ 85.5050189, 27.6692819 ], [ 85.5048188, 27.6689613 ], [ 85.5044186, 27.6683618 ], [ 85.5039545, 27.6679357 ], [ 85.5038608, 27.6677999 ], [ 85.5038566, 27.66737 ], [ 85.5038821, 27.6669401 ], [ 85.5039375, 27.666646 ], [ 85.5037331, 27.6665027 ], [ 85.5032988, 27.6663142 ], [ 85.5031285, 27.6661671 ], [ 85.5029156, 27.6658881 ], [ 85.5026346, 27.6656467 ], [ 85.5023962, 27.6653375 ], [ 85.502179, 27.6650999 ], [ 85.5020258, 27.6649415 ], [ 85.5016638, 27.6646851 ], [ 85.5013275, 27.6644362 ], [ 85.5010294, 27.6643608 ], [ 85.5008166, 27.6643193 ], [ 85.5005143, 27.6641723 ], [ 85.5006207, 27.6639649 ], [ 85.5008336, 27.6638668 ], [ 85.5010082, 27.6636933 ], [ 85.5011487, 27.6634859 ], [ 85.5012977, 27.6632446 ], [ 85.501451, 27.6630259 ], [ 85.5014935, 27.6627468 ], [ 85.5013999, 27.6624941 ], [ 85.5013156, 27.6622475 ], [ 85.501253, 27.6621828 ], [ 85.5011246, 27.6620058 ], [ 85.5010421, 27.6618766 ], [ 85.5009613, 27.6617559 ], [ 85.5008867, 27.6615972 ], [ 85.5008122, 27.6614792 ], [ 85.5007726, 27.6613837 ], [ 85.5007694, 27.6612545 ], [ 85.5007583, 27.6610762 ], [ 85.5008122, 27.6609048 ], [ 85.5008503, 27.6607166 ], [ 85.500882, 27.6605776 ], [ 85.5008947, 27.6604189 ], [ 85.5009153, 27.6602377 ], [ 85.5009184, 27.6601057 ], [ 85.5009438, 27.6599555 ], [ 85.5009819, 27.6597645 ], [ 85.5010294, 27.6596409 ], [ 85.5010929, 27.6594766 ], [ 85.5011769, 27.659353 ], [ 85.5013053, 27.6592659 ], [ 85.5014544, 27.6591423 ], [ 85.5015669, 27.6590244 ], [ 85.5016494, 27.6588755 ], [ 85.5017049, 27.6587646 ], [ 85.501716, 27.658596 ], [ 85.5017255, 27.6584444 ], [ 85.5017398, 27.6582295 ], [ 85.5017715, 27.6580006 ], [ 85.5018143, 27.657832 ], [ 85.5018175, 27.6577169 ], [ 85.5018048, 27.6575568 ], [ 85.5017465, 27.6569467 ], [ 85.5016237, 27.6571442 ], [ 85.5016174, 27.6570529 ] ] } },
{ "type": "Feature", "properties": { "name": "Rajkulo", "waterway": "canal" }, "geometry": { "type": "LineString", "coordinates": [ [ 85.3469629, 27.6239548 ], [ 85.3469302, 27.6240812 ], [ 85.3469502, 27.6241442 ], [ 85.3470956, 27.6243821 ], [ 85.3471981, 27.6247399 ], [ 85.3471405, 27.6247853 ], [ 85.346983, 27.624778 ], [ 85.3469468, 27.6252881 ], [ 85.3462822, 27.6258235 ], [ 85.3461501, 27.6258793 ], [ 85.3459466, 27.6261549 ], [ 85.3458542, 27.626148 ], [ 85.3457306, 27.6260225 ], [ 85.3456357, 27.6259931 ], [ 85.3454397, 27.6260505 ], [ 85.3453557, 27.6262425 ] ] } },
{ "type": "Feature", "properties": { "name": "Khola River", "waterway": "stream" }, "geometry": { "type": "LineString", "coordinates": [ [ 85.3240155, 27.6408232 ], [ 85.3240472, 27.6410403 ], [ 85.3242801, 27.6412603 ], [ 85.324468, 27.6413564 ], [ 85.3246194, 27.6413631 ], [ 85.3248821, 27.6413069 ], [ 85.3253267, 27.6413706 ], [ 85.3256124, 27.6413596 ], [ 85.3262289, 27.6413177 ], [ 85.3263013, 27.6413207 ], [ 85.3265483, 27.6413311 ], [ 85.3268494, 27.6414625 ], [ 85.327068, 27.6418628 ], [ 85.3271195, 27.6422826 ], [ 85.3270997, 27.6425386 ], [ 85.327085, 27.6426497 ], [ 85.3271629, 27.6427502 ], [ 85.3272414, 27.6428135 ], [ 85.3272566, 27.6429613 ], [ 85.3271921, 27.643156 ], [ 85.3268491, 27.6436544 ] ] } },
{ "type": "Feature", "properties": { "name": "Kasan Khola", "waterway": "stream" }, "geometry": { "type": "LineString", "coordinates": [ [ 85.4521437, 27.6954778 ], [ 85.452076, 27.6955115 ] ] } },
{ "type": "Feature", "properties": { "name": "Kasan Khola", "waterway": "stream" }, "geometry": { "type": "LineString", "coordinates": [ [ 85.452291, 27.6953955 ], [ 85.4521437, 27.6954778 ] ] } },
{ "type": "Feature", "properties": { "name": "Kasan Khola", "waterway": "stream" }, "geometry": { "type": "LineString", "coordinates": [ [ 85.452076, 27.6955115 ], [ 85.4520229, 27.6955354 ], [ 85.4517568, 27.6957202 ], [ 85.4515869, 27.6958209 ], [ 85.4514372, 27.6958699 ], [ 85.4512898, 27.6958687 ], [ 85.4509372, 27.6957785 ], [ 85.4507173, 27.6957649 ], [ 85.4505946, 27.6958283 ], [ 85.4504003, 27.6959596 ], [ 85.4502417, 27.6966025 ], [ 85.4503336, 27.6976297 ], [ 85.4505713, 27.6979154 ], [ 85.4510803, 27.698155 ], [ 85.4516019, 27.6982727 ], [ 85.4518609, 27.6985321 ], [ 85.4519292, 27.6988522 ], [ 85.4518167, 27.6991239 ], [ 85.4515712, 27.699468 ], [ 85.4517042, 27.6997306 ], [ 85.4516939, 27.6998846 ] ] } },
{ "type": "Feature", "properties": { "name": "Kolmati Khola", "waterway": "stream" }, "geometry": { "type": "LineString", "coordinates": [ [ 85.3991703, 27.7509753 ], [ 85.3991161, 27.7509539 ] ] } },
{ "type": "Feature", "properties": { "name": "Kolmati Khola", "waterway": "stream" }, "geometry": { "type": "LineString", "coordinates": [ [ 85.3991161, 27.7509539 ], [ 85.3991322, 27.7508347 ], [ 85.3991064, 27.7506524 ], [ 85.3990377, 27.7504093 ], [ 85.3990978, 27.7501662 ], [ 85.3991322, 27.7498472 ], [ 85.3992266, 27.7497105 ], [ 85.3995184, 27.7496801 ], [ 85.399733, 27.7496193 ], [ 85.399999, 27.7497029 ], [ 85.4001192, 27.7498244 ], [ 85.4002909, 27.7498548 ], [ 85.4004368, 27.7499308 ], [ 85.4011063, 27.749551 ], [ 85.4011835, 27.7493611 ], [ 85.4011492, 27.7490572 ], [ 85.4010805, 27.7487078 ], [ 85.4009432, 27.7485863 ], [ 85.400823, 27.7484647 ], [ 85.400617, 27.7482217 ], [ 85.4006514, 27.7479862 ], [ 85.4007715, 27.7476216 ], [ 85.4009003, 27.7473101 ], [ 85.400823, 27.7470215 ], [ 85.40072, 27.7466569 ], [ 85.4007629, 27.7463986 ], [ 85.4009432, 27.7462087 ], [ 85.400926, 27.7458365 ], [ 85.4008574, 27.7453731 ], [ 85.4009775, 27.7450161 ], [ 85.401132, 27.744811 ], [ 85.4013895, 27.7446515 ], [ 85.4017071, 27.7444312 ], [ 85.4017929, 27.7443248 ], [ 85.402059, 27.7439526 ], [ 85.4021277, 27.7438729 ], [ 85.4021373, 27.7437729 ], [ 85.4021213, 27.7436583 ], [ 85.4017562, 27.7430016 ], [ 85.4016985, 27.7427828 ], [ 85.4016822, 27.7427109 ], [ 85.4016766, 27.7426033 ], [ 85.4017058, 27.7424975 ], [ 85.4017843, 27.7423726 ], [ 85.4018702, 27.7422586 ], [ 85.4018739, 27.7420397 ], [ 85.4018447, 27.7418257 ] ] } },
{ "type": "Feature", "properties": { "name": "sano kholso", "waterway": "stream" }, "geometry": { "type": "LineString", "coordinates": [ [ 85.4703851, 27.6013225 ], [ 85.4700233, 27.6006559 ], [ 85.4697875, 27.6000903 ], [ 85.4697143, 27.599503 ], [ 85.4696614, 27.5992761 ], [ 85.4695354, 27.5990311 ], [ 85.4694378, 27.598678 ], [ 85.4693443, 27.5983141 ], [ 85.4693199, 27.5980223 ], [ 85.469263, 27.5977592 ], [ 85.4690801, 27.5974638 ], [ 85.469015, 27.5971107 ], [ 85.4689337, 27.5966676 ], [ 85.4689215, 27.5964045 ], [ 85.4689541, 27.5961559 ], [ 85.4689988, 27.596037 ], [ 85.4689906, 27.595947 ], [ 85.4689134, 27.5957848 ], [ 85.4688687, 27.5956587 ], [ 85.4689581, 27.5954498 ], [ 85.4690313, 27.5953417 ], [ 85.4689215, 27.5952588 ], [ 85.4689187, 27.5951228 ], [ 85.4690027, 27.5949862 ], [ 85.4690915, 27.594891 ], [ 85.4694137, 27.5948331 ], [ 85.4696098, 27.5948165 ], [ 85.4697733, 27.5947048 ], [ 85.4699741, 27.5945765 ], [ 85.4700777, 27.5944141 ], [ 85.4699783, 27.594152 ] ] } },
{ "type": "Feature", "properties": { "name": "daudali khola", "waterway": "river" }, "geometry": { "type": "LineString", "coordinates": [ [ 85.2521698, 27.705445 ], [ 85.252556, 27.7044476 ], [ 85.2526633, 27.7039631 ], [ 85.2526418, 27.7035547 ], [ 85.2528886, 27.7032127 ], [ 85.2531783, 27.7031462 ], [ 85.2536182, 27.7029373 ], [ 85.2542297, 27.7029373 ], [ 85.2546696, 27.7029658 ], [ 85.2550451, 27.7027378 ], [ 85.2553455, 27.7024813 ], [ 85.2559356, 27.7023103 ], [ 85.2562467, 27.7022248 ], [ 85.2566169, 27.7021203 ], [ 85.2571064, 27.7020147 ], [ 85.257502, 27.7018401 ], [ 85.2581886, 27.7015362 ], [ 85.2588967, 27.7012322 ], [ 85.2592615, 27.7007952 ], [ 85.2599696, 27.7008522 ], [ 85.2606134, 27.7009282 ], [ 85.2617802, 27.700747 ], [ 85.2619196, 27.7007676 ], [ 85.2620752, 27.7007631 ], [ 85.2621296, 27.7007375 ], [ 85.2621799, 27.7007143 ], [ 85.2622548, 27.7006546 ], [ 85.2623021, 27.7006323 ], [ 85.2623494, 27.7006171 ], [ 85.2623939, 27.7006195 ], [ 85.262441, 27.7006052 ], [ 85.262563, 27.7005049 ], [ 85.2626325, 27.7002716 ], [ 85.2626967, 27.7001694 ], [ 85.2627984, 27.7000863 ], [ 85.2628784, 27.7000317 ] ] } },
{ "type": "Feature", "properties": { "name": "Khahare Khola", "waterway": "stream" }, "geometry": { "type": "LineString", "coordinates": [ [ 85.2303245, 27.6995973 ], [ 85.2305041, 27.6996598 ], [ 85.2306344, 27.699767 ], [ 85.2307831, 27.6998005 ], [ 85.2308783, 27.6998891 ], [ 85.2310662, 27.7000352 ], [ 85.2310692, 27.7001661 ], [ 85.2310268, 27.7003069 ], [ 85.2308889, 27.7007247 ], [ 85.2310215, 27.7008937 ], [ 85.2310798, 27.7010064 ], [ 85.2310268, 27.7013444 ], [ 85.2309261, 27.7016543 ], [ 85.2307405, 27.7019359 ], [ 85.2306837, 27.7021953 ], [ 85.2307087, 27.7023256 ], [ 85.2307405, 27.7025791 ], [ 85.2306795, 27.7030978 ], [ 85.2307378, 27.7034804 ], [ 85.2306795, 27.7036424 ], [ 85.2307749, 27.7038935 ], [ 85.2307087, 27.7042949 ], [ 85.2307002, 27.7043563 ] ] } },
{ "type": "Feature", "properties": { "name": "tukuchha khola", "waterway": "river" }, "geometry": { "type": "LineString", "coordinates": [ [ 85.3277902, 27.7233266 ], [ 85.3276226, 27.723355 ], [ 85.3274415, 27.7233835 ], [ 85.3272001, 27.7233918 ], [ 85.3271491, 27.7233835 ] ] } },
{ "type": "Feature", "properties": { "name": "salinadi river", "waterway": "river" }, "geometry": { "type": "LineString", "coordinates": [ [ 85.4696612, 27.729668 ], [ 85.4696185, 27.7297237 ], [ 85.4695377, 27.7297813 ], [ 85.4693435, 27.7298079 ], [ 85.4692943, 27.7299531 ], [ 85.4692755, 27.7301156 ], [ 85.4692645, 27.7302191 ], [ 85.4693275, 27.7303143 ], [ 85.4694729, 27.7305515 ], [ 85.4696122, 27.7310266 ], [ 85.4696102, 27.7319879 ], [ 85.4695593, 27.732621 ], [ 85.4694687, 27.7328594 ], [ 85.4694952, 27.7329886 ], [ 85.4695957, 27.7331253 ], [ 85.4698703, 27.7334071 ], [ 85.4700148, 27.734051 ], [ 85.4702479, 27.7344754 ], [ 85.4703229, 27.7348027 ], [ 85.4701409, 27.735454 ], [ 85.4701578, 27.7355322 ], [ 85.4702017, 27.7355954 ], [ 85.4703398, 27.7357409 ], [ 85.470915, 27.7361306 ], [ 85.4710617, 27.7362172 ], [ 85.4711246, 27.7363478 ], [ 85.4711089, 27.7365671 ], [ 85.4711089, 27.736743 ], [ 85.4710027, 27.7368562 ], [ 85.4708236, 27.7369728 ], [ 85.4706191, 27.7371017 ], [ 85.4704479, 27.7372984 ], [ 85.4704007, 27.7374568 ], [ 85.4704401, 27.7375891 ], [ 85.4707096, 27.737819 ], [ 85.4707745, 27.7379582 ], [ 85.4708433, 27.7381167 ], [ 85.4710086, 27.738256 ], [ 85.4711974, 27.7383726 ], [ 85.4713626, 27.7384405 ], [ 85.4719679, 27.7384687 ], [ 85.472298, 27.7386691 ], [ 85.4724941, 27.7390897 ], [ 85.4724361, 27.7394736 ], [ 85.4728616, 27.7402366 ], [ 85.4734165, 27.7406975 ], [ 85.4738208, 27.7409039 ], [ 85.4742109, 27.7411661 ], [ 85.4745238, 27.7413337 ], [ 85.4747256, 27.7415077 ], [ 85.4748818, 27.7417001 ], [ 85.4750176, 27.7417949 ], [ 85.4752086, 27.7419156 ], [ 85.475331, 27.7420342 ], [ 85.4753935, 27.7421552 ], [ 85.475419, 27.7423313 ], [ 85.4754221, 27.7426622 ], [ 85.4754963, 27.7428097 ], [ 85.4756115, 27.7428701 ], [ 85.4758426, 27.7429042 ], [ 85.4760913, 27.7429226 ], [ 85.4763321, 27.7430781 ], [ 85.4765609, 27.7431793 ], [ 85.4769466, 27.7434031 ], [ 85.4771523, 27.7435298 ], [ 85.47739, 27.7437505 ], [ 85.4780098, 27.7441711 ], [ 85.4782551, 27.744335 ], [ 85.4784564, 27.7444009 ], [ 85.4787043, 27.7443757 ], [ 85.4790063, 27.7443301 ], [ 85.4791831, 27.7443251 ], [ 85.4795839, 27.7442969 ], [ 85.4797287, 27.7443011 ], [ 85.4798745, 27.7444509 ], [ 85.4799109, 27.7449279 ], [ 85.4799772, 27.7452107 ], [ 85.4800932, 27.7453035 ], [ 85.4803045, 27.7454404 ], [ 85.4803614, 27.7455731 ], [ 85.4803313, 27.7457861 ], [ 85.480243, 27.7459445 ], [ 85.4802104, 27.7461008 ], [ 85.4803601, 27.7463208 ], [ 85.4805303, 27.7465145 ], [ 85.4807614, 27.7467462 ], [ 85.4808776, 27.7468685 ], [ 85.4809326, 27.7472551 ], [ 85.4809705, 27.7473496 ], [ 85.4813827, 27.7475537 ], [ 85.4815195, 27.7478649 ], [ 85.4815683, 27.7482885 ], [ 85.4819786, 27.748655 ], [ 85.4821036, 27.749191 ], [ 85.4821056, 27.7495904 ], [ 85.4823244, 27.7498774 ], [ 85.4827327, 27.7498964 ], [ 85.4832641, 27.7499241 ], [ 85.4836431, 27.7500486 ], [ 85.4839713, 27.7504065 ], [ 85.4843289, 27.7508992 ], [ 85.484745, 27.7511102 ], [ 85.4850549, 27.7511911 ], [ 85.4850872, 27.7513979 ], [ 85.4849743, 27.7516903 ], [ 85.4852483, 27.7522002 ], [ 85.4854941, 27.7524106 ], [ 85.485881, 27.7525212 ], [ 85.4861187, 27.7527601 ], [ 85.4857883, 27.7532094 ], [ 85.4859857, 27.7535018 ], [ 85.4864733, 27.7535945 ], [ 85.486977, 27.7537015 ], [ 85.4869205, 27.7542292 ], [ 85.4865136, 27.7546928 ], [ 85.4867392, 27.7549531 ], [ 85.487122, 27.7549674 ], [ 85.4876257, 27.7549852 ], [ 85.4874968, 27.7552562 ], [ 85.4872953, 27.7555201 ], [ 85.4875169, 27.7563794 ], [ 85.4878231, 27.7566326 ], [ 85.4879078, 27.7571247 ], [ 85.4878151, 27.7576667 ] ] } },
{ "type": "Feature", "properties": { "name": "Karmanasha Khola", "waterway": "river" }, "geometry": { "type": "LineString", "coordinates": [ [ 85.3359801, 27.647878 ], [ 85.3360964, 27.6479872 ], [ 85.3362133, 27.64807 ], [ 85.3364258, 27.6483869 ], [ 85.3366576, 27.6487251 ], [ 85.3369854, 27.6492603 ], [ 85.3369771, 27.6493274 ], [ 85.3368064, 27.6495345 ], [ 85.3366771, 27.6496022 ], [ 85.3365337, 27.6497218 ], [ 85.3357467, 27.6500445 ], [ 85.3356677, 27.6501404 ], [ 85.335676, 27.6502035 ], [ 85.335907, 27.6508456 ], [ 85.3359657, 27.6508871 ], [ 85.3360824, 27.6509803 ], [ 85.3362473, 27.6512219 ], [ 85.3362743, 27.6513082 ], [ 85.3357025, 27.6522908 ], [ 85.3357012, 27.6524852 ], [ 85.3356574, 27.6525672 ], [ 85.3354576, 27.6528118 ], [ 85.3352074, 27.6531412 ], [ 85.3350721, 27.6532395 ], [ 85.3348853, 27.6535952 ], [ 85.3347029, 27.6539053 ], [ 85.3346884, 27.6540688 ], [ 85.3347134, 27.6541466 ], [ 85.3347395, 27.6542281 ], [ 85.3347539, 27.6542499 ], [ 85.3348522, 27.6543982 ], [ 85.3349787, 27.6545101 ], [ 85.335089, 27.6546499 ], [ 85.3353348, 27.6547627 ], [ 85.3355176, 27.6548257 ], [ 85.3355596, 27.654927 ], [ 85.3355169, 27.6550136 ], [ 85.3354742, 27.6550535 ], [ 85.3354157, 27.6550828 ], [ 85.3353774, 27.6551421 ], [ 85.3354848, 27.6553937 ], [ 85.3356814, 27.6557376 ], [ 85.336047, 27.6562089 ], [ 85.3363522, 27.656508 ], [ 85.3363842, 27.6565712 ], [ 85.3364045, 27.6567622 ], [ 85.3364407, 27.6568658 ], [ 85.3366054, 27.6571936 ], [ 85.3366832, 27.6573366 ], [ 85.3366644, 27.6574138 ], [ 85.3360942, 27.6576067 ], [ 85.3357286, 27.6577705 ], [ 85.3356982, 27.6578115 ], [ 85.3357355, 27.6579401 ], [ 85.3358184, 27.6582454 ], [ 85.3358168, 27.6584495 ], [ 85.335735, 27.6586518 ], [ 85.3357442, 27.6586922 ], [ 85.3357104, 27.6588974 ], [ 85.3358907, 27.6593461 ], [ 85.3359572, 27.6596067 ], [ 85.3359675, 27.6597082 ], [ 85.3359592, 27.6598205 ], [ 85.3358614, 27.6599016 ], [ 85.3355383, 27.6600653 ], [ 85.3353406, 27.6602172 ], [ 85.3352622, 27.6603598 ], [ 85.3349478, 27.6612582 ], [ 85.3349417, 27.6614077 ], [ 85.3350021, 27.6615573 ], [ 85.3350685, 27.6616609 ], [ 85.3351634, 27.6617609 ], [ 85.3352891, 27.6618597 ], [ 85.3353033, 27.6618933 ], [ 85.335305, 27.6619307 ], [ 85.3352983, 27.6620051 ], [ 85.3352879, 27.6620942 ], [ 85.3352933, 27.6621561 ], [ 85.3353023, 27.6622861 ], [ 85.3353179, 27.6623671 ], [ 85.3353354, 27.6624625 ], [ 85.3353254, 27.6624726 ], [ 85.3353109, 27.6624886 ], [ 85.3352919, 27.6625018 ], [ 85.3352788, 27.662518 ], [ 85.3352668, 27.6625312 ], [ 85.3352438, 27.66255 ], [ 85.3352066, 27.6625692 ], [ 85.3351395, 27.6625898 ], [ 85.3349719, 27.6626107 ], [ 85.3348727, 27.6625931 ], [ 85.3347309, 27.6626044 ], [ 85.3345267, 27.6626802 ], [ 85.3343428, 27.6627745 ], [ 85.3341403, 27.6628457 ], [ 85.3340812, 27.6628761 ], [ 85.3340632, 27.6629447 ], [ 85.3340532, 27.6630979 ], [ 85.3340547, 27.6632476 ], [ 85.3339939, 27.6634025 ], [ 85.3339538, 27.6634939 ], [ 85.3339054, 27.6636414 ], [ 85.3339251, 27.6637712 ], [ 85.3340223, 27.663886 ], [ 85.3342108, 27.6639581 ], [ 85.3343686, 27.6640428 ], [ 85.3345032, 27.6641863 ], [ 85.3345833, 27.6643179 ], [ 85.3345774, 27.664393 ], [ 85.3345277, 27.664485 ], [ 85.3340672, 27.6649171 ], [ 85.3338834, 27.6650634 ], [ 85.333613, 27.665318 ], [ 85.3335894, 27.6653831 ], [ 85.3335992, 27.665459 ], [ 85.3336308, 27.6656943 ], [ 85.3337136, 27.6659908 ], [ 85.3338261, 27.6663102 ], [ 85.3339869, 27.6666268 ], [ 85.3341219, 27.6667975 ], [ 85.3341603, 27.6668393 ], [ 85.3342322, 27.6668695 ], [ 85.3343073, 27.6668842 ], [ 85.3346552, 27.6669255 ], [ 85.3351836, 27.666825 ], [ 85.3353735, 27.6667996 ], [ 85.335582, 27.6667766 ], [ 85.3358521, 27.66676 ], [ 85.3361296, 27.6667371 ], [ 85.3363242, 27.6667371 ], [ 85.3364553, 27.6667513 ], [ 85.3366415, 27.666869 ], [ 85.3367767, 27.6669307 ], [ 85.3369203, 27.6669496 ], [ 85.3370111, 27.6669483 ], [ 85.3372234, 27.666909 ], [ 85.337361, 27.6668935 ], [ 85.3376684, 27.6669474 ], [ 85.3377448, 27.6670177 ], [ 85.337844, 27.6671514 ], [ 85.3379327, 27.6672427 ], [ 85.3379771, 27.6672832 ], [ 85.3380663, 27.6672943 ], [ 85.3381876, 27.6672854 ], [ 85.3383891, 27.6672638 ], [ 85.3384967, 27.6672676 ], [ 85.3386121, 27.6673013 ], [ 85.3387127, 27.6673783 ], [ 85.3388753, 27.6675673 ], [ 85.3390483, 27.6677566 ], [ 85.3390872, 27.6678684 ], [ 85.3391087, 27.6681225 ], [ 85.3390798, 27.6682188 ], [ 85.3391214, 27.6682831 ], [ 85.3392437, 27.6683406 ], [ 85.3393348, 27.668452 ], [ 85.3393891, 27.6686694 ], [ 85.3393524, 27.6688078 ], [ 85.339262, 27.6689483 ], [ 85.339092, 27.6692245 ], [ 85.3390516, 27.6693105 ], [ 85.3390483, 27.6693884 ], [ 85.3390723, 27.6694622 ], [ 85.3391314, 27.6695719 ], [ 85.3392389, 27.6697094 ], [ 85.3396708, 27.6699554 ], [ 85.3400233, 27.670104 ], [ 85.340255, 27.6701384 ], [ 85.34045, 27.6701619 ], [ 85.3406219, 27.670195 ], [ 85.3407625, 27.6702997 ], [ 85.3408222, 27.6704243 ], [ 85.3408809, 27.6705611 ], [ 85.3409123, 27.6707513 ], [ 85.3410678, 27.670891 ], [ 85.3411731, 27.6709474 ], [ 85.3412651, 27.6710312 ], [ 85.34137, 27.6711027 ], [ 85.3414572, 27.6711585 ], [ 85.3415865, 27.6712613 ], [ 85.3417754, 27.6713388 ], [ 85.3418454, 27.6713292 ], [ 85.3419997, 27.6713082 ], [ 85.3420917, 27.6712165 ], [ 85.3423377, 27.6709067 ], [ 85.3425574, 27.6707776 ], [ 85.3428107, 27.6707501 ], [ 85.3430074, 27.6708515 ], [ 85.3431219, 27.6709735 ], [ 85.3432823, 27.671215 ], [ 85.3434953, 27.6715872 ], [ 85.3435281, 27.6717531 ], [ 85.3435386, 27.6718952 ], [ 85.3434857, 27.6720897 ] ] } },
{ "type": "Feature", "properties": { "name": "Nakhu River", "waterway": "river" }, "geometry": { "type": "LineString", "coordinates": [ [ 85.3129787, 27.6477755 ], [ 85.3130622, 27.6477776 ], [ 85.3131509, 27.6477691 ], [ 85.3133249, 27.6477201 ], [ 85.3136101, 27.6476604 ], [ 85.3140656, 27.6476446 ], [ 85.3142266, 27.6476716 ], [ 85.314344, 27.6477152 ], [ 85.3143888, 27.6477593 ], [ 85.314402, 27.6478269 ], [ 85.3143098, 27.6479951 ], [ 85.3141859, 27.6481437 ], [ 85.3139367, 27.6483174 ], [ 85.3136123, 27.6487587 ], [ 85.3135725, 27.6488533 ], [ 85.3135558, 27.6489946 ], [ 85.313522, 27.6490774 ], [ 85.3133557, 27.6493009 ], [ 85.3132292, 27.6493957 ], [ 85.3130808, 27.6494677 ], [ 85.3129841, 27.6495607 ], [ 85.3129082, 27.6496528 ], [ 85.3128661, 27.6498957 ], [ 85.3127867, 27.6500889 ], [ 85.3127281, 27.6501845 ], [ 85.3126512, 27.6502846 ], [ 85.3125524, 27.6503709 ], [ 85.3124653, 27.6504481 ], [ 85.312431, 27.6505629 ], [ 85.3124264, 27.6506529 ], [ 85.31242, 27.6507768 ], [ 85.3124132, 27.6509084 ], [ 85.3124108, 27.6511111 ], [ 85.3123071, 27.651554 ], [ 85.3122776, 27.6517007 ], [ 85.3121787, 27.652053 ], [ 85.3122021, 27.6525663 ], [ 85.312278, 27.6527801 ], [ 85.312282, 27.6530647 ], [ 85.3122192, 27.6532563 ], [ 85.3122157, 27.6533993 ], [ 85.3123123, 27.6537815 ], [ 85.3123299, 27.6539283 ], [ 85.3123089, 27.6540358 ], [ 85.3122717, 27.6541699 ], [ 85.3121874, 27.6543931 ], [ 85.3120867, 27.6546678 ], [ 85.3119768, 27.6550127 ], [ 85.3119511, 27.6551295 ], [ 85.3119749, 27.6553648 ], [ 85.3119711, 27.6554579 ], [ 85.3119279, 27.6555393 ], [ 85.3118844, 27.6556166 ], [ 85.3116834, 27.65584 ], [ 85.3113901, 27.6560537 ], [ 85.3113127, 27.6561264 ], [ 85.3110793, 27.6564044 ], [ 85.3109649, 27.6565965 ], [ 85.3109129, 27.6566894 ], [ 85.3108903, 27.6567719 ], [ 85.3108308, 27.6569153 ], [ 85.3106646, 27.6573679 ], [ 85.3106299, 27.6574427 ], [ 85.3105607, 27.6575323 ], [ 85.3104491, 27.6575807 ], [ 85.3101845, 27.6577088 ], [ 85.3099934, 27.6578228 ], [ 85.3097092, 27.6579029 ], [ 85.3094382, 27.6578951 ], [ 85.3092156, 27.6579442 ], [ 85.3090371, 27.6580201 ], [ 85.3088306, 27.6581598 ], [ 85.3086799, 27.6583078 ], [ 85.3085619, 27.6584268 ], [ 85.3085031, 27.6584491 ], [ 85.3084419, 27.6584498 ], [ 85.3082725, 27.6584167 ], [ 85.3081638, 27.6584132 ], [ 85.307985, 27.6584568 ], [ 85.3076436, 27.6586083 ], [ 85.307521, 27.6587027 ], [ 85.307428, 27.6588303 ], [ 85.3073718, 27.658964 ], [ 85.3073414, 27.6591034 ], [ 85.3073626, 27.6592536 ], [ 85.307413, 27.6593622 ], [ 85.3076256, 27.6595906 ], [ 85.3076257, 27.6597772 ], [ 85.3075588, 27.6600443 ], [ 85.3076133, 27.6603978 ], [ 85.3076958, 27.6607689 ], [ 85.3077013, 27.6611701 ], [ 85.3076923, 27.6615806 ], [ 85.3075662, 27.6621648 ], [ 85.3075491, 27.6623236 ], [ 85.3075332, 27.6624801 ], [ 85.3075066, 27.6625243 ], [ 85.3074582, 27.6625484 ], [ 85.3072896, 27.6626116 ], [ 85.3069835, 27.6626081 ], [ 85.3067721, 27.6625713 ], [ 85.3062699, 27.6624527 ], [ 85.3061106, 27.6624072 ], [ 85.3058921, 27.6623966 ], [ 85.3053488, 27.6624198 ], [ 85.3045714, 27.6624026 ], [ 85.3040455, 27.662314 ], [ 85.3038969, 27.6623273 ], [ 85.3037928, 27.6624169 ], [ 85.3037771, 27.6624614 ], [ 85.3037778, 27.6626013 ], [ 85.3037583, 27.6627208 ], [ 85.3036794, 27.6628835 ], [ 85.3035465, 27.6630748 ], [ 85.3034366, 27.6631922 ], [ 85.3031778, 27.6634573 ], [ 85.3031011, 27.6635509 ], [ 85.3030156, 27.6636459 ], [ 85.3029123, 27.6637207 ], [ 85.3027687, 27.6638256 ], [ 85.3026782, 27.6639315 ], [ 85.3026027, 27.6640405 ], [ 85.3025632, 27.664166 ], [ 85.3025617, 27.6642472 ], [ 85.3025882, 27.6645564 ], [ 85.302609, 27.6648184 ], [ 85.3026139, 27.6649318 ], [ 85.3025545, 27.6649911 ], [ 85.3023466, 27.6650424 ], [ 85.3021027, 27.6650083 ], [ 85.3016994, 27.6653298 ], [ 85.3011167, 27.6653309 ], [ 85.3008993, 27.6652586 ], [ 85.3005219, 27.665216 ], [ 85.3002301, 27.6651919 ], [ 85.2997974, 27.665405 ], [ 85.2997243, 27.6654816 ], [ 85.2995135, 27.6655287 ], [ 85.2991226, 27.6655108 ], [ 85.2989363, 27.6653735 ], [ 85.2988757, 27.6652814 ], [ 85.29878, 27.6651136 ], [ 85.2986528, 27.6650355 ], [ 85.298426, 27.6648923 ], [ 85.2983206, 27.6648111 ], [ 85.298136, 27.6647844 ], [ 85.2978934, 27.6648027 ], [ 85.2976941, 27.6647692 ], [ 85.2976056, 27.6646508 ], [ 85.297608, 27.6645076 ], [ 85.297743, 27.6642047 ], [ 85.297803, 27.6640073 ], [ 85.2977958, 27.6638925 ], [ 85.2975823, 27.6636036 ], [ 85.2974759, 27.6634432 ], [ 85.2973789, 27.6633409 ], [ 85.2969937, 27.6632631 ], [ 85.2967712, 27.663298 ], [ 85.2965678, 27.6632289 ], [ 85.296452, 27.6632326 ] ] } },
{ "type": "Feature", "properties": { "name": "Nakhhu", "waterway": "river" }, "geometry": { "type": "LineString", "coordinates": [ [ 85.3131235, 27.6085986 ], [ 85.3126844, 27.6087109 ], [ 85.3122486, 27.6089504 ], [ 85.3120709, 27.6092351 ], [ 85.31194, 27.609531 ], [ 85.3118007, 27.609789 ], [ 85.3112889, 27.6101485 ], [ 85.3109342, 27.6105147 ], [ 85.3107083, 27.6108232 ], [ 85.3106515, 27.6109921 ], [ 85.3106614, 27.6111471 ], [ 85.3112259, 27.6114719 ], [ 85.3117105, 27.6115142 ], [ 85.3120421, 27.6115788 ], [ 85.3122061, 27.6116277 ], [ 85.3123667, 27.6117181 ], [ 85.3124101, 27.6119029 ], [ 85.3123145, 27.612007 ], [ 85.3122838, 27.6122188 ], [ 85.3122023, 27.6123571 ], [ 85.3119494, 27.6126025 ], [ 85.3116328, 27.6128575 ], [ 85.311295, 27.6130613 ], [ 85.3110145, 27.6131915 ], [ 85.3107889, 27.6132808 ], [ 85.3105793, 27.613417 ], [ 85.310551, 27.6135823 ], [ 85.310586, 27.6137192 ], [ 85.3108695, 27.6138849 ], [ 85.3109425, 27.6141383 ], [ 85.3108807, 27.6143583 ], [ 85.310753, 27.6146089 ], [ 85.3105242, 27.614858 ], [ 85.3103041, 27.6151621 ], [ 85.3100903, 27.6155467 ], [ 85.3100827, 27.6159071 ], [ 85.3102063, 27.6160177 ], [ 85.3103857, 27.6160512 ], [ 85.3108339, 27.6159816 ], [ 85.3111348, 27.6159891 ], [ 85.3113747, 27.6161432 ], [ 85.3115173, 27.6163104 ], [ 85.311574, 27.6165302 ], [ 85.3115605, 27.6166656 ], [ 85.3114559, 27.6167643 ], [ 85.3112716, 27.6167979 ], [ 85.3110096, 27.6167095 ], [ 85.3108898, 27.6167381 ], [ 85.3107931, 27.6168098 ], [ 85.310583, 27.6169651 ], [ 85.3104492, 27.6171773 ], [ 85.310335, 27.6174094 ], [ 85.3101984, 27.6175125 ], [ 85.3100181, 27.6175423 ], [ 85.3098675, 27.6175872 ], [ 85.3097057, 27.6177439 ], [ 85.3096664, 27.617863 ], [ 85.3097024, 27.6179915 ], [ 85.3099301, 27.6183688 ], [ 85.310131, 27.6186058 ], [ 85.3103936, 27.6189032 ], [ 85.3105838, 27.6191077 ], [ 85.310652, 27.6192406 ], [ 85.3106655, 27.6194012 ], [ 85.3106018, 27.6195081 ], [ 85.3104716, 27.619598 ], [ 85.3103294, 27.6197101 ], [ 85.3102212, 27.6198641 ], [ 85.3101156, 27.6200548 ], [ 85.3101052, 27.6202285 ], [ 85.3101397, 27.6204599 ], [ 85.3102228, 27.6206701 ], [ 85.3102586, 27.6208753 ], [ 85.3102201, 27.6210983 ], [ 85.310103, 27.6212936 ], [ 85.3098233, 27.621487 ], [ 85.3096523, 27.6215924 ], [ 85.3095485, 27.6217964 ], [ 85.3095964, 27.6220138 ], [ 85.3097039, 27.6221804 ], [ 85.3096824, 27.6226224 ], [ 85.3095965, 27.6229361 ], [ 85.3095336, 27.6233988 ], [ 85.3096889, 27.6238389 ], [ 85.3098014, 27.624043 ], [ 85.3099254, 27.6242214 ], [ 85.3101474, 27.624272 ], [ 85.310377, 27.6242206 ], [ 85.3106476, 27.6247038 ], [ 85.310813, 27.6249114 ], [ 85.3112446, 27.6255108 ], [ 85.3114761, 27.6257538 ], [ 85.3115843, 27.6258416 ], [ 85.3118104, 27.6260254 ], [ 85.3120102, 27.6262395 ], [ 85.3121292, 27.6265156 ], [ 85.3121512, 27.626834 ], [ 85.3118789, 27.6272035 ], [ 85.3116305, 27.6274763 ], [ 85.311323, 27.6276554 ], [ 85.3109613, 27.6280672 ], [ 85.3105496, 27.6283544 ], [ 85.31017, 27.6283895 ], [ 85.3096608, 27.6285608 ], [ 85.3094533, 27.6288648 ], [ 85.3096139, 27.6291457 ], [ 85.3098453, 27.6293508 ], [ 85.3100927, 27.6296023 ], [ 85.3102501, 27.6298859 ], [ 85.3102783, 27.6301696 ], [ 85.3101893, 27.6305321 ], [ 85.3100692, 27.630821 ], [ 85.309976, 27.6311078 ], [ 85.3097092, 27.6314106 ], [ 85.309354, 27.6314313 ], [ 85.3090106, 27.6314313 ], [ 85.3085088, 27.6314494 ], [ 85.3081815, 27.6314848 ], [ 85.3078528, 27.6316083 ], [ 85.307454, 27.6317642 ], [ 85.3073631, 27.6318374 ], [ 85.3072512, 27.6319484 ], [ 85.3071761, 27.6320109 ], [ 85.3071186, 27.6320947 ], [ 85.307079, 27.6321408 ], [ 85.3070241, 27.6322045 ], [ 85.3070061, 27.6323428 ], [ 85.3069904, 27.6324665 ], [ 85.3069851, 27.6326915 ], [ 85.3069013, 27.6330726 ], [ 85.3068985, 27.633121 ], [ 85.3069032, 27.6331817 ], [ 85.306931, 27.6333218 ], [ 85.3069639, 27.6334251 ], [ 85.3069896, 27.6334846 ], [ 85.3071092, 27.6337087 ], [ 85.3071776, 27.6338542 ], [ 85.3072083, 27.6339346 ], [ 85.3072309, 27.6340546 ], [ 85.3072454, 27.6340896 ], [ 85.3072679, 27.6341207 ], [ 85.3073009, 27.6341454 ], [ 85.307322, 27.6341544 ], [ 85.3074337, 27.634185 ], [ 85.3076781, 27.6342748 ], [ 85.3077246, 27.6342868 ], [ 85.3078702, 27.6343009 ], [ 85.3079281, 27.6343177 ], [ 85.3081422, 27.6344337 ], [ 85.3082524, 27.6345121 ], [ 85.3082881, 27.634546 ], [ 85.308317, 27.6345841 ], [ 85.308321, 27.634595 ], [ 85.3083476, 27.634667 ], [ 85.3083773, 27.6347615 ], [ 85.3083805, 27.6348854 ], [ 85.3083813, 27.6351197 ], [ 85.3083711, 27.6351572 ], [ 85.3083538, 27.6351843 ], [ 85.3083281, 27.6352233 ], [ 85.3082865, 27.6352817 ], [ 85.3080639, 27.6354821 ], [ 85.3079899, 27.6355895 ], [ 85.3079457, 27.6357054 ], [ 85.3079186, 27.6358099 ], [ 85.3079205, 27.6358838 ], [ 85.3079369, 27.6359412 ], [ 85.3079561, 27.6359983 ], [ 85.3079931, 27.6360409 ], [ 85.3080299, 27.6360676 ], [ 85.3080742, 27.6360822 ], [ 85.3081146, 27.6360834 ], [ 85.3081736, 27.6360864 ], [ 85.3082796, 27.6360887 ], [ 85.3084833, 27.6360932 ], [ 85.308677, 27.6361005 ], [ 85.3088886, 27.6361226 ], [ 85.3091014, 27.6361672 ], [ 85.3092866, 27.6361675 ], [ 85.3094443, 27.6362171 ], [ 85.3095861, 27.636278 ], [ 85.3096423, 27.6363432 ], [ 85.3096727, 27.6364332 ], [ 85.3096721, 27.6365352 ], [ 85.309651, 27.6366603 ], [ 85.3096177, 27.6368032 ], [ 85.3095798, 27.6368983 ], [ 85.3095362, 27.6369319 ], [ 85.3094893, 27.6369411 ], [ 85.3094151, 27.6369205 ], [ 85.3093352, 27.6368675 ], [ 85.3092431, 27.6368156 ], [ 85.3090409, 27.6367401 ], [ 85.3089586, 27.6367298 ], [ 85.3089007, 27.6367412 ], [ 85.3088097, 27.6368132 ], [ 85.308707, 27.6369352 ], [ 85.3086196, 27.637093 ], [ 85.3085542, 27.6372183 ], [ 85.3084615, 27.6373742 ], [ 85.3083673, 27.6375294 ], [ 85.3083072, 27.6376364 ], [ 85.308266, 27.6377036 ], [ 85.308224, 27.6377925 ], [ 85.3081471, 27.6379544 ], [ 85.3081239, 27.6381219 ], [ 85.3081332, 27.6382073 ], [ 85.3081942, 27.63835 ], [ 85.3082458, 27.6385788 ], [ 85.3082687, 27.6386313 ], [ 85.3083026, 27.6386642 ], [ 85.3084256, 27.638708 ], [ 85.3087634, 27.6388113 ], [ 85.3090965, 27.6388635 ], [ 85.3093913, 27.6388931 ], [ 85.3097966, 27.6389237 ], [ 85.3103181, 27.6390624 ], [ 85.3105377, 27.6391331 ], [ 85.3107286, 27.6392411 ], [ 85.3108851, 27.6393687 ], [ 85.3110594, 27.6395961 ], [ 85.3111897, 27.6397559 ], [ 85.3113162, 27.6398759 ], [ 85.3114391, 27.6399769 ], [ 85.3115519, 27.640029 ], [ 85.3116646, 27.6400628 ], [ 85.3119737, 27.640143 ], [ 85.3122767, 27.6402809 ], [ 85.3124438, 27.6403622 ], [ 85.3125434, 27.640417 ], [ 85.312612, 27.6404947 ], [ 85.3126624, 27.6405736 ], [ 85.3126979, 27.6406452 ], [ 85.3127237, 27.6407144 ], [ 85.3127725, 27.6408872 ], [ 85.3127871, 27.640991 ], [ 85.312783, 27.6410947 ], [ 85.3127654, 27.6411952 ], [ 85.3127328, 27.641275 ], [ 85.3126931, 27.641344 ], [ 85.3126422, 27.641408 ], [ 85.3125181, 27.6415156 ], [ 85.3122796, 27.6416294 ], [ 85.3118494, 27.6417733 ], [ 85.3116913, 27.641838 ], [ 85.3115577, 27.641913 ], [ 85.311507, 27.6419571 ], [ 85.3114373, 27.6420304 ], [ 85.311388, 27.6421294 ], [ 85.3113567, 27.64221 ], [ 85.3113339, 27.642304 ], [ 85.3112813, 27.6425338 ], [ 85.3112584, 27.642664 ], [ 85.3112467, 27.6427631 ], [ 85.3112531, 27.6429801 ], [ 85.3112528, 27.6431907 ], [ 85.3112345, 27.6433193 ], [ 85.3112094, 27.6434045 ], [ 85.3111192, 27.6436906 ], [ 85.3110707, 27.6437768 ], [ 85.310991, 27.6439185 ], [ 85.3109616, 27.6439709 ], [ 85.3108688, 27.6441515 ], [ 85.310833, 27.644229 ], [ 85.3108127, 27.6443187 ], [ 85.3108004, 27.6445493 ], [ 85.3108098, 27.6446981 ], [ 85.3108422, 27.6448449 ], [ 85.3108779, 27.6449708 ], [ 85.3109435, 27.6451886 ], [ 85.3110209, 27.6453845 ], [ 85.3110823, 27.6455792 ], [ 85.3111189, 27.6457069 ], [ 85.3111959, 27.6459445 ], [ 85.3113052, 27.6461179 ], [ 85.3113607, 27.6462576 ], [ 85.311387, 27.6463525 ], [ 85.3114085, 27.6464677 ], [ 85.3114118, 27.6465534 ], [ 85.3114091, 27.6466187 ], [ 85.3113696, 27.6467383 ], [ 85.3112697, 27.646905 ], [ 85.3111689, 27.6470401 ], [ 85.3111036, 27.6471477 ], [ 85.3110568, 27.6472428 ], [ 85.3110379, 27.6473333 ], [ 85.3110344, 27.6474671 ], [ 85.3110671, 27.6476071 ], [ 85.3111099, 27.6476835 ], [ 85.3111825, 27.6477439 ], [ 85.3112899, 27.6477775 ], [ 85.3113893, 27.6477815 ], [ 85.3115495, 27.6477773 ], [ 85.3117143, 27.6477543 ], [ 85.3119045, 27.6477212 ], [ 85.3120056, 27.6476892 ], [ 85.3121067, 27.647669 ], [ 85.3124271, 27.6476787 ], [ 85.3129787, 27.6477755 ] ] } },
{ "type": "Feature", "properties": { "name": "Hanumante Nadi", "waterway": "river" }, "geometry": { "type": "LineString", "coordinates": [ [ 85.360729, 27.6691982 ], [ 85.360394, 27.6692522 ], [ 85.3601309, 27.6692807 ], [ 85.3596991, 27.6692956 ], [ 85.3594421, 27.6692932 ], [ 85.3592786, 27.6692552 ], [ 85.3590058, 27.6691409 ], [ 85.3583777, 27.6688125 ], [ 85.3582017, 27.6687613 ], [ 85.3579148, 27.6687393 ], [ 85.3574629, 27.6686589 ], [ 85.3553265, 27.6678431 ], [ 85.3551111, 27.6678457 ], [ 85.3547176, 27.6679293 ], [ 85.354324, 27.6679706 ], [ 85.3539349, 27.6680224 ], [ 85.3533095, 27.668077 ], [ 85.3528094, 27.6680345 ], [ 85.3519774, 27.6680573 ] ] } },
{ "type": "Feature", "properties": { "name": "Bagmati Nadi (बागमती नदी)", "waterway": "river" }, "geometry": { "type": "LineString", "coordinates": [ [ 85.3159055, 27.6898542 ], [ 85.3157258, 27.6899979 ], [ 85.3154375, 27.6902365 ], [ 85.3149989, 27.6906106 ], [ 85.3148299, 27.690746 ], [ 85.3146958, 27.6908434 ], [ 85.3145671, 27.6909241 ], [ 85.314441, 27.6909882 ], [ 85.3142908, 27.6910262 ], [ 85.3136616, 27.6913076 ], [ 85.313369, 27.6914172 ], [ 85.3131273, 27.6915054 ], [ 85.3127888, 27.6916247 ], [ 85.3125152, 27.6917055 ], [ 85.3123596, 27.6917411 ], [ 85.3121585, 27.6917625 ], [ 85.3120083, 27.6917649 ], [ 85.3118286, 27.6917506 ], [ 85.3116676, 27.6917411 ], [ 85.3114825, 27.6917554 ], [ 85.3113404, 27.6918029 ], [ 85.3101703, 27.6922296 ], [ 85.3096406, 27.6924454 ], [ 85.3090249, 27.6926654 ], [ 85.3086358, 27.6928019 ], [ 85.308257, 27.692903 ], [ 85.3076832, 27.6930267 ], [ 85.3072377, 27.6931038 ], [ 85.3068082, 27.6931914 ], [ 85.3065122, 27.6932431 ], [ 85.3063037, 27.6932573 ], [ 85.3061132, 27.6932396 ], [ 85.3059326, 27.6932119 ], [ 85.3057425, 27.6931721 ], [ 85.3051069, 27.6929903 ], [ 85.3046107, 27.6928194 ], [ 85.3042781, 27.6927172 ], [ 85.3040978, 27.6926425 ], [ 85.304026, 27.6926127 ], [ 85.303731, 27.6924797 ], [ 85.3034386, 27.6923396 ], [ 85.3031704, 27.6921852 ], [ 85.3029799, 27.692057 ], [ 85.302752, 27.6918789 ], [ 85.3024261, 27.6915642 ], [ 85.3023308, 27.6914632 ], [ 85.3019688, 27.6909384 ], [ 85.301781, 27.6906106 ], [ 85.3015745, 27.6902544 ], [ 85.3012016, 27.6895015 ], [ 85.3011399, 27.6894041 ], [ 85.301038, 27.6891856 ], [ 85.300912, 27.688732 ], [ 85.3007913, 27.6882142 ], [ 85.300625, 27.6878318 ], [ 85.3005311, 27.6875515 ], [ 85.3004694, 27.6873283 ], [ 85.3004318, 27.6870457 ], [ 85.300338, 27.6865279 ], [ 85.3003031, 27.6862595 ], [ 85.3002495, 27.686022 ], [ 85.3001717, 27.6857702 ], [ 85.3000729, 27.6854933 ], [ 85.2999809, 27.685314 ], [ 85.299798, 27.685036 ], [ 85.2996109, 27.684783 ], [ 85.2995226, 27.6846088 ], [ 85.2994448, 27.6843736 ], [ 85.2993295, 27.6840815 ], [ 85.2992383, 27.6837442 ], [ 85.2992195, 27.6835756 ], [ 85.299257, 27.6833808 ], [ 85.2993187, 27.6831813 ], [ 85.2993348, 27.6830198 ], [ 85.2993589, 27.6828645 ], [ 85.2993134, 27.6826018 ], [ 85.2992839, 27.6825115 ], [ 85.2992436, 27.6824545 ], [ 85.2991846, 27.6823666 ], [ 85.2991471, 27.682255 ], [ 85.2990505, 27.6818037 ], [ 85.2990451, 27.681407 ], [ 85.2990344, 27.6811648 ], [ 85.2990398, 27.6809344 ], [ 85.2990425, 27.6805425 ], [ 85.2990505, 27.6803097 ], [ 85.2990451, 27.6797871 ], [ 85.2990156, 27.6794 ], [ 85.2989754, 27.6790912 ], [ 85.2989244, 27.6788418 ], [ 85.2988118, 27.6785639 ], [ 85.2985463, 27.6781601 ], [ 85.298329, 27.6777016 ], [ 85.2981412, 27.6774166 ], [ 85.2978301, 27.6770959 ], [ 85.2975458, 27.6768608 ], [ 85.2971971, 27.676571 ], [ 85.2967814, 27.6762765 ], [ 85.2963281, 27.6759558 ], [ 85.2957165, 27.6755924 ], [ 85.2953732, 27.6754118 ], [ 85.2950567, 27.6752669 ], [ 85.2947751, 27.6751387 ], [ 85.2944237, 27.6750223 ], [ 85.2941099, 27.6749011 ], [ 85.2937397, 27.6747586 ], [ 85.2934608, 27.6746351 ], [ 85.2932355, 27.6745258 ], [ 85.2930585, 27.6744118 ], [ 85.2928734, 27.6742693 ], [ 85.2927346, 27.6741339 ], [ 85.2925864, 27.6739747 ], [ 85.2924366, 27.6737747 ], [ 85.2922184, 27.673444 ], [ 85.2920687, 27.6731814 ], [ 85.2919802, 27.6730032 ], [ 85.291881, 27.6728179 ], [ 85.2918059, 27.672654 ], [ 85.2917522, 27.6724782 ], [ 85.2917093, 27.6723048 ], [ 85.2916986, 27.672091 ], [ 85.2917254, 27.6718868 ], [ 85.2917844, 27.6716255 ], [ 85.2918488, 27.6713855 ], [ 85.2919722, 27.671072 ], [ 85.2921063, 27.6707584 ], [ 85.2922645, 27.6704211 ], [ 85.2925058, 27.6699586 ], [ 85.2925891, 27.6698296 ], [ 85.2927205, 27.6696824 ], [ 85.2928492, 27.6695303 ], [ 85.2930289, 27.669402 ], [ 85.2934098, 27.6692001 ], [ 85.2938685, 27.6690956 ], [ 85.2941152, 27.6690267 ], [ 85.2943727, 27.6689721 ], [ 85.2945632, 27.6689483 ], [ 85.2947831, 27.6689364 ], [ 85.2950336, 27.6689479 ], [ 85.2952525, 27.6689388 ], [ 85.295451, 27.6689222 ], [ 85.295746, 27.6688961 ], [ 85.2960411, 27.6688557 ], [ 85.296599, 27.6687678 ], [ 85.2968806, 27.6687155 ], [ 85.2970952, 27.66863 ], [ 85.2971783, 27.6685754 ], [ 85.2972481, 27.6685017 ], [ 85.2974251, 27.6682689 ], [ 85.297586, 27.6680338 ], [ 85.2977335, 27.6677891 ], [ 85.2977979, 27.6676442 ], [ 85.2978328, 27.6674114 ], [ 85.2978408, 27.6672475 ], [ 85.2978167, 27.6670622 ], [ 85.2977952, 27.6668769 ], [ 85.2977443, 27.6667225 ], [ 85.2974519, 27.6664184 ], [ 85.2970147, 27.6659956 ], [ 85.2967438, 27.6656511 ], [ 85.2964984, 27.6652651 ], [ 85.2964528, 27.6651867 ], [ 85.2964193, 27.6650952 ], [ 85.2963924, 27.6649479 ], [ 85.2963576, 27.6647579 ], [ 85.2963079, 27.6643172 ], [ 85.2963012, 27.6641141 ], [ 85.2963066, 27.664044 ], [ 85.2963113, 27.6638771 ], [ 85.2963515, 27.6636093 ], [ 85.296436, 27.6633183 ], [ 85.296452, 27.6632326 ], [ 85.296512, 27.6629523 ], [ 85.2965212, 27.6628242 ], [ 85.2965547, 27.6626937 ], [ 85.2966547, 27.662408 ], [ 85.2968757, 27.6619661 ], [ 85.2970362, 27.6616767 ], [ 85.2970563, 27.6616054 ], [ 85.2970657, 27.6615128 ], [ 85.297063, 27.6612871 ], [ 85.2970549, 27.6611873 ], [ 85.297012, 27.6610709 ], [ 85.2969825, 27.661027 ], [ 85.2969235, 27.6609664 ], [ 85.2967894, 27.6608761 ], [ 85.296658, 27.6608286 ], [ 85.296603, 27.660812 ], [ 85.2965534, 27.6608144 ], [ 85.2964675, 27.6608595 ], [ 85.2963187, 27.6609783 ], [ 85.2962637, 27.6610258 ], [ 85.2961993, 27.6610495 ], [ 85.2961376, 27.6610448 ], [ 85.2960733, 27.6610234 ], [ 85.2958721, 27.6608476 ], [ 85.2955824, 27.6605958 ], [ 85.2954242, 27.6604936 ], [ 85.2953678, 27.6604687 ], [ 85.295274, 27.6604366 ], [ 85.2950487, 27.6603796 ], [ 85.2948622, 27.6602941 ], [ 85.2947005, 27.6602092 ], [ 85.2945898, 27.6601632 ], [ 85.2944768, 27.6600863 ], [ 85.2943608, 27.65997 ], [ 85.2943084, 27.6598962 ], [ 85.2942722, 27.6598213 ], [ 85.2942467, 27.6596717 ], [ 85.2942185, 27.6596004 ], [ 85.2941689, 27.6595196 ], [ 85.2940714, 27.6593925 ], [ 85.2939537, 27.6592388 ], [ 85.2937676, 27.6588929 ], [ 85.293666, 27.6587315 ], [ 85.2936479, 27.6586851 ], [ 85.2936319, 27.6586406 ], [ 85.2936244, 27.6585788 ], [ 85.2936137, 27.6583912 ], [ 85.2936246, 27.6581119 ], [ 85.2936056, 27.6578281 ], [ 85.2936056, 27.6576119 ], [ 85.2936164, 27.6574836 ], [ 85.2936351, 27.6573696 ], [ 85.2937075, 27.6572413 ], [ 85.2937397, 27.6571368 ], [ 85.293732, 27.6570289 ], [ 85.2937005, 27.656952 ], [ 85.2936807, 27.6568493 ], [ 85.2935788, 27.65655 ], [ 85.2934338, 27.6562035 ], [ 85.2933589, 27.6560859 ], [ 85.293224, 27.6558745 ], [ 85.2930679, 27.6556943 ], [ 85.2928073, 27.6554806 ], [ 85.2925101, 27.6552652 ], [ 85.292402, 27.6551869 ], [ 85.2916101, 27.6544902 ], [ 85.2914652, 27.6543215 ], [ 85.2912362, 27.6540242 ], [ 85.291087, 27.6538083 ], [ 85.290969, 27.6536646 ], [ 85.2908, 27.6534971 ], [ 85.2906284, 27.6533676 ], [ 85.2903347, 27.6532476 ], [ 85.2900343, 27.6531466 ], [ 85.2896856, 27.6529875 ], [ 85.2893355, 27.6528045 ], [ 85.2890204, 27.6526002 ], [ 85.28872, 27.6523971 ], [ 85.2884611, 27.6521785 ], [ 85.2880776, 27.6517793 ], [ 85.2879059, 27.6516059 ], [ 85.2877343, 27.6513731 ], [ 85.287458, 27.6509763 ], [ 85.2872944, 27.6507126 ], [ 85.2871683, 27.6504774 ], [ 85.2870932, 27.6503063 ], [ 85.2870262, 27.6501067 ], [ 85.2869086, 27.6496703 ], [ 85.286825, 27.6492205 ], [ 85.2867714, 27.6488499 ], [ 85.2866598, 27.6482555 ], [ 85.2866265, 27.6480444 ], [ 85.2866305, 27.6477818 ], [ 85.2866694, 27.6475574 ], [ 85.286774, 27.647315 ], [ 85.2870718, 27.6468493 ], [ 85.2872461, 27.6465571 ], [ 85.2874339, 27.6461603 ], [ 85.2875886, 27.6455249 ], [ 85.2876082, 27.6452289 ], [ 85.2876143, 27.6448707 ], [ 85.2875707, 27.6446848 ], [ 85.2874425, 27.6444901 ], [ 85.2872354, 27.6443023 ], [ 85.2870315, 27.644168 ], [ 85.2869189, 27.6441359 ], [ 85.2867995, 27.6441347 ], [ 85.2863168, 27.6443303 ], [ 85.2858192, 27.6445137 ], [ 85.2854673, 27.644642 ], [ 85.284588, 27.6449675 ], [ 85.2840485, 27.6451028 ], [ 85.2834239, 27.6452401 ], [ 85.2831671, 27.6453009 ], [ 85.2830873, 27.6453002 ], [ 85.2829546, 27.6452717 ], [ 85.2827775, 27.6452075 ], [ 85.2825415, 27.6450816 ], [ 85.2824946, 27.6450364 ], [ 85.2824543, 27.6449824 ], [ 85.2824262, 27.6448891 ], [ 85.2823994, 27.6447371 ], [ 85.2823672, 27.6445589 ], [ 85.282347, 27.6441909 ], [ 85.2823255, 27.6438205 ], [ 85.2824017, 27.6435059 ], [ 85.2827476, 27.6427804 ], [ 85.2830566, 27.6421948 ], [ 85.2831577, 27.6419 ], [ 85.283577, 27.6412638 ], [ 85.284032, 27.6406775 ], [ 85.2846067, 27.6397381 ], [ 85.2851191, 27.638987 ], [ 85.2853927, 27.6386092 ], [ 85.2856904, 27.6382646 ], [ 85.2861786, 27.6378203 ], [ 85.2866641, 27.6374401 ], [ 85.2870181, 27.6372001 ], [ 85.2874116, 27.636935 ], [ 85.2876082, 27.6368199 ], [ 85.2878121, 27.6366773 ], [ 85.2879381, 27.6366156 ], [ 85.2881178, 27.6365799 ], [ 85.2882895, 27.636568 ], [ 85.2884799, 27.6365181 ], [ 85.288606, 27.6364516 ], [ 85.2887213, 27.6363613 ], [ 85.2889654, 27.6361617 ], [ 85.2891044, 27.6360519 ], [ 85.289408, 27.6357886 ], [ 85.2896869, 27.635589 ], [ 85.2900276, 27.6353633 ], [ 85.2906498, 27.635033 ], [ 85.2911299, 27.6348358 ], [ 85.2916342, 27.6346766 ], [ 85.291889, 27.6346362 ], [ 85.2921036, 27.634591 ], [ 85.2923155, 27.6345245 ], [ 85.2925381, 27.6344128 ], [ 85.2927098, 27.6342987 ], [ 85.2928385, 27.6342084 ], [ 85.2929243, 27.6341063 ], [ 85.2930129, 27.6339423 ], [ 85.293045, 27.633833 ], [ 85.2930585, 27.6337094 ], [ 85.293045, 27.6335455 ], [ 85.2929914, 27.6333815 ], [ 85.2928697, 27.6331549 ], [ 85.2928509, 27.6331098 ], [ 85.2928358, 27.6329562 ], [ 85.292851, 27.6328116 ], [ 85.2929712, 27.6320438 ], [ 85.29316, 27.6309563 ], [ 85.2932006, 27.6300083 ], [ 85.2932201, 27.6296635 ], [ 85.293263, 27.6292457 ], [ 85.2936233, 27.6286833 ], [ 85.2938205, 27.6283794 ], [ 85.2941377, 27.6280832 ], [ 85.294362, 27.6279017 ], [ 85.2945873, 27.6276974 ], [ 85.2947241, 27.6274954 ], [ 85.2948559, 27.6271905 ], [ 85.2949306, 27.6270177 ], [ 85.2949843, 27.6268157 ], [ 85.2949716, 27.6266742 ], [ 85.2948797, 27.6265733 ], [ 85.2947965, 27.6265234 ], [ 85.2945793, 27.6265163 ], [ 85.294362, 27.6265305 ], [ 85.2939892, 27.6265448 ], [ 85.2933964, 27.6264616 ], [ 85.2930343, 27.6263499 ], [ 85.2928546, 27.6262739 ], [ 85.2927044, 27.6261408 ], [ 85.2926239, 27.6260291 ], [ 85.2926132, 27.625858 ], [ 85.2928125, 27.6251259 ], [ 85.2928987, 27.624688 ], [ 85.2929887, 27.6244155 ], [ 85.293037, 27.6241636 ], [ 85.2930719, 27.6236978 ], [ 85.2930338, 27.6232199 ], [ 85.2930785, 27.6227507 ], [ 85.2931449, 27.6225718 ], [ 85.2933832, 27.6223043 ], [ 85.2934232, 27.6221864 ], [ 85.2934189, 27.6220684 ], [ 85.2933964, 27.6218537 ], [ 85.2933589, 27.6216255 ], [ 85.2933025, 27.6213617 ], [ 85.2932328, 27.6212191 ], [ 85.2928519, 27.6206844 ], [ 85.2923852, 27.620221 ], [ 85.2919266, 27.6196506 ], [ 85.2918032, 27.6194558 ], [ 85.2917469, 27.619287 ], [ 85.2916959, 27.619085 ], [ 85.2916825, 27.6188331 ], [ 85.2917683, 27.6183839 ], [ 85.2919496, 27.6179254 ], [ 85.2920853, 27.6172048 ], [ 85.29214, 27.61661 ], [ 85.2922535, 27.6161422 ], [ 85.2923222, 27.6157849 ], [ 85.2924508, 27.6154049 ], [ 85.2930596, 27.6142643 ], [ 85.2933074, 27.6138837 ], [ 85.2934125, 27.6137685 ], [ 85.2936915, 27.6135047 ], [ 85.2937987, 27.6133027 ], [ 85.2939006, 27.6130959 ], [ 85.293914, 27.6128677 ], [ 85.2938417, 27.6125944 ], [ 85.2935278, 27.6120929 ], [ 85.2932234, 27.6119456 ], [ 85.2928559, 27.6119016 ], [ 85.2923316, 27.6119361 ], [ 85.2919748, 27.612018 ], [ 85.2916677, 27.6121571 ], [ 85.2914062, 27.6122759 ], [ 85.2912252, 27.6123235 ], [ 85.2910602, 27.612352 ], [ 85.2908497, 27.612346 ], [ 85.2906217, 27.6122973 ], [ 85.2904339, 27.612245 ], [ 85.2902287, 27.6121238 ], [ 85.2901241, 27.6120074 ], [ 85.290041, 27.6118172 ], [ 85.2900463, 27.6116247 ], [ 85.2900812, 27.6114369 ], [ 85.2901676, 27.6112244 ], [ 85.2902515, 27.6110091 ], [ 85.2902864, 27.6109271 ], [ 85.290336, 27.6108166 ], [ 85.2904285, 27.610731 ], [ 85.2905881, 27.6106502 ], [ 85.2909328, 27.6106205 ], [ 85.2913056, 27.6105742 ], [ 85.2917281, 27.6104209 ], [ 85.2919574, 27.6102391 ], [ 85.2921438, 27.6100489 ], [ 85.2923356, 27.6098612 ], [ 85.292577, 27.609551 ], [ 85.2927741, 27.6093394 ], [ 85.2933508, 27.6088534 ], [ 85.2936003, 27.6086157 ], [ 85.2938792, 27.6083139 ], [ 85.2941233, 27.6080691 ], [ 85.2942064, 27.6078884 ], [ 85.2942386, 27.607684 ], [ 85.2942172, 27.6074606 ], [ 85.2942091, 27.6072633 ], [ 85.2941662, 27.6070233 ], [ 85.2941246, 27.6065591 ], [ 85.2941072, 27.6062318 ], [ 85.2940991, 27.6059204 ], [ 85.2941313, 27.6055258 ], [ 85.2941394, 27.6054331 ], [ 85.2941287, 27.605369 ], [ 85.2941126, 27.6052775 ], [ 85.2940938, 27.605199 ], [ 85.2940589, 27.6050849 ], [ 85.2940536, 27.6050053 ], [ 85.2940415, 27.6048983 ], [ 85.2940442, 27.6048389 ], [ 85.2940495, 27.6047878 ], [ 85.2940576, 27.6047545 ], [ 85.2940656, 27.6047337 ], [ 85.2940898, 27.60471 ], [ 85.2941179, 27.6046714 ], [ 85.294138, 27.6046262 ], [ 85.2941468, 27.6045864 ], [ 85.2941702, 27.6045323 ], [ 85.2941877, 27.6045062 ], [ 85.2942105, 27.6044764 ], [ 85.2942373, 27.6044372 ], [ 85.2942587, 27.6043956 ], [ 85.2942681, 27.6043635 ], [ 85.2942755, 27.6043392 ], [ 85.2942849, 27.6043053 ], [ 85.2943023, 27.6042411 ], [ 85.2943204, 27.604193 ], [ 85.2943285, 27.6041585 ], [ 85.2943245, 27.6041116 ], [ 85.294307, 27.6039678 ], [ 85.2942842, 27.6036671 ], [ 85.2942091, 27.6034413 ], [ 85.2939409, 27.6031608 ], [ 85.2934487, 27.6028934 ], [ 85.2931724, 27.6028221 ], [ 85.2928881, 27.6027698 ], [ 85.2927379, 27.602689 ], [ 85.2925703, 27.60255 ], [ 85.292282, 27.6023717 ], [ 85.2919601, 27.6022386 ], [ 85.291716, 27.6021376 ], [ 85.2915591, 27.6020983 ], [ 85.2913901, 27.6019557 ], [ 85.2912828, 27.6017727 ], [ 85.2911541, 27.6014471 ], [ 85.2910897, 27.6010454 ], [ 85.2911139, 27.6004796 ], [ 85.2911648, 27.6002372 ], [ 85.2912775, 27.5999924 ], [ 85.2915993, 27.599593 ], [ 85.2916557, 27.5995027 ], [ 85.2917522, 27.5992412 ], [ 85.2917469, 27.5986731 ], [ 85.2917844, 27.5982405 ], [ 85.2918386, 27.5978577 ], [ 85.2918515, 27.5973206 ], [ 85.2918354, 27.597241 ], [ 85.2918139, 27.5972006 ], [ 85.2917656, 27.5971269 ], [ 85.2916463, 27.5970318 ], [ 85.2915671, 27.5970068 ], [ 85.2914666, 27.5969878 ], [ 85.2913392, 27.5969961 ], [ 85.2910414, 27.5971043 ], [ 85.2908376, 27.5971899 ], [ 85.2906177, 27.5973039 ], [ 85.2901536, 27.5976296 ], [ 85.2899203, 27.5977461 ], [ 85.2896333, 27.5978222 ], [ 85.2890941, 27.5979767 ], [ 85.2886409, 27.5980694 ], [ 85.2881017, 27.5981312 ], [ 85.2876136, 27.598029 ], [ 85.2872622, 27.5977556 ], [ 85.2869001, 27.5974062 ], [ 85.2866238, 27.5970972 ], [ 85.286479, 27.5967002 ], [ 85.2863717, 27.5961915 ], [ 85.2862859, 27.5955022 ], [ 85.2861679, 27.5949174 ], [ 85.2860565, 27.594411 ], [ 85.285736, 27.593629 ], [ 85.2854119, 27.593307 ], [ 85.2850333, 27.5932249 ], [ 85.2845746, 27.5933342 ], [ 85.2842125, 27.5935363 ], [ 85.2840098, 27.5938557 ], [ 85.2839631, 27.5940854 ], [ 85.28401, 27.5942946 ], [ 85.284175, 27.5944301 ], [ 85.2845773, 27.5946226 ], [ 85.2846497, 27.594751 ], [ 85.2846122, 27.5948841 ], [ 85.2843815, 27.5953881 ], [ 85.2840516, 27.5958088 ], [ 85.2835366, 27.5960584 ], [ 85.2831396, 27.5961416 ], [ 85.2827373, 27.5961226 ], [ 85.2823269, 27.5960774 ], [ 85.2815545, 27.5959728 ], [ 85.2806264, 27.5958516 ], [ 85.2800524, 27.5956685 ], [ 85.2798191, 27.595457 ], [ 85.2797064, 27.5952335 ], [ 85.2797332, 27.5949673 ], [ 85.2800497, 27.5945157 ], [ 85.2805915, 27.5939071 ], [ 85.2814391, 27.5930585 ], [ 85.281643, 27.5926591 ], [ 85.2817342, 27.5921671 ], [ 85.2816859, 27.5916536 ], [ 85.2815437, 27.5912495 ], [ 85.2813372, 27.590881 ], [ 85.2810931, 27.5906671 ], [ 85.280782, 27.5904579 ], [ 85.2804065, 27.5902178 ], [ 85.2799129, 27.5898731 ], [ 85.2796944, 27.5896437 ], [ 85.279358, 27.589161 ], [ 85.2794113, 27.5888207 ], [ 85.2796796, 27.5884527 ], [ 85.2802417, 27.588081 ], [ 85.2811366, 27.5878498 ], [ 85.2820426, 27.5877003 ], [ 85.2830004, 27.5876316 ], [ 85.2836412, 27.5875862 ], [ 85.2841991, 27.5874816 ], [ 85.2846269, 27.5872445 ], [ 85.2851111, 27.5868302 ], [ 85.2851915, 27.5865378 ], [ 85.2851728, 27.5862026 ], [ 85.2850226, 27.5858841 ], [ 85.2848526, 27.585612 ], [ 85.284301, 27.5853539 ], [ 85.2837351, 27.5852113 ], [ 85.2832389, 27.5852232 ], [ 85.2828366, 27.5852422 ], [ 85.2822518, 27.5854229 ], [ 85.2816403, 27.5854894 ], [ 85.2810556, 27.5855084 ], [ 85.2806988, 27.5854466 ], [ 85.280275, 27.585216 ], [ 85.2800685, 27.5849831 ], [ 85.279988, 27.5845242 ], [ 85.2798781, 27.5840583 ], [ 85.2796742, 27.5837017 ], [ 85.2794275, 27.5834402 ], [ 85.2790681, 27.5832333 ], [ 85.2785665, 27.583086 ], [ 85.2782768, 27.5830812 ], [ 85.277743, 27.5830883 ], [ 85.2772683, 27.583036 ], [ 85.276992, 27.5828863 ], [ 85.2766621, 27.582557 ], [ 85.2764824, 27.5822634 ], [ 85.2762222, 27.5818735 ], [ 85.2758655, 27.5814028 ], [ 85.2754819, 27.5810367 ], [ 85.275152, 27.5808251 ], [ 85.2747953, 27.5805945 ], [ 85.27449, 27.5803696 ], [ 85.2741945, 27.5801023 ], [ 85.2739786, 27.579911 ], [ 85.2738391, 27.5797707 ], [ 85.2736258, 27.5796102 ], [ 85.273241, 27.5793558 ], [ 85.2730572, 27.5791514 ], [ 85.2729607, 27.5789945 ], [ 85.2728815, 27.5788031 ], [ 85.2727528, 27.5784833 ], [ 85.2726522, 27.5781362 ], [ 85.2724966, 27.577606 ], [ 85.2722713, 27.5770806 ], [ 85.2721533, 27.5767692 ], [ 85.2719548, 27.5764791 ], [ 85.2717017, 27.5762542 ], [ 85.2713607, 27.5759893 ], [ 85.2709825, 27.5757129 ], [ 85.2706513, 27.5754996 ], [ 85.2701014, 27.5751738 ], [ 85.2694451, 27.5748963 ], [ 85.2689358, 27.5746546 ], [ 85.2686772, 27.5744558 ], [ 85.2684545, 27.5742323 ], [ 85.2682829, 27.5739589 ], [ 85.2681917, 27.5736784 ], [ 85.2681059, 27.5733217 ], [ 85.2679425, 27.5726486 ], [ 85.2678677, 27.5724583 ], [ 85.2678138, 27.5723213 ], [ 85.2677025, 27.5720203 ], [ 85.2675562, 27.5717123 ], [ 85.2673588, 27.57137 ], [ 85.26717, 27.5709895 ], [ 85.266981, 27.5707459 ], [ 85.2666548, 27.5703807 ], [ 85.2664429, 27.5702309 ], [ 85.2660325, 27.5701429 ], [ 85.2655739, 27.5701239 ], [ 85.2651098, 27.5702285 ], [ 85.2646798, 27.5703424 ], [ 85.2643776, 27.5704805 ], [ 85.2640423, 27.5706137 ], [ 85.2635783, 27.5707397 ], [ 85.2633235, 27.5707516 ], [ 85.263015, 27.5706826 ], [ 85.2626047, 27.5704282 ], [ 85.2621755, 27.5701358 ], [ 85.2617437, 27.5699598 ], [ 85.2611938, 27.5698956 ], [ 85.2607566, 27.5700335 ], [ 85.2604803, 27.5701928 ], [ 85.2601424, 27.5704924 ], [ 85.2598554, 27.5708039 ], [ 85.2593833, 27.5710797 ], [ 85.2591151, 27.5712104 ], [ 85.258694, 27.5713341 ], [ 85.258179, 27.5714244 ], [ 85.258061, 27.5714339 ], [ 85.2579457, 27.5714054 ], [ 85.2578008, 27.571239 ], [ 85.2577002, 27.5711213 ], [ 85.257538, 27.5708966 ], [ 85.2573609, 27.5706398 ], [ 85.2571061, 27.570433 ], [ 85.256854, 27.5703474 ], [ 85.2565187, 27.5702974 ], [ 85.2560199, 27.5703464 ], [ 85.2555749, 27.5703562 ], [ 85.2554088, 27.5703424 ], [ 85.2552737, 27.5702561 ], [ 85.2551132, 27.5700692 ], [ 85.2549903, 27.5698989 ], [ 85.2548066, 27.5696231 ], [ 85.254656, 27.5694887 ], [ 85.2544545, 27.56942 ], [ 85.2541664, 27.5693274 ], [ 85.2538204, 27.5691942 ], [ 85.2533805, 27.5689184 ], [ 85.2531928, 27.5686569 ], [ 85.2529567, 27.5682313 ], [ 85.2527046, 27.5676939 ], [ 85.2525365, 27.5671101 ], [ 85.2523649, 27.5667448 ], [ 85.2519357, 27.5661968 ], [ 85.2511227, 27.5658587 ], [ 85.2510999, 27.565506 ], [ 85.2510994, 27.5654986 ], [ 85.2510858, 27.565289 ], [ 85.2510703, 27.5650504 ], [ 85.25065, 27.5648145 ], [ 85.2505803, 27.5645696 ], [ 85.2505615, 27.5642415 ], [ 85.2506769, 27.563949 ], [ 85.2508831, 27.563561 ], [ 85.2509558, 27.5631263 ], [ 85.2511007, 27.5626745 ], [ 85.2511918, 27.5621419 ], [ 85.2511758, 27.5615617 ], [ 85.2510819, 27.5610671 ], [ 85.2510041, 27.5606439 ], [ 85.2508137, 27.5602896 ], [ 85.2503295, 27.559978 ], [ 85.25006, 27.5599305 ], [ 85.2495933, 27.5597878 ], [ 85.2492687, 27.5595905 ], [ 85.2489951, 27.5593218 ], [ 85.2487349, 27.5589841 ], [ 85.2484748, 27.5586036 ], [ 85.2482173, 27.5582898 ], [ 85.2478927, 27.557857 ], [ 85.2475467, 27.5571698 ], [ 85.2474843, 27.5566172 ], [ 85.2474314, 27.5557145 ], [ 85.2474421, 27.555208 ], [ 85.2472758, 27.5548085 ], [ 85.2469245, 27.5544351 ], [ 85.2465329, 27.5541807 ], [ 85.246034, 27.5539596 ], [ 85.2458221, 27.5537004 ], [ 85.2457604, 27.5534602 ], [ 85.2457818, 27.5531701 ], [ 85.2459428, 27.5527063 ], [ 85.2461681, 27.5523401 ], [ 85.2467608, 27.5518574 ], [ 85.2471283, 27.5513628 ], [ 85.2473161, 27.5507326 ], [ 85.2472597, 27.5505233 ], [ 85.2470049, 27.550345 ], [ 85.2465821, 27.550132 ], [ 85.2460849, 27.549905 ], [ 85.2456933, 27.5496625 ], [ 85.2454412, 27.5493248 ], [ 85.2451783, 27.5488943 ], [ 85.2448404, 27.5486161 ], [ 85.2437702, 27.547867 ], [ 85.2433196, 27.5477291 ], [ 85.2427751, 27.5477742 ], [ 85.2422333, 27.547974 ], [ 85.2412569, 27.5484687 ], [ 85.2406025, 27.5485352 ], [ 85.240007, 27.5482499 ], [ 85.2394813, 27.5476649 ], [ 85.2388805, 27.5467849 ], [ 85.2382153, 27.5458004 ], [ 85.2377647, 27.5449585 ], [ 85.2374563, 27.5444401 ], [ 85.2371103, 27.5440905 ], [ 85.2367616, 27.5439145 ], [ 85.2362305, 27.543798 ], [ 85.2358711, 27.5436838 ], [ 85.2357379, 27.5435587 ], [ 85.2356914, 27.543515 ], [ 85.2356055, 27.5432201 ], [ 85.2355224, 27.5426231 ], [ 85.2353266, 27.5421903 ], [ 85.2349538, 27.5416837 ], [ 85.2344629, 27.5412937 ], [ 85.2341706, 27.541025 ], [ 85.2340659, 27.5408014 ], [ 85.2340177, 27.5404637 ], [ 85.2338809, 27.5399191 ], [ 85.2336127, 27.5392127 ], [ 85.2332613, 27.5387228 ], [ 85.2330275, 27.5384758 ], [ 85.2330159, 27.5384635 ], [ 85.2323413, 27.5381876 ], [ 85.2317941, 27.5379617 ], [ 85.231542, 27.5377738 ], [ 85.2313891, 27.5374099 ], [ 85.2314213, 27.5371055 ], [ 85.2315313, 27.5367916 ], [ 85.2316077, 27.5364989 ], [ 85.2317244, 27.5363397 ], [ 85.2319544, 27.5361896 ], [ 85.2323869, 27.5361018 ], [ 85.2333276, 27.5360014 ], [ 85.2337307, 27.5358188 ], [ 85.2341142, 27.5355853 ], [ 85.2345577, 27.5352326 ], [ 85.2346078, 27.5351928 ], [ 85.2356779, 27.5344414 ], [ 85.2365899, 27.5339232 ], [ 85.2375796, 27.5334285 ], [ 85.2384084, 27.5331217 ], [ 85.2390119, 27.5330147 ], [ 85.2394304, 27.5330408 ], [ 85.2397844, 27.5331479 ], [ 85.2400178, 27.5333548 ], [ 85.2403745, 27.5336997 ], [ 85.2406132, 27.5338019 ], [ 85.2408171, 27.5338043 ], [ 85.241088, 27.533702 ], [ 85.2416003, 27.533381 ], [ 85.2421635, 27.5331193 ], [ 85.2426624, 27.5330289 ], [ 85.2430487, 27.5330432 ], [ 85.2433464, 27.5331526 ], [ 85.2435955, 27.5333475 ], [ 85.2439553, 27.5334143 ], [ 85.2444568, 27.5333239 ], [ 85.2451327, 27.5330123 ], [ 85.2457738, 27.5326199 ], [ 85.2460232, 27.5322131 ], [ 85.2460796, 27.5317969 ], [ 85.246042, 27.5310905 ], [ 85.2458472, 27.5297569 ], [ 85.2457979, 27.5293756 ], [ 85.2458033, 27.5291306 ], [ 85.2458608, 27.5290406 ], [ 85.2459294, 27.5289332 ], [ 85.2463451, 27.5287096 ], [ 85.247013, 27.5284813 ], [ 85.2477694, 27.5284004 ], [ 85.248346, 27.5284789 ], [ 85.2489555, 27.5287354 ], [ 85.2494913, 27.5288999 ], [ 85.2501458, 27.528957 ], [ 85.2507037, 27.5288428 ], [ 85.251098, 27.528643 ], [ 85.251283, 27.5284741 ], [ 85.251393, 27.5280056 ], [ 85.2513796, 27.5279152 ], [ 85.251275, 27.527732 ], [ 85.2508244, 27.5271945 ], [ 85.2507815, 27.5271041 ], [ 85.2507547, 27.5269804 ], [ 85.2507305, 27.5266355 ], [ 85.2506903, 27.5263144 ], [ 85.2506179, 27.5259671 ], [ 85.2505776, 27.5257364 ], [ 85.2504998, 27.525313 ], [ 85.250473, 27.5248421 ], [ 85.250465, 27.5246565 ], [ 85.2504891, 27.5245471 ], [ 85.2505374, 27.5245067 ], [ 85.2506554, 27.524333 ], [ 85.2507171, 27.5242094 ], [ 85.2507761, 27.5240286 ], [ 85.2507949, 27.5238193 ], [ 85.2507949, 27.5237527 ], [ 85.2507761, 27.523648 ], [ 85.2507681, 27.5235386 ], [ 85.2508378, 27.5233079 ], [ 85.2508727, 27.5231937 ], [ 85.2508754, 27.5230581 ], [ 85.2508539, 27.5229725 ], [ 85.2508056, 27.5228963 ], [ 85.2507091, 27.522806 ], [ 85.2507091, 27.5227251 ], [ 85.2507439, 27.522618 ], [ 85.2508204, 27.5225003 ], [ 85.2508526, 27.5224468 ], [ 85.2508606, 27.5223362 ], [ 85.2508552, 27.5222719 ], [ 85.2508284, 27.5222077 ], [ 85.2507627, 27.5221102 ], [ 85.2506608, 27.5219925 ], [ 85.2506018, 27.5219282 ], [ 85.2504127, 27.5217391 ], [ 85.250351, 27.5216939 ], [ 85.2502933, 27.5215881 ], [ 85.2502853, 27.5215381 ], [ 85.2502853, 27.5214608 ], [ 85.2502772, 27.5213728 ], [ 85.2502252, 27.5212805 ], [ 85.2499707, 27.5210304 ], [ 85.2496387, 27.5208191 ], [ 85.2467556, 27.5197577 ], [ 85.246265, 27.5196229 ], [ 85.245663, 27.5195119 ], [ 85.2439794, 27.5192879 ], [ 85.2431586, 27.5191547 ], [ 85.2430138, 27.5190738 ], [ 85.2427778, 27.5188954 ], [ 85.2423298, 27.5184339 ], [ 85.242185, 27.5183055 ], [ 85.2419972, 27.5181746 ], [ 85.2412301, 27.5177084 ], [ 85.2407983, 27.5173456 ], [ 85.2406012, 27.5170483 ], [ 85.2405542, 27.5169674 ], [ 85.2405314, 27.5169067 ], [ 85.240463, 27.5166546 ], [ 85.2404617, 27.5165606 ], [ 85.240522, 27.5164072 ], [ 85.2406995, 27.5161264 ], [ 85.241444, 27.514149 ], [ 85.2416296, 27.5136449 ], [ 85.2417391, 27.5131662 ], [ 85.2416809, 27.5127281 ], [ 85.2412854, 27.5123951 ], [ 85.2410004, 27.5121436 ], [ 85.2406613, 27.5118938 ], [ 85.2401919, 27.5117759 ], [ 85.2394025, 27.511665 ], [ 85.2387476, 27.5115087 ], [ 85.2382505, 27.5113029 ], [ 85.2377593, 27.5109287 ], [ 85.2374589, 27.5106718 ], [ 85.23707, 27.5102947 ], [ 85.2368018, 27.5099295 ], [ 85.2366275, 27.5095073 ], [ 85.2365805, 27.5093015 ], [ 85.2365327, 27.5088783 ], [ 85.2366147, 27.5085499 ], [ 85.2366101, 27.5083139 ], [ 85.236506, 27.5081455 ], [ 85.2361527, 27.5078646 ], [ 85.2356096, 27.5074685 ], [ 85.2354339, 27.5072508 ], [ 85.2351925, 27.5069404 ], [ 85.2350718, 27.5066882 ], [ 85.2345142, 27.5054311 ], [ 85.2345015, 27.5051142 ], [ 85.2345252, 27.5047935 ], [ 85.234645, 27.5044973 ], [ 85.2349457, 27.5040673 ], [ 85.2354661, 27.5034967 ], [ 85.2356324, 27.503285 ], [ 85.2357879, 27.5030804 ], [ 85.2359033, 27.5028139 ], [ 85.236091, 27.5023452 ], [ 85.2362305, 27.5019646 ], [ 85.2364263, 27.5013484 ], [ 85.2365309, 27.5011248 ], [ 85.2366596, 27.5009202 ], [ 85.2369064, 27.5006965 ], [ 85.2371532, 27.5004919 ], [ 85.2373946, 27.5003539 ], [ 85.2377111, 27.5001541 ], [ 85.2381831, 27.4999971 ], [ 85.2385533, 27.5000208 ], [ 85.2391273, 27.5001969 ], [ 85.2396107, 27.5004047 ], [ 85.2398863, 27.5005942 ], [ 85.2401465, 27.5006727 ], [ 85.2405059, 27.5007037 ], [ 85.2408197, 27.500706 ], [ 85.2415547, 27.5006549 ], [ 85.2419235, 27.5005621 ], [ 85.2423432, 27.5003967 ], [ 85.2426356, 27.5001612 ], [ 85.242826, 27.4999257 ], [ 85.2429736, 27.4996211 ], [ 85.2431238, 27.4991572 ], [ 85.2432901, 27.4987313 ], [ 85.2434322, 27.4984553 ], [ 85.2436897, 27.4981389 ], [ 85.2441779, 27.4977464 ], [ 85.2444005, 27.4976274 ], [ 85.2453605, 27.4972 ], [ 85.2460366, 27.4969612 ], [ 85.2463424, 27.4967947 ], [ 85.2467529, 27.4965477 ], [ 85.2473003, 27.4961384 ], [ 85.2476991, 27.4957638 ], [ 85.2478947, 27.4954931 ], [ 85.2480268, 27.495291 ], [ 85.2480859, 27.4949864 ], [ 85.2481073, 27.4946795 ], [ 85.2480724, 27.4944059 ], [ 85.2479705, 27.4942584 ], [ 85.2478445, 27.4939919 ], [ 85.2477533, 27.493911 ], [ 85.2474126, 27.4936398 ], [ 85.2472973, 27.4935327 ], [ 85.24719, 27.493428 ], [ 85.247139, 27.4932995 ], [ 85.247131, 27.4931806 ], [ 85.2471712, 27.4929569 ], [ 85.2472302, 27.4927071 ], [ 85.2472705, 27.4925596 ], [ 85.2473026, 27.4922907 ], [ 85.2472839, 27.4918386 ], [ 85.2471498, 27.4915055 ], [ 85.2467743, 27.4905681 ], [ 85.246667, 27.4903349 ], [ 85.2465114, 27.490028 ], [ 85.2460189, 27.4894014 ], [ 85.2457741, 27.4890384 ], [ 85.2450308, 27.4881054 ], [ 85.2446687, 27.4876747 ], [ 85.2445455, 27.4874381 ], [ 85.2443906, 27.4869669 ], [ 85.2443361, 27.4867825 ], [ 85.2443334, 27.4866492 ], [ 85.244379, 27.4865255 ], [ 85.2445185, 27.486309 ], [ 85.2446473, 27.4862376 ], [ 85.2447492, 27.4861971 ], [ 85.2448484, 27.4861876 ], [ 85.244998, 27.4861732 ], [ 85.2457255, 27.4860853 ], [ 85.2457979, 27.4860567 ], [ 85.2458543, 27.4860187 ], [ 85.2459079, 27.4859473 ], [ 85.2459079, 27.4858878 ], [ 85.2458757, 27.4857807 ], [ 85.2458355, 27.4857141 ], [ 85.2458811, 27.4853833 ], [ 85.2459562, 27.4852287 ], [ 85.2468601, 27.4843578 ], [ 85.2473456, 27.4837486 ], [ 85.2475011, 27.4834012 ], [ 85.2475762, 27.4831704 ], [ 85.2476835, 27.4826921 ], [ 85.2477398, 27.48224 ], [ 85.2477318, 27.482102 ], [ 85.2476782, 27.4819545 ], [ 85.2475655, 27.4816951 ], [ 85.2474233, 27.4814881 ], [ 85.2470256, 27.4809159 ], [ 85.2469482, 27.4805333 ], [ 85.2470587, 27.4801019 ], [ 85.2473909, 27.479709 ], [ 85.2475025, 27.4795345 ], [ 85.2475749, 27.4793501 ], [ 85.247595, 27.4792929 ], [ 85.2476004, 27.4792275 ], [ 85.2475829, 27.4791442 ], [ 85.2475132, 27.4787706 ], [ 85.2475052, 27.4786386 ], [ 85.2475271, 27.4784399 ], [ 85.247536, 27.478397 ], [ 85.2476701, 27.4777997 ], [ 85.2477291, 27.4774285 ], [ 85.2478056, 27.4765837 ], [ 85.2478512, 27.4763339 ], [ 85.2478847, 27.4762565 ], [ 85.2480644, 27.4759817 ], [ 85.24811, 27.4759448 ], [ 85.2481784, 27.4759103 ], [ 85.2484399, 27.4758056 ], [ 85.2487296, 27.4757009 ], [ 85.2491105, 27.4755319 ], [ 85.2491829, 27.4755034 ], [ 85.2492687, 27.4754534 ], [ 85.2494994, 27.475332 ], [ 85.2518839, 27.474028 ], [ 85.2520663, 27.4738923 ], [ 85.2522272, 27.4737448 ], [ 85.2524766, 27.4735568 ], [ 85.2527046, 27.4733378 ], [ 85.2529433, 27.4729999 ], [ 85.2533832, 27.4722693 ], [ 85.2534288, 27.4721765 ], [ 85.2536152, 27.4718231 ], [ 85.253689, 27.4717494 ], [ 85.2537574, 27.4716435 ], [ 85.2538419, 27.4715304 ], [ 85.253921, 27.4713627 ], [ 85.2539679, 27.4712437 ], [ 85.2540591, 27.4710652 ], [ 85.2545412, 27.4705468 ], [ 85.2547619, 27.4703453 ], [ 85.2557167, 27.4696349 ], [ 85.2566743, 27.4690067 ], [ 85.2568808, 27.4688258 ], [ 85.2572322, 27.4684355 ], [ 85.2573824, 27.4681356 ], [ 85.2573824, 27.4680214 ], [ 85.2573824, 27.467831 ], [ 85.2572724, 27.4675907 ], [ 85.2569076, 27.4672932 ], [ 85.256567, 27.4670409 ], [ 85.2562612, 27.4667053 ], [ 85.2560198, 27.4664436 ], [ 85.2559233, 27.4662508 ], [ 85.2558696, 27.4660366 ], [ 85.255875, 27.4658795 ], [ 85.2559018, 27.4656273 ], [ 85.2560212, 27.4652441 ], [ 85.2564758, 27.4645135 ], [ 85.2566113, 27.4642886 ], [ 85.2568366, 27.463972 ], [ 85.2579108, 27.4627952 ], [ 85.2582809, 27.4623668 ], [ 85.2585049, 27.4620371 ], [ 85.2585438, 27.4619372 ], [ 85.2585505, 27.4617301 ], [ 85.2585478, 27.4616528 ], [ 85.2585317, 27.4615409 ], [ 85.25847, 27.4613553 ], [ 85.2584445, 27.4612648 ], [ 85.2583989, 27.4611327 ], [ 85.2583279, 27.460746 ], [ 85.2582461, 27.4604925 ], [ 85.2581964, 27.4603557 ], [ 85.2580932, 27.4599701 ], [ 85.2579416, 27.4596167 ], [ 85.2578209, 27.4593727 ], [ 85.2577995, 27.4592716 ], [ 85.2578142, 27.4591288 ], [ 85.2579068, 27.4588967 ], [ 85.2582722, 27.4584951 ], [ 85.2587853, 27.4581956 ], [ 85.2597351, 27.4578806 ], [ 85.26088, 27.457677 ], [ 85.2610195, 27.4576365 ], [ 85.2612273, 27.457546 ], [ 85.2614915, 27.4573806 ], [ 85.2616793, 27.4572593 ], [ 85.2619046, 27.4571141 ], [ 85.2619663, 27.4570641 ], [ 85.2620749, 27.4569594 ], [ 85.2622452, 27.4567404 ], [ 85.2623391, 27.4565714 ], [ 85.2625617, 27.4560918 ], [ 85.2627388, 27.4556741 ], [ 85.2627884, 27.455586 ], [ 85.2629077, 27.4554647 ], [ 85.2634039, 27.4549958 ], [ 85.2638411, 27.4547292 ], [ 85.2643427, 27.454615 ], [ 85.2648443, 27.4546388 ], [ 85.2652413, 27.4547459 ], [ 85.2656065, 27.454964 ], [ 85.2657978, 27.4550005 ], [ 85.2660592, 27.4549894 ], [ 85.2663034, 27.4549315 ], [ 85.2665234, 27.4548196 ], [ 85.2666988, 27.4545701 ], [ 85.2669445, 27.4541961 ], [ 85.267159, 27.4540128 ], [ 85.2675828, 27.4538319 ], [ 85.2682975, 27.453635 ], [ 85.269006, 27.4535761 ], [ 85.2701018, 27.4539668 ], [ 85.2708401, 27.4541251 ], [ 85.2716763, 27.4541731 ], [ 85.2728681, 27.454033 ], [ 85.2738894, 27.4538154 ], [ 85.2748542, 27.4534672 ], [ 85.275847, 27.4529386 ], [ 85.2772847, 27.4520627 ], [ 85.2780157, 27.4516979 ], [ 85.278726, 27.4515192 ], [ 85.2791378, 27.4514541 ], [ 85.2798405, 27.4514398 ], [ 85.2809966, 27.4516588 ], [ 85.2816993, 27.4517683 ], [ 85.282461, 27.4517778 ], [ 85.283778, 27.4516993 ], [ 85.2861893, 27.4518587 ], [ 85.2874647, 27.4518921 ], [ 85.2885058, 27.4517872 ], [ 85.2902676, 27.4514512 ], [ 85.2927661, 27.4514827 ], [ 85.2947053, 27.4512518 ], [ 85.2961597, 27.4508245 ], [ 85.2964649, 27.4507067 ], [ 85.296886, 27.4505734 ], [ 85.2975377, 27.4504996 ], [ 85.2982646, 27.4505734 ], [ 85.2989539, 27.450746 ], [ 85.2994448, 27.4509067 ], [ 85.2997144, 27.4510031 ], [ 85.3006625, 27.4510757 ], [ 85.3011239, 27.4510138 ], [ 85.3016227, 27.4508495 ], [ 85.3019634, 27.4506353 ], [ 85.3023148, 27.4502497 ], [ 85.3026581, 27.4498046 ], [ 85.3030309, 27.4492976 ], [ 85.3037658, 27.4485455 ], [ 85.3046295, 27.4477433 ], [ 85.3054234, 27.446665 ], [ 85.3059921, 27.4461533 ], [ 85.3066841, 27.4458653 ], [ 85.3072125, 27.4455784 ], [ 85.3076497, 27.445413 ], [ 85.3078589, 27.445363 ], [ 85.3081378, 27.4452821 ], [ 85.3083229, 27.4452511 ], [ 85.3084892, 27.445263 ], [ 85.3086206, 27.445294 ], [ 85.3088486, 27.4453559 ], [ 85.3091732, 27.4454558 ], [ 85.3096667, 27.4455368 ], [ 85.3099295, 27.4455701 ], [ 85.3102595, 27.4456486 ], [ 85.3112797, 27.4458527 ], [ 85.3116086, 27.445851 ], [ 85.311799, 27.4457938 ], [ 85.312086, 27.4456486 ], [ 85.3122979, 27.4454082 ], [ 85.3137398, 27.443647 ], [ 85.3146867, 27.4428786 ], [ 85.3154857, 27.4421914 ], [ 85.3157699, 27.441947 ], [ 85.3160217, 27.44162 ], [ 85.316053, 27.4413526 ], [ 85.3159836, 27.4409976 ], [ 85.3154978, 27.4401619 ], [ 85.3149211, 27.4395215 ], [ 85.3146234, 27.4392978 ], [ 85.3143391, 27.4390145 ], [ 85.3142425, 27.4387812 ], [ 85.3141594, 27.4385693 ], [ 85.3141406, 27.4383242 ], [ 85.314272, 27.4375315 ], [ 85.3143445, 27.4373101 ], [ 85.3144464, 27.4371101 ], [ 85.3145859, 27.4369887 ], [ 85.3147387, 27.4368887 ], [ 85.3151456, 27.4366869 ], [ 85.3158948, 27.4363555 ], [ 85.3163347, 27.4362484 ], [ 85.3168048, 27.4361799 ], [ 85.3171715, 27.4362127 ], [ 85.3176302, 27.4363602 ], [ 85.3179333, 27.436465 ], [ 85.3181881, 27.4366102 ], [ 85.3191724, 27.436803 ], [ 85.319843, 27.4368221 ], [ 85.3201327, 27.4368506 ], [ 85.3204089, 27.4368959 ], [ 85.320932, 27.4371101 ], [ 85.3213477, 27.4373363 ], [ 85.3224394, 27.4378219 ], [ 85.3235069, 27.4382361 ], [ 85.3241905, 27.438421 ], [ 85.3245127, 27.438467 ], [ 85.3248453, 27.4385122 ], [ 85.3250384, 27.4385336 ], [ 85.3255239, 27.4385003 ], [ 85.3263393, 27.4383932 ], [ 85.3268462, 27.438386 ], [ 85.327203, 27.4384099 ], [ 85.327895, 27.4384836 ], [ 85.3280559, 27.4384741 ], [ 85.3282759, 27.4384194 ], [ 85.3299174, 27.4379314 ], [ 85.3309451, 27.4375354 ], [ 85.3314694, 27.4371509 ], [ 85.3317466, 27.4369316 ], [ 85.3319156, 27.436803 ], [ 85.33209, 27.4366483 ], [ 85.3322831, 27.4364912 ], [ 85.3325513, 27.4362007 ], [ 85.3326425, 27.4360246 ], [ 85.3327015, 27.4358127 ], [ 85.3329391, 27.4350684 ], [ 85.3332245, 27.4340344 ] ] } },
{ "type": "Feature", "properties": { "name": "Kodku Khola", "waterway": "river" }, "geometry": { "type": "LineString", "coordinates": [ [ 85.3432393, 27.6026852 ], [ 85.343497, 27.602787 ], [ 85.3441684, 27.6031145 ], [ 85.3442238, 27.6032724 ], [ 85.3441213, 27.6033233 ], [ 85.3438396, 27.6032501 ], [ 85.3437359, 27.603296 ], [ 85.3438095, 27.6035179 ], [ 85.3437505, 27.603907 ], [ 85.3438687, 27.6039039 ], [ 85.3439689, 27.6038021 ], [ 85.3441248, 27.6037364 ], [ 85.3442627, 27.6038237 ], [ 85.3443016, 27.6039924 ], [ 85.3441936, 27.604136 ], [ 85.3440531, 27.6042063 ], [ 85.3440991, 27.6042675 ], [ 85.3445296, 27.6043835 ], [ 85.3449537, 27.6046962 ], [ 85.3451642, 27.6047485 ], [ 85.3456736, 27.6046722 ], [ 85.3460491, 27.6046689 ], [ 85.3464333, 27.6046178 ], [ 85.3464295, 27.6047953 ], [ 85.3465393, 27.6048581 ], [ 85.3469589, 27.6047891 ], [ 85.3474607, 27.6045249 ], [ 85.3477819, 27.6046722 ], [ 85.3479837, 27.6046657 ], [ 85.348235, 27.6045037 ], [ 85.3483558, 27.6046073 ], [ 85.3483139, 27.6047692 ], [ 85.3483853, 27.6050323 ], [ 85.3482694, 27.6053342 ], [ 85.3484074, 27.6055823 ], [ 85.3484485, 27.6060828 ], [ 85.3487124, 27.6062672 ], [ 85.3487537, 27.6062945 ], [ 85.349198, 27.6067316 ], [ 85.3494039, 27.6067564 ], [ 85.3496947, 27.6070815 ], [ 85.349729, 27.607337 ], [ 85.3496872, 27.6074287 ], [ 85.3495966, 27.6075483 ], [ 85.3495264, 27.6076541 ], [ 85.3494412, 27.6078713 ], [ 85.3495345, 27.6079967 ], [ 85.3496998, 27.6080698 ], [ 85.3499923, 27.6082234 ], [ 85.3502694, 27.6084367 ], [ 85.3503175, 27.6085721 ], [ 85.3501846, 27.6086535 ], [ 85.3500457, 27.6086571 ], [ 85.3497866, 27.6089326 ], [ 85.3496888, 27.6090518 ], [ 85.3497986, 27.6093052 ], [ 85.3499342, 27.6094193 ], [ 85.3501447, 27.6092389 ], [ 85.350519, 27.6091325 ], [ 85.3507679, 27.6091328 ], [ 85.350858, 27.6092265 ], [ 85.3508178, 27.6093189 ], [ 85.3507606, 27.6094515 ], [ 85.3507608, 27.6095984 ], [ 85.3507791, 27.6097456 ], [ 85.3507305, 27.6098946 ], [ 85.3507366, 27.6104513 ], [ 85.3507995, 27.6105038 ], [ 85.3508676, 27.6105566 ], [ 85.3509429, 27.610613 ], [ 85.3510462, 27.6106333 ], [ 85.3511283, 27.6105901 ], [ 85.3512208, 27.6105732 ], [ 85.3513658, 27.610594 ], [ 85.3514486, 27.6107528 ], [ 85.3514714, 27.6110049 ], [ 85.3514236, 27.6112233 ], [ 85.3513563, 27.6113366 ], [ 85.3512663, 27.6115056 ], [ 85.3510117, 27.6115579 ], [ 85.350847, 27.6116464 ], [ 85.3507338, 27.6118507 ], [ 85.3506378, 27.6119256 ], [ 85.3505284, 27.6119807 ], [ 85.3505264, 27.6120535 ], [ 85.3505593, 27.612157 ], [ 85.3507389, 27.6121851 ], [ 85.3508992, 27.6121944 ], [ 85.3510332, 27.6122571 ], [ 85.3512544, 27.6123014 ], [ 85.3513571, 27.6124461 ], [ 85.3513672, 27.6126152 ], [ 85.3512893, 27.6127029 ], [ 85.351181, 27.6127677 ], [ 85.3509872, 27.6128488 ], [ 85.3507958, 27.61307 ], [ 85.3507037, 27.6132393 ], [ 85.3508055, 27.6133874 ], [ 85.3509527, 27.6134318 ], [ 85.3510218, 27.6134766 ], [ 85.3509783, 27.6136195 ], [ 85.3506249, 27.6137824 ], [ 85.350496, 27.613757 ], [ 85.3503669, 27.6137912 ], [ 85.350282, 27.6138759 ], [ 85.3503051, 27.6140606 ], [ 85.3503496, 27.6142084 ], [ 85.3503881, 27.6143063 ], [ 85.3503131, 27.6143408 ], [ 85.3502321, 27.6143771 ], [ 85.3500414, 27.6144908 ], [ 85.3499492, 27.6145588 ], [ 85.349763, 27.6146875 ], [ 85.3496633, 27.6146722 ], [ 85.3495943, 27.6145759 ], [ 85.3494661, 27.61446 ], [ 85.3492172, 27.614466 ], [ 85.3490479, 27.6145572 ], [ 85.3489923, 27.614749 ], [ 85.3492874, 27.6148416 ], [ 85.3494362, 27.614955 ], [ 85.3493955, 27.6151484 ], [ 85.3492013, 27.6154568 ], [ 85.3491355, 27.6154665 ], [ 85.3489872, 27.6155454 ], [ 85.3487396, 27.6155611 ], [ 85.3486123, 27.6156584 ], [ 85.3485123, 27.6157422 ], [ 85.3485859, 27.6158576 ], [ 85.3486209, 27.6160694 ], [ 85.3487512, 27.6161246 ], [ 85.3490444, 27.6162168 ], [ 85.349022, 27.6164591 ], [ 85.3490095, 27.6165064 ], [ 85.3489888, 27.616584 ], [ 85.3489004, 27.6169155 ], [ 85.3490269, 27.6176074 ], [ 85.3489846, 27.6178537 ], [ 85.3485696, 27.6181794 ], [ 85.3484768, 27.6184614 ], [ 85.3483698, 27.6187356 ], [ 85.3481723, 27.618868 ], [ 85.3478435, 27.6190677 ], [ 85.3475032, 27.6192309 ], [ 85.3470713, 27.619252 ], [ 85.3463619, 27.6194489 ], [ 85.3457014, 27.6195827 ], [ 85.3455708, 27.6196901 ], [ 85.3453286, 27.6198753 ], [ 85.3449177, 27.6201138 ], [ 85.3446281, 27.6204581 ], [ 85.3444049, 27.6206517 ], [ 85.3441145, 27.6209006 ], [ 85.3439231, 27.6209722 ], [ 85.3437303, 27.6210389 ], [ 85.3434288, 27.6211766 ], [ 85.3431275, 27.6213977 ], [ 85.3427742, 27.6217775 ], [ 85.3426935, 27.6219709 ], [ 85.3423711, 27.6222608 ], [ 85.3422545, 27.6224715 ], [ 85.3422312, 27.622959 ], [ 85.3424128, 27.6230662 ], [ 85.342585, 27.6233246 ], [ 85.3426994, 27.6235614 ], [ 85.3427364, 27.6237959 ], [ 85.3428351, 27.6239868 ], [ 85.3428266, 27.6241897 ], [ 85.3428392, 27.624364 ], [ 85.3429302, 27.624518 ], [ 85.3430099, 27.6247112 ], [ 85.343008, 27.6247372 ], [ 85.3430037, 27.6247842 ], [ 85.3429288, 27.62484 ], [ 85.3428185, 27.6248053 ], [ 85.3427, 27.6247533 ], [ 85.3425797, 27.62469 ], [ 85.342467, 27.6246887 ], [ 85.3424084, 27.6247094 ], [ 85.3423999, 27.6247328 ], [ 85.3426531, 27.6248881 ], [ 85.3426238, 27.6249749 ], [ 85.3427863, 27.6250589 ], [ 85.3429432, 27.6251241 ], [ 85.342958, 27.6252813 ], [ 85.3429534, 27.6254159 ], [ 85.3430558, 27.6255003 ], [ 85.3433051, 27.6255813 ], [ 85.3433512, 27.6256964 ], [ 85.343296, 27.6258429 ], [ 85.3431291, 27.6260667 ], [ 85.342908, 27.6263002 ], [ 85.3428563, 27.6265331 ], [ 85.3427661, 27.6268024 ], [ 85.34269, 27.6269796 ], [ 85.3424851, 27.6273188 ], [ 85.3423994, 27.6274794 ], [ 85.3423559, 27.6275701 ], [ 85.3422895, 27.6276545 ], [ 85.342148, 27.6277192 ], [ 85.3419934, 27.6277097 ], [ 85.3415814, 27.6277533 ], [ 85.3413964, 27.6278049 ], [ 85.3412975, 27.6278016 ], [ 85.3411672, 27.6277523 ], [ 85.3410518, 27.6276621 ], [ 85.3409862, 27.6275389 ], [ 85.3408642, 27.6274465 ], [ 85.340728, 27.6274334 ], [ 85.34056, 27.6274974 ], [ 85.340352, 27.627586 ], [ 85.3401699, 27.6276234 ], [ 85.3400068, 27.6276304 ], [ 85.3398232, 27.6277226 ], [ 85.3398054, 27.6277774 ], [ 85.3397771, 27.6278642 ], [ 85.3397755, 27.6280048 ], [ 85.3398912, 27.6281334 ], [ 85.3400155, 27.6281957 ], [ 85.340324, 27.6282376 ], [ 85.3404997, 27.6283075 ], [ 85.3405453, 27.6283534 ], [ 85.3406649, 27.6283791 ], [ 85.3406958, 27.6283857 ], [ 85.3407737, 27.6284302 ], [ 85.3408022, 27.628506 ], [ 85.3407744, 27.6285802 ], [ 85.340605, 27.6287497 ], [ 85.3406316, 27.6289229 ], [ 85.3406283, 27.6291525 ], [ 85.340472, 27.6293278 ], [ 85.3403422, 27.6295234 ], [ 85.3401544, 27.6296796 ], [ 85.3400462, 27.6297526 ], [ 85.3399548, 27.6297548 ], [ 85.3397984, 27.6296865 ], [ 85.3396005, 27.629531 ], [ 85.3392409, 27.629483 ], [ 85.339082, 27.6293878 ], [ 85.339002, 27.6292794 ], [ 85.3389587, 27.629071 ], [ 85.3389103, 27.6289404 ], [ 85.3387122, 27.6287974 ], [ 85.3385694, 27.6286917 ], [ 85.3383255, 27.6286701 ], [ 85.3381044, 27.6286963 ], [ 85.3379499, 27.6286574 ], [ 85.3378246, 27.6286268 ], [ 85.3377626, 27.6286663 ], [ 85.3377626, 27.6287761 ], [ 85.337739, 27.6288702 ], [ 85.3376459, 27.6289815 ], [ 85.3374941, 27.6291019 ], [ 85.3373896, 27.6292379 ], [ 85.3373313, 27.6294106 ], [ 85.337268, 27.6296312 ], [ 85.3372143, 27.6298429 ], [ 85.3371503, 27.6300715 ], [ 85.3371426, 27.6302257 ], [ 85.3371842, 27.6303045 ], [ 85.3373029, 27.6304151 ], [ 85.337521, 27.6304956 ], [ 85.3375908, 27.6305576 ], [ 85.3375792, 27.6306192 ], [ 85.3373546, 27.6307596 ], [ 85.3371714, 27.6308137 ], [ 85.3369348, 27.6308151 ], [ 85.3366793, 27.6306913 ], [ 85.3364827, 27.6306069 ], [ 85.3363254, 27.6306282 ], [ 85.3362192, 27.6306909 ], [ 85.3361818, 27.630797 ], [ 85.3361236, 27.630844 ], [ 85.3358786, 27.6309247 ], [ 85.3357624, 27.6310154 ], [ 85.3356384, 27.6311646 ], [ 85.3356156, 27.6313251 ], [ 85.3356366, 27.6314402 ], [ 85.3357217, 27.631513 ], [ 85.3359645, 27.6315796 ], [ 85.3360835, 27.6316692 ], [ 85.3361335, 27.6317577 ], [ 85.3361302, 27.6318646 ], [ 85.3360705, 27.6319954 ], [ 85.3360677, 27.6320571 ], [ 85.336129, 27.6321101 ], [ 85.3362383, 27.6321565 ], [ 85.3363385, 27.6322739 ], [ 85.336455, 27.6324817 ], [ 85.3364646, 27.6327295 ], [ 85.3363934, 27.6329888 ], [ 85.3363267, 27.6331886 ], [ 85.3362389, 27.6332938 ], [ 85.3359554, 27.6334537 ], [ 85.3356802, 27.6335917 ], [ 85.3355639, 27.6336431 ], [ 85.3354175, 27.6336446 ], [ 85.3353163, 27.6335732 ], [ 85.3353016, 27.6334421 ], [ 85.3352741, 27.6333311 ], [ 85.3352252, 27.6332668 ], [ 85.3351515, 27.6332185 ], [ 85.3350613, 27.6332067 ], [ 85.334992, 27.6332146 ], [ 85.3347073, 27.6333475 ], [ 85.3345105, 27.6335176 ], [ 85.3343948, 27.6336749 ], [ 85.3343189, 27.6338879 ], [ 85.3342321, 27.6339589 ], [ 85.3338741, 27.6341681 ], [ 85.3337866, 27.6342817 ], [ 85.3337685, 27.6344171 ], [ 85.3337974, 27.6345468 ], [ 85.3339681, 27.6348286 ], [ 85.3340022, 27.6350585 ], [ 85.3339487, 27.6351733 ], [ 85.3338886, 27.6352791 ], [ 85.3338965, 27.6353928 ], [ 85.3338885, 27.6355653 ], [ 85.3339148, 27.6356195 ], [ 85.3339495, 27.6356608 ], [ 85.3340291, 27.6356762 ], [ 85.3341313, 27.6356232 ], [ 85.3341788, 27.6355579 ], [ 85.334335, 27.6354139 ], [ 85.3344714, 27.6353856 ], [ 85.3345728, 27.6354335 ], [ 85.3346645, 27.6355368 ], [ 85.3346515, 27.6356887 ], [ 85.3346499, 27.635795 ], [ 85.334774, 27.6360162 ], [ 85.3348728, 27.6361926 ], [ 85.3348744, 27.6363154 ], [ 85.3348252, 27.6363968 ], [ 85.3347007, 27.6365525 ], [ 85.3346559, 27.6366024 ], [ 85.3346328, 27.6367073 ], [ 85.3346703, 27.6368076 ], [ 85.3346979, 27.6368259 ], [ 85.3347263, 27.6368237 ], [ 85.3347951, 27.6367806 ], [ 85.3348505, 27.6367419 ], [ 85.3349451, 27.6367387 ], [ 85.3351594, 27.6368599 ], [ 85.3352783, 27.6369248 ], [ 85.3353637, 27.6369248 ], [ 85.3355508, 27.6369234 ], [ 85.3358345, 27.6370468 ], [ 85.3359534, 27.6371345 ], [ 85.3359621, 27.6372972 ], [ 85.3358471, 27.6374117 ], [ 85.3356457, 27.6374269 ], [ 85.3355574, 27.6374308 ], [ 85.3353208, 27.6376006 ], [ 85.3351463, 27.6377211 ], [ 85.3351195, 27.6377771 ], [ 85.3351373, 27.6378606 ], [ 85.3353145, 27.6381719 ], [ 85.335422, 27.6385865 ], [ 85.3354092, 27.6388985 ], [ 85.3353324, 27.639157 ], [ 85.3353261, 27.6394159 ], [ 85.3353117, 27.6395479 ], [ 85.3351974, 27.6397641 ], [ 85.335199, 27.6398609 ], [ 85.3352211, 27.6400948 ], [ 85.3352015, 27.6401627 ], [ 85.3350891, 27.6404334 ], [ 85.3349911, 27.6405511 ], [ 85.3349699, 27.640584 ], [ 85.3350003, 27.6406495 ], [ 85.3350855, 27.6408623 ], [ 85.3351057, 27.6410395 ], [ 85.3351035, 27.6411962 ], [ 85.3350625, 27.6413371 ], [ 85.3350074, 27.6414168 ], [ 85.3349382, 27.6414321 ], [ 85.3346082, 27.6414448 ], [ 85.334558, 27.6414692 ], [ 85.3345333, 27.6415071 ], [ 85.3345396, 27.6416092 ], [ 85.3345838, 27.6419152 ], [ 85.3346305, 27.6420433 ], [ 85.3346386, 27.6421276 ], [ 85.3345987, 27.6424365 ], [ 85.3346633, 27.6427178 ], [ 85.3348281, 27.6429771 ], [ 85.3348328, 27.6430465 ], [ 85.3346905, 27.6436469 ], [ 85.3346873, 27.6437089 ], [ 85.3346589, 27.644267 ], [ 85.3347753, 27.644491 ], [ 85.3349156, 27.6447754 ], [ 85.3352054, 27.6450376 ], [ 85.3353069, 27.6451194 ], [ 85.335465, 27.6452466 ], [ 85.3360036, 27.6458606 ], [ 85.336093, 27.64606 ], [ 85.3361278, 27.6463729 ], [ 85.3360821, 27.6466078 ], [ 85.3360687, 27.6468315 ], [ 85.3359497, 27.6470823 ], [ 85.3357606, 27.6472092 ], [ 85.3356958, 27.6473213 ], [ 85.3356837, 27.64743 ], [ 85.3357601, 27.6475926 ], [ 85.3359052, 27.6476825 ], [ 85.3359495, 27.6477499 ], [ 85.3359801, 27.647878 ] ] } },
{ "type": "Feature", "properties": { "name": "Punyamata River", "waterway": "stream" }, "geometry": { "type": "LineString", "coordinates": [ [ 85.5152929, 27.6760318 ], [ 85.5151963, 27.6759748 ], [ 85.5148315, 27.675894 ], [ 85.5143541, 27.6756802 ], [ 85.5137801, 27.6755472 ], [ 85.5134374, 27.6754049 ], [ 85.5131803, 27.6752351 ], [ 85.5129988, 27.6751719 ], [ 85.5127968, 27.6751104 ], [ 85.5125785, 27.6750291 ], [ 85.5122051, 27.6747816 ], [ 85.5119399, 27.6745431 ], [ 85.5117441, 27.674404 ], [ 85.5115645, 27.6743408 ], [ 85.5112912, 27.6742215 ], [ 85.5110157, 27.6740878 ], [ 85.5107832, 27.6739704 ], [ 85.5104629, 27.6738023 ], [ 85.5101466, 27.6737536 ], [ 85.509912, 27.6736632 ], [ 85.5097366, 27.6735873 ], [ 85.5095999, 27.6733488 ], [ 85.5095058, 27.6732155 ], [ 85.5093962, 27.6731121 ], [ 85.5093024, 27.6729984 ], [ 85.5092851, 27.6727978 ], [ 85.5088978, 27.6725926 ], [ 85.5082463, 27.6726115 ], [ 85.5080249, 27.672619 ], [ 85.5078248, 27.6725097 ], [ 85.5076247, 27.6721627 ], [ 85.5074826, 27.6720575 ], [ 85.5070967, 27.6719327 ], [ 85.5067731, 27.6715594 ], [ 85.5063601, 27.6710353 ], [ 85.5062069, 27.6706695 ], [ 85.5060536, 27.6704207 ], [ 85.5057172, 27.6702849 ] ] } },
{ "type": "Feature", "properties": { "name": "Punyamata River", "waterway": "river" }, "geometry": { "type": "LineString", "coordinates": [ [ 85.5115825, 27.6469098 ], [ 85.5115428, 27.6467495 ], [ 85.5113367, 27.6463951 ], [ 85.5113279, 27.6463731 ], [ 85.5113723, 27.6463282 ], [ 85.5113993, 27.6462537 ], [ 85.5114056, 27.6461287 ], [ 85.5113764, 27.6460292 ], [ 85.5113612, 27.6458127 ], [ 85.5113327, 27.6457003 ], [ 85.5113475, 27.6455654 ], [ 85.5113392, 27.6454655 ], [ 85.5113486, 27.6453402 ], [ 85.5113809, 27.6451224 ], [ 85.5113929, 27.6448927 ], [ 85.5114238, 27.6448285 ], [ 85.511488, 27.6448155 ], [ 85.5118098, 27.6448335 ], [ 85.5118363, 27.6448122 ], [ 85.5119506, 27.6447799 ], [ 85.51203, 27.6447816 ], [ 85.5120817, 27.6447683 ], [ 85.5121353, 27.6447756 ], [ 85.5121818, 27.6447866 ], [ 85.5123468, 27.6448271 ], [ 85.5124585, 27.6448183 ], [ 85.5126052, 27.6448632 ], [ 85.5126805, 27.6448539 ], [ 85.512988, 27.6447242 ], [ 85.5132116, 27.6446708 ], [ 85.5132323, 27.6446546 ], [ 85.5135095, 27.6445597 ], [ 85.5136571, 27.6444986 ], [ 85.5138012, 27.6443906 ], [ 85.5138424, 27.6443027 ], [ 85.5138073, 27.6442201 ], [ 85.5137277, 27.6441483 ], [ 85.513621, 27.6440429 ], [ 85.5136086, 27.6438795 ], [ 85.5136142, 27.6437463 ], [ 85.5136314, 27.6436503 ], [ 85.5136442, 27.6435882 ], [ 85.5136709, 27.6435312 ], [ 85.513657, 27.6434309 ], [ 85.513635, 27.6433326 ], [ 85.5136131, 27.64321 ], [ 85.5136083, 27.6430153 ], [ 85.5135736, 27.6428616 ], [ 85.5135527, 27.6427665 ], [ 85.5135018, 27.6426335 ], [ 85.5134559, 27.6424488 ], [ 85.5134436, 27.6422647 ], [ 85.5134596, 27.6420745 ], [ 85.5134722, 27.6418397 ], [ 85.5135222, 27.6416082 ], [ 85.5135904, 27.641343 ], [ 85.5136289, 27.6411513 ], [ 85.5137013, 27.6409231 ], [ 85.5138412, 27.6406167 ], [ 85.5140684, 27.6404422 ], [ 85.5142341, 27.6403401 ], [ 85.5144408, 27.6402916 ], [ 85.5146425, 27.6403363 ], [ 85.514841, 27.6404123 ], [ 85.5153075, 27.6404124 ], [ 85.5155384, 27.6402929 ], [ 85.515674, 27.6400403 ], [ 85.5155001, 27.6396872 ], [ 85.5156642, 27.6398501 ], [ 85.5156212, 27.6397794 ], [ 85.5156132, 27.6396903 ], [ 85.5156292, 27.6395856 ], [ 85.5156184, 27.639521 ], [ 85.5156291, 27.639438 ], [ 85.5157145, 27.6392916 ], [ 85.5158295, 27.6392135 ], [ 85.5159109, 27.6391657 ], [ 85.5159803, 27.6390808 ], [ 85.5160577, 27.6389753 ], [ 85.516139, 27.6388549 ], [ 85.5161568, 27.638746 ], [ 85.5161264, 27.6386234 ], [ 85.5160003, 27.638438 ], [ 85.5159272, 27.6383052 ], [ 85.5158983, 27.6381363 ], [ 85.5158895, 27.6380269 ], [ 85.5158472, 27.6379128 ], [ 85.5158276, 27.6378396 ], [ 85.5158171, 27.6377869 ], [ 85.5158162, 27.6376913 ], [ 85.5158073, 27.6375066 ], [ 85.5158222, 27.6373791 ], [ 85.5158226, 27.6373288 ], [ 85.5158339, 27.6372758 ], [ 85.515835, 27.6371623 ] ] } },
{ "type": "Feature", "properties": { "name": "Murali Khola", "waterway": "stream" }, "geometry": { "type": "LineString", "coordinates": [ [ 85.4296075, 27.6157914 ], [ 85.429753, 27.6157055 ], [ 85.4298227, 27.6155819 ], [ 85.42985, 27.6154798 ], [ 85.4298924, 27.6153858 ], [ 85.4299864, 27.6153025 ], [ 85.4300258, 27.6152112 ], [ 85.4300683, 27.6150339 ], [ 85.4300289, 27.6148217 ], [ 85.4300531, 27.6146659 ], [ 85.4300046, 27.6145933 ], [ 85.4299015, 27.6145073 ], [ 85.4298015, 27.6143784 ], [ 85.4298075, 27.6142629 ], [ 85.4299174, 27.61415 ], [ 85.430142, 27.6140386 ], [ 85.4302955, 27.6139501 ], [ 85.4304612, 27.6139418 ], [ 85.4305301, 27.6139854 ], [ 85.4306158, 27.6139565 ], [ 85.4307131, 27.613799 ], [ 85.4307438, 27.6135247 ], [ 85.4307792, 27.613253 ], [ 85.4307894, 27.6131767 ], [ 85.4307799, 27.6130757 ], [ 85.4308281, 27.6130377 ], [ 85.4309373, 27.6130456 ], [ 85.431015, 27.6130036 ], [ 85.4310627, 27.612927 ], [ 85.4310984, 27.6128123 ], [ 85.4311164, 27.6127455 ], [ 85.4311098, 27.6126845 ], [ 85.4310326, 27.6126259 ], [ 85.4309959, 27.6125676 ], [ 85.4310217, 27.6124995 ], [ 85.431153, 27.6124618 ], [ 85.4312811, 27.6124609 ], [ 85.4314118, 27.6124643 ], [ 85.4315151, 27.6124269 ], [ 85.4316408, 27.6124566 ], [ 85.4317149, 27.6124096 ], [ 85.4318393, 27.6123606 ], [ 85.4319422, 27.6123831 ], [ 85.4320479, 27.6123448 ], [ 85.432118, 27.6122046 ], [ 85.4322297, 27.6120612 ], [ 85.4323847, 27.6118976 ], [ 85.4324831, 27.6117598 ], [ 85.4326071, 27.6116578 ], [ 85.4326448, 27.6115477 ], [ 85.432705, 27.6114465 ], [ 85.4327734, 27.6113388 ], [ 85.4328158, 27.6112365 ], [ 85.4328593, 27.6111893 ], [ 85.4329401, 27.6111347 ], [ 85.4330932, 27.6109549 ], [ 85.4331099, 27.6109429 ] ] } },
{ "type": "Feature", "properties": { "name": "Hanumante river", "waterway": "river" }, "geometry": { "type": "LineString", "coordinates": [ [ 85.3792024, 27.669538 ], [ 85.3791232, 27.6696083 ], [ 85.3789507, 27.6697545 ], [ 85.3787159, 27.6699052 ], [ 85.3785503, 27.6700537 ], [ 85.378281, 27.6702036 ], [ 85.3778742, 27.6705637 ], [ 85.3775784, 27.6708681 ], [ 85.3774975, 27.670985 ], [ 85.3774413, 27.6710636 ], [ 85.3774224, 27.6711366 ], [ 85.3774246, 27.6712724 ], [ 85.3774728, 27.6713817 ], [ 85.3774856, 27.6715234 ], [ 85.377457, 27.6715881 ], [ 85.3774182, 27.6716443 ], [ 85.3772159, 27.6717361 ], [ 85.3768936, 27.6717105 ], [ 85.3766432, 27.6716257 ], [ 85.3763909, 27.6715385 ], [ 85.375648, 27.671177 ], [ 85.3754592, 27.6711307 ], [ 85.3753212, 27.6711145 ], [ 85.3749128, 27.6711539 ], [ 85.3746383, 27.6712288 ], [ 85.3743035, 27.6713805 ], [ 85.3740712, 27.6714792 ], [ 85.3739176, 27.6714798 ], [ 85.3736907, 27.6713503 ], [ 85.373331, 27.6711229 ], [ 85.3731435, 27.6711226 ], [ 85.3725824, 27.6711958 ], [ 85.3724875, 27.6711974 ], [ 85.3722304, 27.671132 ], [ 85.3720843, 27.671122 ], [ 85.3718455, 27.6711319 ], [ 85.3716622, 27.6711314 ], [ 85.3715136, 27.6710899 ], [ 85.37135, 27.6710434 ], [ 85.3712137, 27.6710333 ], [ 85.3710796, 27.6710497 ], [ 85.370975, 27.6710803 ], [ 85.3704435, 27.6713219 ], [ 85.3703398, 27.6713632 ], [ 85.3702771, 27.6713667 ], [ 85.3702159, 27.6713438 ], [ 85.3698419, 27.6711761 ], [ 85.3697765, 27.6711093 ], [ 85.3697165, 27.6710501 ], [ 85.3695055, 27.6709103 ], [ 85.3692488, 27.6707991 ], [ 85.3691241, 27.6707858 ], [ 85.3689686, 27.6707967 ], [ 85.3685662, 27.6708516 ], [ 85.3680621, 27.6709306 ], [ 85.3677557, 27.6709939 ], [ 85.3675565, 27.6710504 ], [ 85.3673794, 27.6711109 ], [ 85.3672218, 27.6711735 ], [ 85.3668629, 27.6713529 ], [ 85.3665839, 27.671489 ], [ 85.3664812, 27.6715349 ], [ 85.3664202, 27.6715821 ], [ 85.3662771, 27.6717289 ], [ 85.3661422, 27.671852 ], [ 85.3660072, 27.6719449 ], [ 85.3658485, 27.6720942 ], [ 85.3656757, 27.6723009 ], [ 85.3655741, 27.6725262 ], [ 85.365531, 27.6725901 ], [ 85.3652932, 27.6728439 ], [ 85.3651804, 27.6729197 ], [ 85.3650889, 27.6729605 ], [ 85.3649758, 27.672992 ], [ 85.3648863, 27.6729902 ], [ 85.3645718, 27.6728989 ], [ 85.3643452, 27.672779 ], [ 85.3642154, 27.6726902 ], [ 85.363837, 27.6723648 ], [ 85.3637721, 27.672247 ], [ 85.3637504, 27.6721499 ], [ 85.3637276, 27.6720179 ], [ 85.3636953, 27.6715823 ], [ 85.3637249, 27.6712742 ], [ 85.3637533, 27.6710319 ], [ 85.3638002, 27.6708706 ], [ 85.3638598, 27.6707134 ], [ 85.3639123, 27.670541 ], [ 85.3639469, 27.6704207 ], [ 85.3639435, 27.6703252 ], [ 85.3639055, 27.6702002 ], [ 85.3638282, 27.6700233 ], [ 85.3637627, 27.6699115 ], [ 85.3636748, 27.6698174 ], [ 85.3636032, 27.6697725 ], [ 85.3635053, 27.6697329 ], [ 85.3633054, 27.6696736 ], [ 85.3629777, 27.6695836 ], [ 85.3625769, 27.6695023 ], [ 85.3623956, 27.6694808 ], [ 85.3622218, 27.6694251 ], [ 85.361851, 27.6692946 ], [ 85.3612187, 27.6691771 ], [ 85.360723, 27.669094 ] ] } },
{ "type": "Feature", "properties": { "name": "Neurey Khola", "waterway": "stream" }, "geometry": { "type": "LineString", "coordinates": [ [ 85.327597, 27.7932938 ], [ 85.3275925, 27.7931955 ], [ 85.3274854, 27.7930155 ], [ 85.3271187, 27.7931723 ], [ 85.3269396, 27.7930576 ], [ 85.3266578, 27.7930624 ], [ 85.3264954, 27.7927297 ], [ 85.3261652, 27.7926561 ], [ 85.3258717, 27.7928616 ], [ 85.3255311, 27.7930205 ], [ 85.3251378, 27.7926815 ], [ 85.3248609, 27.79255 ], [ 85.3246693, 27.7923988 ], [ 85.3245685, 27.7921616 ], [ 85.3245683, 27.7919473 ], [ 85.3247367, 27.7917675 ], [ 85.3248045, 27.791428 ], [ 85.324797, 27.79126 ], [ 85.3246879, 27.7911768 ], [ 85.3240209, 27.7911329 ], [ 85.3237865, 27.7911046 ], [ 85.3237588, 27.7909625 ], [ 85.3238474, 27.7907885 ], [ 85.3240966, 27.7906734 ], [ 85.3242157, 27.7905264 ], [ 85.3244538, 27.79023 ], [ 85.3248277, 27.7900316 ], [ 85.3249468, 27.7898674 ], [ 85.3246532, 27.789353 ], [ 85.3247169, 27.7887308 ], [ 85.3245895, 27.7883241 ], [ 85.3244345, 27.787937 ] ] } },
{ "type": "Feature", "properties": { "name": "Magada Stream", "waterway": "stream" }, "geometry": { "type": "LineString", "coordinates": [ [ 85.2705344, 27.8107041 ], [ 85.2706145, 27.8106535 ], [ 85.2706574, 27.8105801 ], [ 85.2707003, 27.810451 ], [ 85.2708262, 27.8103574 ], [ 85.2709721, 27.8102891 ], [ 85.2711752, 27.8102106 ], [ 85.2712983, 27.8101372 ], [ 85.27151, 27.8100689 ], [ 85.2715894, 27.8099987 ], [ 85.2716416, 27.8099525 ], [ 85.2717761, 27.8097931 ], [ 85.2717818, 27.8096919 ], [ 85.271756, 27.8095375 ], [ 85.2718705, 27.8094312 ], [ 85.2720879, 27.8092161 ], [ 85.2721108, 27.8091098 ], [ 85.2721452, 27.8090212 ], [ 85.2722255, 27.8088646 ], [ 85.2725173, 27.8082959 ], [ 85.2729089, 27.8082379 ], [ 85.2732007, 27.8079798 ], [ 85.2734216, 27.8071178 ], [ 85.2737626, 27.8066296 ], [ 85.2737609, 27.8065506 ], [ 85.2737618, 27.8064834 ], [ 85.2737614, 27.8064463 ], [ 85.273803, 27.8059076 ], [ 85.273867, 27.8055457 ], [ 85.2739252, 27.8054022 ], [ 85.2739305, 27.8052332 ], [ 85.2739314, 27.8051234 ], [ 85.2738992, 27.8049107 ], [ 85.27375, 27.8048367 ], [ 85.2733412, 27.8044424 ], [ 85.2730419, 27.8040979 ], [ 85.2728145, 27.8038042 ], [ 85.272736, 27.8037534 ], [ 85.2726324, 27.8036561 ], [ 85.2725422, 27.8036277 ], [ 85.2725554, 27.8035354 ], [ 85.2723759, 27.8032374 ], [ 85.2721348, 27.8030033 ], [ 85.2719235, 27.8028585 ], [ 85.2714841, 27.8027565 ], [ 85.2711274, 27.8027237 ], [ 85.2707937, 27.8025814 ], [ 85.2704971, 27.8023816 ], [ 85.270437, 27.8018682 ], [ 85.2702739, 27.8015645 ], [ 85.2698447, 27.8012001 ], [ 85.2695357, 27.8010862 ], [ 85.2693126, 27.8009951 ], [ 85.2690551, 27.8010558 ], [ 85.2686259, 27.8009799 ], [ 85.2683513, 27.8010482 ], [ 85.2681539, 27.8009192 ], [ 85.2679736, 27.8004029 ], [ 85.2677762, 27.8001903 ], [ 85.2677333, 27.7999321 ], [ 85.2675445, 27.7998562 ], [ 85.2672526, 27.7996436 ], [ 85.2669877, 27.7995098 ], [ 85.2668621, 27.799263 ], [ 85.2666676, 27.7989215 ], [ 85.2665746, 27.7988844 ], [ 85.2662313, 27.7988388 ], [ 85.2660167, 27.7987249 ], [ 85.2656658, 27.7986652 ], [ 85.2654351, 27.7985674 ], [ 85.2652185, 27.7984137 ], [ 85.2648778, 27.7982865 ], [ 85.2646348, 27.7982922 ], [ 85.2643333, 27.7981584 ], [ 85.2641469, 27.7979464 ], [ 85.2639112, 27.797737 ], [ 85.263725, 27.7975709 ], [ 85.2634281, 27.7974814 ], [ 85.2631628, 27.7972354 ], [ 85.2629723, 27.7970308 ], [ 85.2627648, 27.7967984 ], [ 85.262543, 27.7966747 ], [ 85.2621404, 27.7964509 ], [ 85.2619529, 27.7963093 ], [ 85.261796, 27.7962388 ], [ 85.261631, 27.7961337 ], [ 85.261565, 27.7960795 ], [ 85.2615031, 27.7959337 ], [ 85.2613389, 27.7957562 ], [ 85.2608883, 27.7956699 ], [ 85.2605764, 27.7954964 ], [ 85.2604173, 27.7953548 ], [ 85.2601211, 27.7950643 ], [ 85.2600171, 27.7948214 ], [ 85.2598884, 27.7945423 ], [ 85.2596738, 27.7942908 ], [ 85.2594163, 27.7942387 ], [ 85.2592361, 27.7941294 ], [ 85.2591044, 27.7941074 ], [ 85.258824, 27.7937888 ], [ 85.258567, 27.7933787 ], [ 85.258275, 27.793259 ], [ 85.2578947, 27.7932484 ], [ 85.2577512, 27.793227 ], [ 85.2576098, 27.7932278 ], [ 85.2574633, 27.7929861 ], [ 85.2571686, 27.7925608 ], [ 85.2570532, 27.7922945 ], [ 85.2570319, 27.7922079 ], [ 85.2569309, 27.7917983 ], [ 85.2569369, 27.7914777 ], [ 85.2568865, 27.7912517 ], [ 85.2566901, 27.7909746 ], [ 85.2562041, 27.790707 ], [ 85.2558543, 27.7905095 ], [ 85.2552449, 27.7905475 ], [ 85.2549799, 27.7906111 ], [ 85.2545476, 27.7909129 ], [ 85.254363, 27.7909879 ], [ 85.2542128, 27.7911122 ], [ 85.2540669, 27.7912593 ], [ 85.2538899, 27.7914425 ], [ 85.2536485, 27.7914966 ], [ 85.2535254, 27.7914866 ], [ 85.2534468, 27.7914159 ], [ 85.2533504, 27.7912204 ], [ 85.253244, 27.7911274 ], [ 85.2531702, 27.7910832 ], [ 85.2531286, 27.7910415 ] ] } },
{ "type": "Feature", "properties": { "name": "Dhobu Khola", "waterway": "stream" }, "geometry": { "type": "LineString", "coordinates": [ [ 85.2485741, 27.7939941 ], [ 85.2485962, 27.794016 ], [ 85.248853, 27.7941643 ], [ 85.2490568, 27.7942355 ], [ 85.2492124, 27.7942402 ], [ 85.2494377, 27.7942877 ], [ 85.2496093, 27.7942925 ], [ 85.2498132, 27.7943114 ], [ 85.2499795, 27.7943826 ], [ 85.2500975, 27.7944253 ], [ 85.2503711, 27.7944538 ], [ 85.2506179, 27.794525 ], [ 85.250811, 27.7945392 ], [ 85.2510363, 27.7945582 ], [ 85.2511543, 27.7945724 ], [ 85.2513957, 27.7945962 ], [ 85.2515781, 27.7945962 ], [ 85.2518194, 27.7945737 ] ] } },
{ "type": "Feature", "properties": { "name": "Taagu Khola", "waterway": "stream" }, "geometry": { "type": "LineString", "coordinates": [ [ 85.2509531, 27.7996097 ], [ 85.2509719, 27.7995622 ], [ 85.2509129, 27.7994531 ], [ 85.2508298, 27.7993439 ], [ 85.2507466, 27.7992822 ], [ 85.2507707, 27.7991731 ], [ 85.2507955, 27.7991293 ], [ 85.2508029, 27.7991162 ], [ 85.2507842, 27.7990426 ], [ 85.2507701, 27.7989695 ], [ 85.2507379, 27.7989683 ], [ 85.2506822, 27.7988789 ], [ 85.2506815, 27.798868 ], [ 85.2506767, 27.7988385 ], [ 85.2507, 27.7987784 ], [ 85.2506736, 27.7987509 ], [ 85.2506715, 27.7987199 ], [ 85.2507045, 27.7986499 ], [ 85.250701, 27.7986298 ], [ 85.2507315, 27.7985104 ], [ 85.2507225, 27.7985159 ], [ 85.2507417, 27.7984573 ], [ 85.2507265, 27.798435 ], [ 85.2507305, 27.7983545 ], [ 85.250745, 27.7983213 ], [ 85.2507064, 27.7982667 ], [ 85.2507203, 27.79816 ], [ 85.2506993, 27.7980987 ], [ 85.2506956, 27.7980105 ], [ 85.250634, 27.7979274 ], [ 85.2506608, 27.7977946 ], [ 85.2507546, 27.797657 ], [ 85.2508244, 27.7975833 ] ] } },
{ "type": "Feature", "properties": { "name": "Magada Stream", "waterway": "stream" }, "geometry": { "type": "LineString", "coordinates": [ [ 85.2570435, 27.7985887 ], [ 85.25704, 27.7984922 ], [ 85.2568406, 27.7984257 ], [ 85.2568419, 27.7983807 ], [ 85.2568674, 27.7983344 ], [ 85.2568848, 27.7983071 ], [ 85.2569144, 27.7982881 ], [ 85.2569479, 27.7982442 ], [ 85.2569506, 27.7982051 ], [ 85.2569653, 27.7981541 ], [ 85.2569506, 27.7981173 ], [ 85.2569586, 27.7980983 ], [ 85.2569935, 27.7980687 ], [ 85.2570713, 27.7980331 ], [ 85.257145, 27.7980093 ], [ 85.2572, 27.7979512 ], [ 85.2572429, 27.7979109 ], [ 85.2572818, 27.7978693 ], [ 85.257318, 27.7978231 ], [ 85.257365, 27.7977649 ], [ 85.2574132, 27.7976807 ], [ 85.2574655, 27.7976155 ], [ 85.2575178, 27.7975419 ], [ 85.2575782, 27.7974826 ], [ 85.2576654, 27.7974007 ], [ 85.2577177, 27.7973675 ], [ 85.2577753, 27.7973201 ], [ 85.2578008, 27.7972596 ], [ 85.2578156, 27.7971789 ], [ 85.2578558, 27.7971314 ], [ 85.2578799, 27.7970828 ], [ 85.257943, 27.7970235 ], [ 85.2580047, 27.7969748 ], [ 85.2580181, 27.7969357 ], [ 85.2580167, 27.7968621 ], [ 85.2579926, 27.7967838 ], [ 85.2579872, 27.7967364 ], [ 85.258006, 27.7966877 ], [ 85.2580167, 27.7966557 ], [ 85.2580342, 27.7965881 ], [ 85.2580664, 27.7965406 ], [ 85.2581026, 27.7964873 ], [ 85.2581415, 27.796441 ], [ 85.2581991, 27.7963995 ], [ 85.2582823, 27.7963307 ], [ 85.2583292, 27.7963034 ], [ 85.2583855, 27.7962891 ], [ 85.2584189, 27.7962697 ], [ 85.2585149, 27.7962215 ], [ 85.258529, 27.7961948 ], [ 85.2585619, 27.7961545 ], [ 85.2586189, 27.79611 ], [ 85.2586699, 27.7960874 ], [ 85.2587128, 27.7960602 ], [ 85.258749, 27.7960068 ], [ 85.2587731, 27.7959463 ], [ 85.258804, 27.7959036 ], [ 85.2588335, 27.7958585 ], [ 85.2588831, 27.7958193 ], [ 85.2589394, 27.7958004 ], [ 85.2590025, 27.7957517 ], [ 85.2590521, 27.7957173 ], [ 85.259091, 27.7956995 ], [ 85.2591258, 27.7956675 ], [ 85.2591674, 27.7956177 ], [ 85.2592278, 27.7955394 ], [ 85.2592278, 27.7954694 ], [ 85.2592157, 27.7954207 ], [ 85.2591755, 27.7953899 ], [ 85.2591446, 27.7953626 ], [ 85.2591124, 27.7953436 ], [ 85.2590682, 27.7953056 ], [ 85.259032, 27.7952534 ], [ 85.2590172, 27.7951953 ], [ 85.2590279, 27.7951502 ], [ 85.2590521, 27.7951229 ], [ 85.2590829, 27.7950755 ], [ 85.259099, 27.7950446 ], [ 85.259091, 27.7949889 ], [ 85.2590588, 27.7949533 ], [ 85.2590172, 27.7948904 ], [ 85.2590038, 27.7948382 ], [ 85.2589716, 27.7948002 ], [ 85.2589689, 27.7947552 ], [ 85.258989, 27.794703 ], [ 85.2590239, 27.7946614 ], [ 85.2590507, 27.7946211 ], [ 85.2590494, 27.7945772 ], [ 85.2590521, 27.7945226 ], [ 85.2590641, 27.7944752 ], [ 85.2590588, 27.7944337 ], [ 85.2590735, 27.794372 ], [ 85.2590829, 27.7943387 ], [ 85.2590802, 27.7942854 ], [ 85.2590668, 27.7942272 ], [ 85.2590548, 27.7941821 ], [ 85.2591044, 27.7941074 ] ] } },
{ "type": "Feature", "properties": { "name": "Dubalo Khola", "waterway": "stream" }, "geometry": { "type": "LineString", "coordinates": [ [ 85.249317, 27.7973331 ], [ 85.2493653, 27.7973248 ], [ 85.2494162, 27.7973248 ], [ 85.2495986, 27.7973248 ], [ 85.2496576, 27.7973533 ], [ 85.249781, 27.7973722 ], [ 85.2498937, 27.7974007 ], [ 85.250017, 27.7974197 ], [ 85.250127, 27.7974505 ], [ 85.2502504, 27.79746 ], [ 85.2503952, 27.7974671 ], [ 85.2504328, 27.7974624 ], [ 85.2508075, 27.7974931 ] ] } },
{ "type": "Feature", "properties": { "name": "Bagmati River (बागमती नदी)", "waterway": "river" }, "geometry": { "type": "LineString", "coordinates": [ [ 85.4237609, 27.7840028 ], [ 85.4237491, 27.7838044 ], [ 85.4235448, 27.7831919 ], [ 85.4235124, 27.7829467 ], [ 85.4235304, 27.7823575 ], [ 85.4236069, 27.7818087 ], [ 85.4237652, 27.7814598 ], [ 85.4239583, 27.7811039 ], [ 85.4240039, 27.7809591 ], [ 85.4240065, 27.7807707 ] ] } },
{ "type": "Feature", "properties": { "name": "Bagmati River (बागमती नदी)", "waterway": "river" }, "geometry": { "type": "LineString", "coordinates": [ [ 85.3473262, 27.6995237 ], [ 85.347117, 27.6994109 ] ] } },
{ "type": "Feature", "properties": { "name": "Bagmati Nadi (बागमती नदी)", "waterway": "river" }, "geometry": { "type": "LineString", "coordinates": [ [ 85.4240065, 27.7807707 ], [ 85.4238913, 27.7805955 ], [ 85.4238349, 27.7803848 ], [ 85.4238805, 27.7802006 ], [ 85.4239744, 27.7800206 ], [ 85.4241139, 27.7798533 ], [ 85.4242507, 27.7796753 ], [ 85.4243955, 27.7794665 ], [ 85.4245135, 27.7793739 ], [ 85.4247147, 27.7793075 ], [ 85.4248837, 27.7792292 ], [ 85.4249185, 27.779139 ], [ 85.4248944, 27.7790559 ], [ 85.4247147, 27.7789301 ], [ 85.424307, 27.7786786 ], [ 85.4241541, 27.7785149 ], [ 85.4240361, 27.7782752 ], [ 85.4239422, 27.7777222 ], [ 85.4239273, 27.7768722 ], [ 85.4240677, 27.7763594 ], [ 85.424307, 27.7758688 ], [ 85.4247522, 27.775342 ], [ 85.4251304, 27.7749646 ], [ 85.4253396, 27.7746799 ], [ 85.4255247, 27.7742907 ], [ 85.4257232, 27.773956 ], [ 85.425954, 27.773668 ], [ 85.4260115, 27.7735027 ], [ 85.4260169, 27.7733793 ], [ 85.4259324, 27.7732488 ], [ 85.4257715, 27.7730542 ], [ 85.4257098, 27.7728928 ], [ 85.4257634, 27.7727481 ], [ 85.4259083, 27.7726365 ], [ 85.4262033, 27.7724657 ], [ 85.4262543, 27.7723707 ], [ 85.426265, 27.7722687 ], [ 85.426206, 27.7721619 ], [ 85.4258949, 27.7718391 ], [ 85.4258265, 27.7716908 ], [ 85.4258362, 27.7715917 ], [ 85.4259177, 27.7715448 ], [ 85.4260518, 27.7715401 ], [ 85.4262596, 27.771635 ], [ 85.426493, 27.7717299 ], [ 85.4266678, 27.7717478 ], [ 85.4269007, 27.7716801 ], [ 85.427193, 27.7715282 ], [ 85.4273191, 27.7713431 ], [ 85.427303, 27.7711556 ], [ 85.427236, 27.7709325 ], [ 85.4270831, 27.7707261 ], [ 85.4267397, 27.7704555 ], [ 85.4264715, 27.7702704 ], [ 85.4262274, 27.7700687 ], [ 85.4259083, 27.7698052 ], [ 85.425709, 27.769624 ], [ 85.425463, 27.7693614 ], [ 85.4251707, 27.7690244 ], [ 85.4248676, 27.7685735 ], [ 85.4245148, 27.7681653 ], [ 85.4242828, 27.7679635 ], [ 85.4241208, 27.7677478 ], [ 85.4240254, 27.7674889 ], [ 85.4240211, 27.767171 ], [ 85.4240549, 27.7667009 ], [ 85.4240527, 27.7661681 ], [ 85.4241257, 27.7657764 ], [ 85.4241702, 27.7652009 ], [ 85.4240736, 27.764629 ], [ 85.4240341, 27.7644005 ], [ 85.4240087, 27.7642208 ], [ 85.4240656, 27.763606 ], [ 85.4240414, 27.7633473 ], [ 85.4239261, 27.7630957 ], [ 85.4233468, 27.7624739 ], [ 85.4227996, 27.7618948 ], [ 85.4220432, 27.761159 ], [ 85.4216628, 27.7607417 ], [ 85.4214839, 27.7603491 ], [ 85.4214263, 27.7596542 ], [ 85.4214771, 27.7590493 ], [ 85.4214943, 27.7586901 ], [ 85.4213498, 27.7584497 ], [ 85.4210402, 27.7581818 ], [ 85.4207719, 27.7579687 ], [ 85.4206309, 27.7577678 ], [ 85.4204929, 27.7573424 ], [ 85.4204629, 27.7569793 ], [ 85.4204702, 27.7567188 ], [ 85.4205251, 27.756457 ], [ 85.4206538, 27.7562339 ], [ 85.4208764, 27.7559752 ], [ 85.4210937, 27.7557497 ], [ 85.4213297, 27.7554767 ], [ 85.4215443, 27.7552607 ], [ 85.4216409, 27.7551587 ], [ 85.4216865, 27.7549842 ], [ 85.4216436, 27.7547646 ], [ 85.4215711, 27.7545368 ], [ 85.4215631, 27.7542781 ], [ 85.4216301, 27.7540098 ], [ 85.4217761, 27.7536489 ], [ 85.4219185, 27.7534046 ], [ 85.4220834, 27.753077 ], [ 85.4221835, 27.752742 ], [ 85.4222739, 27.7524005 ], [ 85.4224241, 27.7519519 ], [ 85.4226499, 27.7515544 ], [ 85.4230759, 27.7510333 ], [ 85.4234261, 27.7506694 ], [ 85.4237705, 27.7503829 ], [ 85.4240844, 27.7501348 ], [ 85.4241836, 27.7499948 ], [ 85.4242104, 27.7498511 ], [ 85.4241393, 27.7496743 ], [ 85.423965, 27.7495343 ], [ 85.4236136, 27.7493823 ], [ 85.4232126, 27.7491663 ], [ 85.4227754, 27.7487901 ], [ 85.4225475, 27.7485575 ], [ 85.4223905, 27.7483296 ], [ 85.4222524, 27.7480542 ], [ 85.4221036, 27.7478228 ], [ 85.4218648, 27.7475973 ], [ 85.4216637, 27.7474738 ], [ 85.4214089, 27.7474382 ], [ 85.4211433, 27.7474762 ], [ 85.4209086, 27.7476056 ], [ 85.4207437, 27.747824 ], [ 85.4206431, 27.7480566 ], [ 85.4206511, 27.7483854 ], [ 85.4207329, 27.7487474 ], [ 85.4207584, 27.7488898 ], [ 85.4207276, 27.7489966 ], [ 85.4206176, 27.7490559 ], [ 85.4203387, 27.7490666 ], [ 85.4200329, 27.7490239 ], [ 85.4197767, 27.7489242 ], [ 85.4195595, 27.7487901 ], [ 85.4194401, 27.7486275 ], [ 85.4193422, 27.7483699 ], [ 85.4193707, 27.7479106 ], [ 85.4194881, 27.7469555 ], [ 85.4195238, 27.7464266 ], [ 85.4194857, 27.7459525 ], [ 85.4193762, 27.7456237 ], [ 85.4191619, 27.7453098 ], [ 85.4189738, 27.7450674 ], [ 85.4187309, 27.7449052 ], [ 85.4185571, 27.7448651 ], [ 85.4183475, 27.7448567 ], [ 85.4181381, 27.744879 ], [ 85.4179503, 27.7449327 ], [ 85.4177698, 27.745015 ], [ 85.4175734, 27.7451853 ], [ 85.4174154, 27.7453473 ], [ 85.417083, 27.7459118 ], [ 85.4169369, 27.7460781 ], [ 85.4167398, 27.7462257 ], [ 85.4165951, 27.7462833 ], [ 85.4164172, 27.746318 ], [ 85.4162859, 27.7462986 ], [ 85.41617, 27.7462547 ], [ 85.4160306, 27.7461521 ], [ 85.4159365, 27.7460463 ], [ 85.4158746, 27.7459391 ], [ 85.4158551, 27.7458196 ], [ 85.4158648, 27.7456591 ], [ 85.4159264, 27.7455013 ], [ 85.4160367, 27.7453697 ], [ 85.4161869, 27.7452216 ], [ 85.4162811, 27.7451087 ], [ 85.4163117, 27.7450029 ], [ 85.4163284, 27.7448848 ], [ 85.4163165, 27.7447534 ], [ 85.4162426, 27.7446051 ], [ 85.4161378, 27.7444871 ], [ 85.4159791, 27.7444022 ], [ 85.4158081, 27.7443051 ], [ 85.4156738, 27.7441882 ], [ 85.4155579, 27.7440195 ], [ 85.4154879, 27.7437778 ], [ 85.4154752, 27.7435787 ], [ 85.415567, 27.7433636 ], [ 85.4158071, 27.7430787 ], [ 85.4158513, 27.7429078 ], [ 85.4158406, 27.7427784 ], [ 85.4157454, 27.7426621 ], [ 85.4155616, 27.7426229 ], [ 85.4152465, 27.7426324 ], [ 85.4149139, 27.7425754 ], [ 85.4146913, 27.7424686 ], [ 85.4143158, 27.7421291 ], [ 85.4140985, 27.7419464 ], [ 85.4136559, 27.7417113 ], [ 85.4131973, 27.7415499 ], [ 85.4128727, 27.7414811 ], [ 85.4125951, 27.7414739 ], [ 85.4124047, 27.7414288 ], [ 85.4122612, 27.7413066 ], [ 85.4121861, 27.7410514 ], [ 85.4120949, 27.7405339 ], [ 85.412039, 27.7402637 ], [ 85.4120177, 27.7400951 ], [ 85.4120226, 27.7399188 ], [ 85.4120394, 27.7396363 ], [ 85.4120054, 27.7393927 ], [ 85.4120103, 27.73924 ], [ 85.4120807, 27.7389622 ], [ 85.4120925, 27.7388247 ], [ 85.412109, 27.7386673 ], [ 85.4121476, 27.7385151 ], [ 85.4122499, 27.7383002 ], [ 85.4122676, 27.7382157 ], [ 85.4122552, 27.7381454 ], [ 85.4122154, 27.7380845 ], [ 85.4120585, 27.7379794 ], [ 85.4119574, 27.7379339 ], [ 85.4117803, 27.7378979 ], [ 85.411616, 27.737886 ], [ 85.4114626, 27.7379149 ], [ 85.4113556, 27.7379586 ], [ 85.4112451, 27.7380463 ], [ 85.4111134, 27.7382671 ], [ 85.4110818, 27.7383884 ], [ 85.4110679, 27.7385065 ], [ 85.4110133, 27.7385818 ], [ 85.4108965, 27.7386688 ], [ 85.4106806, 27.7387417 ], [ 85.4103783, 27.7387605 ], [ 85.4100551, 27.7386573 ], [ 85.4097238, 27.7384614 ], [ 85.4094326, 27.7381948 ], [ 85.4093188, 27.7379914 ], [ 85.4092813, 27.7377896 ], [ 85.4093376, 27.7375735 ], [ 85.409461, 27.7373172 ], [ 85.4097989, 27.7369753 ], [ 85.4099612, 27.7367652 ], [ 85.4100122, 27.736599 ], [ 85.4099947, 27.7363367 ], [ 85.409925, 27.7361943 ], [ 85.4097801, 27.736085 ], [ 85.4095334, 27.7360043 ], [ 85.4091793, 27.7359663 ], [ 85.4088709, 27.7359806 ], [ 85.4084863, 27.7361131 ], [ 85.4081172, 27.7363153 ], [ 85.4078972, 27.7364198 ], [ 85.4076746, 27.7364127 ], [ 85.4073822, 27.736313 ], [ 85.4070617, 27.73618 ], [ 85.4068807, 27.7360886 ], [ 85.4067028, 27.736053 ], [ 85.4066116, 27.7360647 ], [ 85.4065275, 27.7360969 ], [ 85.4064455, 27.7361792 ], [ 85.4063634, 27.736385 ], [ 85.4062195, 27.7368012 ], [ 85.4061573, 27.7369709 ], [ 85.4061565, 27.737164 ], [ 85.4060049, 27.7374323 ], [ 85.405852, 27.7376946 ], [ 85.4056549, 27.7379926 ], [ 85.4055476, 27.7380958 ], [ 85.4053947, 27.7381433 ], [ 85.4052217, 27.738135 ], [ 85.4050447, 27.738065 ], [ 85.4049681, 27.7379316 ], [ 85.404909, 27.7377288 ], [ 85.4049213, 27.7375042 ], [ 85.4049133, 27.7373251 ], [ 85.4048606, 27.7371756 ], [ 85.4048234, 27.7370536 ], [ 85.4045364, 27.7366429 ], [ 85.4044557, 27.7364424 ], [ 85.4044795, 27.7362906 ], [ 85.4046247, 27.7361241 ], [ 85.4049676, 27.7359218 ], [ 85.4051775, 27.7358002 ], [ 85.405384, 27.735615 ], [ 85.4054108, 27.7354583 ], [ 85.4053438, 27.7352874 ], [ 85.4051723, 27.7351168 ], [ 85.404928, 27.7350144 ], [ 85.4044318, 27.7348695 ], [ 85.4034877, 27.7347152 ], [ 85.4030612, 27.7346131 ], [ 85.4027769, 27.7344612 ], [ 85.4025891, 27.7342642 ], [ 85.4023021, 27.7340267 ], [ 85.4019266, 27.733908 ], [ 85.40154, 27.7339193 ], [ 85.4012494, 27.7340125 ], [ 85.4009047, 27.7342642 ], [ 85.4006687, 27.7344826 ], [ 85.400371, 27.734682 ], [ 85.4002275, 27.7348339 ], [ 85.4001736, 27.7350175 ], [ 85.4002146, 27.7352054 ], [ 85.400438, 27.735653 ], [ 85.4004782, 27.7358002 ], [ 85.4004514, 27.7359687 ], [ 85.4002824, 27.7361539 ], [ 85.4000545, 27.7362394 ], [ 85.3998265, 27.7362441 ], [ 85.3996253, 27.7362061 ], [ 85.3994188, 27.7360494 ], [ 85.3993142, 27.7358405 ], [ 85.399223, 27.7354963 ], [ 85.399003, 27.7351188 ], [ 85.3987536, 27.7348648 ], [ 85.3984183, 27.7346393 ], [ 85.3980616, 27.7345633 ], [ 85.3977612, 27.7345206 ], [ 85.3975037, 27.7344113 ], [ 85.3973749, 27.7342167 ], [ 85.3972435, 27.7338653 ], [ 85.3970906, 27.7335852 ], [ 85.3968546, 27.7334309 ], [ 85.3966078, 27.7333929 ], [ 85.3963664, 27.7334451 ], [ 85.3961626, 27.7335757 ], [ 85.3960204, 27.7338155 ], [ 85.3959936, 27.7341455 ], [ 85.3960298, 27.7344541 ], [ 85.3960955, 27.73472 ], [ 85.3961974, 27.7349099 ], [ 85.3963396, 27.7349835 ], [ 85.3965394, 27.7350179 ], [ 85.3967366, 27.7350606 ], [ 85.3968465, 27.7351295 ], [ 85.3968921, 27.7352328 ], [ 85.396876, 27.7353586 ], [ 85.3967848, 27.735539 ], [ 85.3964308, 27.736142 ], [ 85.3962994, 27.7363913 ], [ 85.396125, 27.7367616 ], [ 85.3960186, 27.7370259 ], [ 85.3958231, 27.7371842 ], [ 85.3955937, 27.737341 ], [ 85.3954761, 27.7374118 ], [ 85.39544, 27.7374518 ], [ 85.3954335, 27.7376638 ], [ 85.3954223, 27.7380127 ], [ 85.3954223, 27.7381754 ], [ 85.3954585, 27.7384092 ], [ 85.3954759, 27.7385801 ], [ 85.3954584, 27.7386894 ], [ 85.395409, 27.7388436 ], [ 85.395405, 27.7389053 ], [ 85.3953701, 27.7389397 ], [ 85.3953231, 27.7389575 ], [ 85.3952402, 27.7389613 ], [ 85.3951496, 27.7389498 ], [ 85.3950674, 27.7389343 ], [ 85.3949781, 27.7388872 ], [ 85.3949204, 27.7388536 ], [ 85.3948166, 27.7388297 ], [ 85.394574, 27.7388046 ], [ 85.3944663, 27.7387812 ], [ 85.394264, 27.7387075 ], [ 85.3940965, 27.7386274 ], [ 85.3939891, 27.7385644 ], [ 85.3938782, 27.7384322 ], [ 85.3938264, 27.73837 ], [ 85.3937835, 27.738288 ], [ 85.3937473, 27.738111 ], [ 85.3937325, 27.7380282 ], [ 85.3936788, 27.7379278 ], [ 85.3936301, 27.7378658 ], [ 85.3935336, 27.7377949 ], [ 85.3933819, 27.7377396 ], [ 85.3930781, 27.7377251 ], [ 85.392779, 27.7377457 ], [ 85.3926918, 27.7377385 ], [ 85.392606, 27.7377409 ], [ 85.3924195, 27.7377742 ], [ 85.3922734, 27.7378026 ], [ 85.3919622, 27.7379059 ], [ 85.391882, 27.7379452 ], [ 85.3916109, 27.7380341 ], [ 85.3913909, 27.7382169 ], [ 85.3911954, 27.738515 ], [ 85.3909551, 27.7388492 ], [ 85.3907748, 27.7391379 ], [ 85.3905315, 27.7394047 ], [ 85.3902335, 27.7396235 ], [ 85.3900552, 27.7397256 ], [ 85.3898902, 27.7397718 ], [ 85.3896609, 27.7397778 ], [ 85.3893511, 27.7397149 ], [ 85.3892304, 27.7396757 ], [ 85.3885947, 27.7393885 ], [ 85.3884901, 27.7393552 ], [ 85.3883547, 27.7393149 ], [ 85.3882943, 27.7393232 ], [ 85.3882138, 27.7393196 ], [ 85.3881296, 27.7393048 ], [ 85.3880395, 27.7392698 ], [ 85.3879684, 27.7392258 ], [ 85.3877891, 27.7390751 ], [ 85.3874945, 27.7386121 ], [ 85.3871995, 27.7382404 ], [ 85.386815, 27.7379665 ], [ 85.3867172, 27.7378578 ], [ 85.3866166, 27.7377385 ], [ 85.3864907, 27.737236 ], [ 85.3863492, 27.7367736 ], [ 85.3862163, 27.7364533 ], [ 85.38616, 27.7361434 ], [ 85.3861298, 27.7358429 ], [ 85.386115, 27.7357752 ], [ 85.3860962, 27.7356102 ], [ 85.3860962, 27.735393 ], [ 85.3861003, 27.7353064 ], [ 85.3861043, 27.7352708 ], [ 85.3860976, 27.7352411 ], [ 85.3860801, 27.7352126 ], [ 85.3860587, 27.735196 ], [ 85.3860144, 27.7351532 ], [ 85.3860024, 27.7351319 ], [ 85.3859903, 27.7350974 ], [ 85.3859326, 27.7348553 ], [ 85.3859219, 27.7347793 ], [ 85.3859259, 27.7347318 ], [ 85.3859447, 27.7346903 ], [ 85.3859608, 27.7346701 ], [ 85.3859729, 27.7346357 ], [ 85.3859514, 27.7345016 ], [ 85.3859313, 27.7344766 ], [ 85.3859085, 27.7344565 ], [ 85.385875, 27.7344315 ], [ 85.3858642, 27.7344161 ], [ 85.3858602, 27.7343829 ], [ 85.3858039, 27.7339247 ], [ 85.3856991, 27.7332686 ], [ 85.3856523, 27.7329845 ], [ 85.3855745, 27.7328207 ], [ 85.3854032, 27.7325524 ], [ 85.3852862, 27.7324456 ], [ 85.3851923, 27.7323625 ], [ 85.3851253, 27.7322747 ], [ 85.3850305, 27.732126 ], [ 85.38494, 27.7319733 ], [ 85.3848757, 27.7318517 ], [ 85.3848251, 27.7316776 ], [ 85.3848249, 27.7314865 ], [ 85.3846504, 27.7309865 ], [ 85.3844309, 27.7303062 ], [ 85.3843608, 27.730043 ], [ 85.3843183, 27.7297435 ], [ 85.3843058, 27.7292271 ], [ 85.3842982, 27.7289096 ], [ 85.3841662, 27.7283263 ], [ 85.3840845, 27.7280644 ], [ 85.3839317, 27.7277519 ], [ 85.3838164, 27.7275121 ], [ 85.3837574, 27.7273507 ], [ 85.3837016, 27.727175 ], [ 85.3836541, 27.7268766 ], [ 85.3836379, 27.7267838 ], [ 85.3836045, 27.7266313 ], [ 85.3835776, 27.7265482 ], [ 85.383524, 27.7262656 ], [ 85.3835079, 27.7260021 ], [ 85.3835133, 27.7259214 ], [ 85.383516, 27.7258335 ], [ 85.3834972, 27.7256934 ], [ 85.3834838, 27.7256032 ], [ 85.3834543, 27.7255486 ], [ 85.3834274, 27.7255296 ], [ 85.3834006, 27.7255106 ], [ 85.3833657, 27.7254869 ], [ 85.3833148, 27.7254299 ], [ 85.3832585, 27.7252281 ], [ 85.3832102, 27.7251023 ], [ 85.3831565, 27.7249859 ], [ 85.3830746, 27.7248622 ], [ 85.3829188, 27.7244541 ], [ 85.3828842, 27.7243024 ], [ 85.382859, 27.7241087 ], [ 85.3828669, 27.7238795 ], [ 85.3828856, 27.7232883 ], [ 85.3828669, 27.7230912 ], [ 85.3828427, 27.7229464 ], [ 85.3827918, 27.7228039 ], [ 85.3827247, 27.7226734 ], [ 85.3825316, 27.7222887 ], [ 85.3824779, 27.7220869 ], [ 85.3824055, 27.7215527 ], [ 85.3823653, 27.7211562 ], [ 85.3823706, 27.7207644 ], [ 85.3823921, 27.7202207 ], [ 85.3823706, 27.7201399 ], [ 85.3823438, 27.7200497 ], [ 85.3823327, 27.719761 ], [ 85.3822607, 27.7192899 ], [ 85.3822124, 27.7191261 ], [ 85.3821453, 27.7189812 ], [ 85.3819821, 27.7186716 ], [ 85.3818986, 27.7185301 ], [ 85.3817564, 27.7183686 ], [ 85.3816277, 27.7182174 ], [ 85.3814951, 27.7180831 ], [ 85.3813343, 27.7179437 ], [ 85.380849, 27.7175322 ], [ 85.3805775, 27.7173426 ], [ 85.380426, 27.7172265 ], [ 85.3802241, 27.7170672 ], [ 85.3801154, 27.7169495 ], [ 85.3800304, 27.7168929 ], [ 85.3798969, 27.7168417 ], [ 85.3796631, 27.7168092 ], [ 85.3793615, 27.7168055 ], [ 85.3792747, 27.7167946 ], [ 85.3792231, 27.7167717 ], [ 85.379166, 27.7167259 ], [ 85.3791359, 27.7166662 ], [ 85.3790782, 27.7165213 ], [ 85.378958, 27.7163201 ], [ 85.3789001, 27.7162707 ], [ 85.3786999, 27.7161289 ], [ 85.3786173, 27.7160971 ], [ 85.3785268, 27.716095 ], [ 85.3784204, 27.7161129 ], [ 85.3783146, 27.7161489 ], [ 85.3782546, 27.7162061 ], [ 85.3781765, 27.7163107 ], [ 85.3781019, 27.7164501 ], [ 85.3780416, 27.7165617 ], [ 85.377904, 27.716951 ], [ 85.3777601, 27.7171731 ], [ 85.3777032, 27.7172304 ], [ 85.3776457, 27.7172447 ], [ 85.3775817, 27.7172483 ], [ 85.3775414, 27.7172423 ], [ 85.377468, 27.7172308 ], [ 85.3773681, 27.7171971 ], [ 85.3772307, 27.7171485 ], [ 85.3768821, 27.7170492 ], [ 85.3765793, 27.71696 ], [ 85.3762637, 27.7169136 ], [ 85.3757335, 27.7168529 ], [ 85.3756423, 27.7168656 ], [ 85.3755592, 27.7168692 ], [ 85.3755015, 27.7168811 ], [ 85.3754229, 27.7168874 ], [ 85.3753494, 27.716889 ], [ 85.3752722, 27.7168751 ], [ 85.3750294, 27.7167778 ], [ 85.3749302, 27.7166994 ], [ 85.3748712, 27.7166377 ], [ 85.3748331, 27.7165702 ], [ 85.3747976, 27.7163989 ], [ 85.3747595, 27.7161201 ], [ 85.3747037, 27.7158065 ], [ 85.3746378, 27.715638 ], [ 85.3745627, 27.7154837 ], [ 85.3744247, 27.7152936 ], [ 85.3742918, 27.7151038 ], [ 85.3742342, 27.7149988 ], [ 85.3741456, 27.7147797 ], [ 85.3740126, 27.7144064 ], [ 85.3739164, 27.7142058 ], [ 85.3737104, 27.7139119 ], [ 85.373422, 27.7136001 ], [ 85.3732163, 27.7132422 ], [ 85.3730899, 27.7130331 ], [ 85.3729327, 27.7128435 ], [ 85.3728471, 27.712698 ], [ 85.3727895, 27.7125812 ], [ 85.3727523, 27.7124636 ], [ 85.3727431, 27.7123925 ], [ 85.3727561, 27.7123162 ], [ 85.3728416, 27.7121633 ], [ 85.3728456, 27.7120944 ], [ 85.3728395, 27.7120185 ], [ 85.3728237, 27.7119743 ], [ 85.3727804, 27.7119268 ], [ 85.3722691, 27.7116892 ], [ 85.3720944, 27.7116355 ], [ 85.37175, 27.7115816 ], [ 85.3714388, 27.7114731 ], [ 85.3713414, 27.7114233 ], [ 85.3712663, 27.7113781 ], [ 85.3711912, 27.7113544 ], [ 85.3711161, 27.7113401 ], [ 85.370993, 27.7112924 ], [ 85.3708604, 27.7112203 ], [ 85.3707456, 27.7111599 ], [ 85.3706326, 27.711156 ], [ 85.3705436, 27.711202 ], [ 85.3703767, 27.7112107 ], [ 85.3697853, 27.7111114 ], [ 85.3694442, 27.7110414 ], [ 85.3692595, 27.7109739 ], [ 85.3691354, 27.7108825 ], [ 85.3688023, 27.7106374 ], [ 85.3684456, 27.7104719 ], [ 85.3683485, 27.7104519 ], [ 85.3682775, 27.7104601 ], [ 85.3681135, 27.7105167 ], [ 85.3679876, 27.7105701 ], [ 85.3679041, 27.7106342 ], [ 85.3678478, 27.7106788 ], [ 85.3677285, 27.7107513 ], [ 85.3672244, 27.7109697 ], [ 85.3669801, 27.7110407 ], [ 85.366843, 27.7110971 ], [ 85.3666111, 27.7111776 ], [ 85.3661273, 27.7113433 ], [ 85.3659616, 27.7113898 ], [ 85.3656763, 27.7114746 ], [ 85.3654737, 27.7115254 ], [ 85.3653049, 27.7115397 ], [ 85.3651754, 27.7115334 ], [ 85.3650606, 27.7115126 ], [ 85.3648836, 27.7115088 ], [ 85.3647255, 27.7115303 ], [ 85.3645632, 27.7115087 ], [ 85.3644181, 27.7114915 ], [ 85.3642952, 27.7114945 ], [ 85.3642121, 27.7114945 ], [ 85.3641155, 27.7115016 ], [ 85.3639238, 27.7114928 ], [ 85.3637307, 27.7115134 ], [ 85.3635907, 27.7115282 ], [ 85.3634708, 27.7115357 ], [ 85.3633287, 27.7115288 ], [ 85.363229, 27.7115068 ], [ 85.3631592, 27.7114779 ], [ 85.3630798, 27.7114095 ], [ 85.3629622, 27.7113093 ], [ 85.3627919, 27.7111478 ], [ 85.3627034, 27.7111039 ], [ 85.3625839, 27.7110849 ], [ 85.3624351, 27.7110884 ], [ 85.3623037, 27.7111051 ], [ 85.3621427, 27.7111431 ], [ 85.362014, 27.7111918 ], [ 85.3615252, 27.7114303 ], [ 85.3612563, 27.7116109 ], [ 85.3611531, 27.7117117 ], [ 85.3609921, 27.7119183 ], [ 85.3608232, 27.7121095 ], [ 85.3607279, 27.7121974 ], [ 85.3605911, 27.7122888 ], [ 85.3604824, 27.7123422 ], [ 85.3603881, 27.7123649 ], [ 85.3600856, 27.7124362 ], [ 85.359875, 27.7124787 ], [ 85.3596979, 27.7125343 ], [ 85.3593307, 27.7125587 ], [ 85.3592107, 27.7125532 ], [ 85.3591025, 27.712531 ], [ 85.3588902, 27.7124955 ], [ 85.3586414, 27.71249 ], [ 85.3584829, 27.7125073 ], [ 85.3582889, 27.7125438 ], [ 85.3581667, 27.7125498 ], [ 85.3580189, 27.7125345 ], [ 85.357917, 27.7125025 ], [ 85.3577842, 27.7124538 ], [ 85.3576649, 27.7123945 ], [ 85.3575763, 27.7123232 ], [ 85.357516, 27.7122662 ], [ 85.35741, 27.7121392 ], [ 85.3573604, 27.7120786 ], [ 85.3573389, 27.7120205 ], [ 85.3573054, 27.7118507 ], [ 85.3572732, 27.7117225 ], [ 85.3571365, 27.711333 ], [ 85.3569889, 27.7109163 ], [ 85.356938, 27.7107181 ], [ 85.3568937, 27.7105067 ], [ 85.3568937, 27.7104782 ], [ 85.3568856, 27.7104473 ], [ 85.3568535, 27.7103856 ], [ 85.3568079, 27.7103155 ], [ 85.3566711, 27.7101291 ], [ 85.3566295, 27.7100733 ], [ 85.3565933, 27.709989 ], [ 85.3565584, 27.7098192 ], [ 85.3565316, 27.7096993 ], [ 85.3564672, 27.7095925 ], [ 85.356423, 27.7095319 ], [ 85.35638, 27.7094915 ], [ 85.3562191, 27.7093574 ], [ 85.3561041, 27.709264 ], [ 85.3560361, 27.7092455 ], [ 85.3559354, 27.7092566 ], [ 85.3558187, 27.7092885 ], [ 85.3555366, 27.7094574 ], [ 85.3553418, 27.7095656 ], [ 85.3552499, 27.7096575 ], [ 85.3551862, 27.7097608 ], [ 85.3551107, 27.7099593 ], [ 85.3550248, 27.7101479 ], [ 85.3549497, 27.7102593 ], [ 85.3547845, 27.7104182 ], [ 85.354391, 27.7108049 ], [ 85.354215, 27.7109287 ], [ 85.3540549, 27.7110504 ], [ 85.3539905, 27.711134 ], [ 85.3539485, 27.7112295 ], [ 85.3539466, 27.7114288 ], [ 85.3539264, 27.7115915 ], [ 85.3538983, 27.7116497 ], [ 85.3538554, 27.7117066 ], [ 85.353787, 27.7117636 ], [ 85.3537119, 27.711796 ], [ 85.3519814, 27.7123572 ], [ 85.3518552, 27.7123933 ], [ 85.3517371, 27.7124182 ], [ 85.351363, 27.712531 ], [ 85.3511859, 27.7125963 ], [ 85.3511243, 27.7126355 ], [ 85.35108, 27.7126806 ], [ 85.3510518, 27.7127079 ], [ 85.3510062, 27.7127388 ], [ 85.3509078, 27.7127939 ], [ 85.3506802, 27.7129588 ], [ 85.3502818, 27.7131039 ], [ 85.35005, 27.7131083 ], [ 85.3498763, 27.7130701 ], [ 85.3496945, 27.712927 ], [ 85.3495338, 27.7127847 ], [ 85.3494579, 27.7125682 ], [ 85.349409, 27.7123375 ], [ 85.3494385, 27.712138 ], [ 85.3494921, 27.7119837 ], [ 85.3495538, 27.7118887 ], [ 85.3497308, 27.7117581 ], [ 85.3500232, 27.711599 ], [ 85.3501332, 27.7114969 ], [ 85.3502132, 27.7113522 ], [ 85.3502136, 27.7112642 ], [ 85.3501627, 27.7111858 ], [ 85.3500715, 27.7111431 ], [ 85.3499266, 27.7110837 ], [ 85.3496357, 27.7109876 ], [ 85.3495384, 27.7109376 ], [ 85.349275, 27.7106174 ], [ 85.3490294, 27.7102153 ], [ 85.3488256, 27.7099878 ], [ 85.3486902, 27.709748 ], [ 85.3486057, 27.7095818 ], [ 85.3485453, 27.7094334 ], [ 85.348489, 27.7092469 ], [ 85.3484648, 27.7090938 ], [ 85.3484394, 27.7089204 ], [ 85.3484407, 27.7088065 ], [ 85.3484648, 27.708664 ], [ 85.3485059, 27.7084943 ], [ 85.3485131, 27.7082662 ], [ 85.3485212, 27.7080478 ], [ 85.3485306, 27.7079112 ], [ 85.3485671, 27.7076306 ], [ 85.3488122, 27.7070077 ], [ 85.3488806, 27.7067714 ], [ 85.3489543, 27.7065624 ], [ 85.3490727, 27.7062862 ], [ 85.3491274, 27.7061646 ], [ 85.3492724, 27.7058054 ], [ 85.3493414, 27.7056257 ], [ 85.349468, 27.7053442 ], [ 85.3496611, 27.7050046 ], [ 85.3497121, 27.7048325 ], [ 85.3497454, 27.7046177 ], [ 85.3497322, 27.70431 ], [ 85.3497952, 27.7040571 ], [ 85.3499199, 27.703676 ], [ 85.3500193, 27.7032858 ], [ 85.3500417, 27.7031697 ], [ 85.3500542, 27.7029744 ], [ 85.350046, 27.702903 ], [ 85.3500138, 27.7028234 ], [ 85.3499657, 27.702702 ], [ 85.3498287, 27.7023711 ], [ 85.349759, 27.7021051 ], [ 85.3496785, 27.7019068 ], [ 85.349586, 27.7017394 ], [ 85.3494653, 27.7015981 ], [ 85.3493366, 27.7014568 ], [ 85.349075, 27.7011397 ], [ 85.3484805, 27.7004186 ], [ 85.3481416, 27.700039 ], [ 85.3479485, 27.6998835 ], [ 85.347679, 27.699703 ], [ 85.3473262, 27.6995237 ] ] } },
{ "type": "Feature", "properties": { "name": "Bishnumati", "waterway": "river" }, "geometry": { "type": "LineString", "coordinates": [ [ 85.30997, 27.7387962 ], [ 85.3098542, 27.7386138 ], [ 85.3096732, 27.7383797 ], [ 85.3092447, 27.7379316 ], [ 85.3089828, 27.7376821 ], [ 85.3086408, 27.7373871 ], [ 85.3082456, 27.7370821 ], [ 85.3078039, 27.7367624 ], [ 85.3076243, 27.7365797 ], [ 85.307407, 27.7362915 ], [ 85.3073306, 27.7361461 ], [ 85.3072565, 27.7359741 ], [ 85.3071989, 27.7357767 ], [ 85.3071731, 27.7356403 ], [ 85.3071626, 27.735482 ], [ 85.3071469, 27.7350815 ], [ 85.307147, 27.734772 ], [ 85.3070977, 27.7345292 ], [ 85.3070179, 27.7340635 ], [ 85.3068981, 27.7337773 ], [ 85.3067937, 27.7335367 ], [ 85.3066385, 27.733071 ], [ 85.3065818, 27.7327067 ], [ 85.3065149, 27.7322184 ], [ 85.3065728, 27.7316422 ], [ 85.3067003, 27.7312253 ], [ 85.3067609, 27.7309046 ], [ 85.3068476, 27.7304295 ], [ 85.3068787, 27.7301467 ], [ 85.3068711, 27.7297884 ], [ 85.3068545, 27.7295927 ], [ 85.3067937, 27.7292832 ], [ 85.3067363, 27.7287825 ], [ 85.3067152, 27.7285046 ], [ 85.3066605, 27.7278058 ], [ 85.3065944, 27.7275454 ], [ 85.3065431, 27.7273127 ], [ 85.3062814, 27.7266733 ], [ 85.306021, 27.7262844 ], [ 85.3057797, 27.726026 ], [ 85.3055008, 27.7257926 ], [ 85.3040548, 27.7246137 ], [ 85.3032977, 27.7239773 ], [ 85.3026677, 27.7234663 ], [ 85.3019061, 27.7229139 ], [ 85.3012245, 27.7224935 ], [ 85.3007587, 27.7222625 ], [ 85.3004461, 27.7219851 ], [ 85.3001359, 27.7214777 ], [ 85.2998576, 27.7208835 ], [ 85.2996828, 27.7204843 ], [ 85.2996039, 27.7201129 ], [ 85.299509, 27.7191384 ], [ 85.2994617, 27.7189891 ], [ 85.29934, 27.7187714 ], [ 85.2993206, 27.718648 ], [ 85.2993013, 27.7184897 ], [ 85.2993241, 27.7182537 ], [ 85.2993687, 27.7180059 ], [ 85.2994349, 27.7178045 ], [ 85.299573, 27.7174993 ], [ 85.2998368, 27.7170685 ], [ 85.3003943, 27.7164336 ], [ 85.3007871, 27.7160629 ], [ 85.3013044, 27.7154672 ], [ 85.3017348, 27.7150269 ], [ 85.3017755, 27.7149765 ], [ 85.301871, 27.714764 ], [ 85.3019305, 27.7145466 ], [ 85.3020491, 27.7140392 ], [ 85.3021026, 27.7132582 ], [ 85.3021234, 27.7130351 ], [ 85.302202, 27.7127645 ], [ 85.302303, 27.7121985 ], [ 85.3023786, 27.7116132 ], [ 85.3023806, 27.7114296 ], [ 85.3023966, 27.7111812 ], [ 85.3024325, 27.7109414 ], [ 85.3025546, 27.7102276 ] ] } },
{ "type": "Feature", "properties": { "name": "Bishnumati", "waterway": "river" }, "geometry": { "type": "LineString", "coordinates": [ [ 85.3022118, 27.7069322 ], [ 85.3021012, 27.7063685 ], [ 85.3019887, 27.7058291 ], [ 85.3019638, 27.7056306 ], [ 85.3018713, 27.7050154 ], [ 85.3018595, 27.7047861 ], [ 85.3018377, 27.704364 ], [ 85.3018721, 27.7039552 ], [ 85.3019729, 27.7034014 ], [ 85.3020756, 27.7028757 ], [ 85.3021646, 27.7024989 ], [ 85.3023085, 27.7018345 ], [ 85.3023851, 27.7015233 ], [ 85.3025097, 27.7011097 ], [ 85.3025691, 27.7008866 ], [ 85.302623, 27.700729 ], [ 85.3027383, 27.7004648 ], [ 85.3027708, 27.7003665 ], [ 85.3028037, 27.7001904 ] ] } },
{ "type": "Feature", "properties": { "name": "Bishnumati", "waterway": "river" }, "geometry": { "type": "LineString", "coordinates": [ [ 85.3023312, 27.7072351 ], [ 85.3022598, 27.7070789 ], [ 85.3022118, 27.7069322 ] ] } },
{ "type": "Feature", "properties": { "name": "Bishnumati", "waterway": "river" }, "geometry": { "type": "LineString", "coordinates": [ [ 85.3025546, 27.7102276 ], [ 85.302653, 27.7097278 ], [ 85.3027046, 27.7093318 ], [ 85.3027259, 27.7090421 ], [ 85.3026843, 27.7085906 ], [ 85.3026589, 27.7083266 ], [ 85.3026545, 27.708222 ], [ 85.3025687, 27.7079419 ], [ 85.3024404, 27.7075063 ], [ 85.3023312, 27.7072351 ] ] } },
{ "type": "Feature", "properties": { "name": "Tukucha Khola", "waterway": "river" }, "geometry": { "type": "LineString", "coordinates": [ [ 85.3218933, 27.7137833 ], [ 85.3217407, 27.7103654 ], [ 85.3218533, 27.7103132 ], [ 85.3216797, 27.7097729 ], [ 85.3216558, 27.7095304 ], [ 85.3216676, 27.7093942 ], [ 85.3216444, 27.7092235 ], [ 85.3217182, 27.7087759 ], [ 85.3216881, 27.7084541 ], [ 85.3217275, 27.7080836 ], [ 85.3215935, 27.7078118 ], [ 85.3217041, 27.7071843 ], [ 85.3218764, 27.7067099 ], [ 85.3219791, 27.7062647 ], [ 85.3220163, 27.7060205 ], [ 85.3220789, 27.7057275 ], [ 85.3222063, 27.7053724 ], [ 85.322258, 27.7052436 ], [ 85.3222453, 27.7050865 ], [ 85.3219943, 27.7044177 ], [ 85.3218996, 27.7043439 ], [ 85.3218638, 27.7040607 ], [ 85.3215165, 27.7031618 ], [ 85.3214306, 27.7028721 ], [ 85.3212858, 27.7026156 ], [ 85.3212357, 27.7024215 ], [ 85.3211624, 27.7022452 ], [ 85.3210138, 27.7018605 ], [ 85.3209481, 27.7016943 ], [ 85.3207762, 27.7012858 ], [ 85.3202397, 27.6998276 ], [ 85.3192765, 27.6971692 ], [ 85.3187565, 27.6958925 ], [ 85.3183161, 27.6946279 ], [ 85.3178418, 27.6935059 ], [ 85.317716, 27.6933514 ], [ 85.3175468, 27.6932067 ], [ 85.3173163, 27.692983 ], [ 85.3172596, 27.6929499 ], [ 85.3172145, 27.6929062 ], [ 85.3171357, 27.6928015 ], [ 85.3171017, 27.6926844 ], [ 85.3170839, 27.692576 ], [ 85.3170103, 27.6924042 ], [ 85.3169881, 27.692373 ], [ 85.3169246, 27.6923226 ], [ 85.3164562, 27.6920266 ], [ 85.316388, 27.6919964 ], [ 85.3161634, 27.6918928 ] ] } },
{ "type": "Feature", "properties": { "name": "daudali khola", "waterway": "river" }, "geometry": { "type": "LineString", "coordinates": [ [ 85.2630776, 27.6998364 ], [ 85.2630889, 27.6998272 ], [ 85.2631084, 27.6998136 ], [ 85.2632741, 27.6996363 ], [ 85.2640037, 27.6992183 ], [ 85.2643196, 27.6991756 ], [ 85.2647259, 27.6993055 ], [ 85.265377, 27.6981544 ], [ 85.2659349, 27.6977744 ], [ 85.2664784, 27.6972616 ], [ 85.2666079, 27.6971755 ], [ 85.266626, 27.6971244 ], [ 85.266714, 27.6968756 ], [ 85.2667838, 27.6967889 ], [ 85.2669512, 27.696719 ], [ 85.2671657, 27.6965907 ], [ 85.2672811, 27.6963936 ], [ 85.2673327, 27.6962879 ], [ 85.2675307, 27.696207 ], [ 85.2677426, 27.6961156 ] ] } },
{ "type": "Feature", "properties": { "name": "daudali khola", "waterway": "river" }, "geometry": { "type": "LineString", "coordinates": [ [ 85.2628784, 27.7000317 ], [ 85.2630776, 27.6998364 ] ] } },
{ "type": "Feature", "properties": { "name": "Ganesh Khola", "waterway": "river" }, "geometry": { "type": "LineString", "coordinates": [ [ 85.3309188, 27.8021296 ], [ 85.3307605, 27.8020009 ], [ 85.3307229, 27.8018067 ], [ 85.3306334, 27.8016273 ], [ 85.3304485, 27.801309 ], [ 85.330237, 27.8008957 ], [ 85.3301065, 27.8007184 ], [ 85.3298352, 27.800418 ], [ 85.3298439, 27.8001809 ], [ 85.3297191, 27.8001067 ], [ 85.329609, 27.8001006 ], [ 85.3295267, 27.800033 ], [ 85.3294765, 27.7998895 ], [ 85.329536, 27.7997146 ], [ 85.3294705, 27.7996062 ], [ 85.3292908, 27.799493 ], [ 85.3289384, 27.799401 ], [ 85.3286982, 27.7992557 ], [ 85.3284949, 27.7989964 ], [ 85.3282197, 27.7989291 ], [ 85.3280985, 27.7987087 ], [ 85.3280567, 27.798534 ], [ 85.3280253, 27.7984109 ], [ 85.3280493, 27.7982834 ], [ 85.3279492, 27.7981453 ], [ 85.327665, 27.7978054 ], [ 85.3275249, 27.7976461 ], [ 85.3273888, 27.7974725 ], [ 85.3273008, 27.7973876 ], [ 85.3271635, 27.7973493 ], [ 85.3270989, 27.797296 ], [ 85.3270817, 27.7971362 ], [ 85.3271376, 27.7968736 ], [ 85.3271678, 27.7967556 ], [ 85.327085, 27.7965997 ], [ 85.326992, 27.796371 ], [ 85.3268989, 27.7962018 ], [ 85.3267334, 27.7959731 ], [ 85.3266042, 27.795845 ], [ 85.3264904, 27.7957078 ], [ 85.3264335, 27.7956361 ] ] } },
{ "type": "Feature", "properties": { "name": "Ganesh Khola", "waterway": "river" }, "geometry": { "type": "LineString", "coordinates": [ [ 85.3263984, 27.7955855 ], [ 85.3262266, 27.7954821 ], [ 85.3258803, 27.7955294 ], [ 85.3257045, 27.795502 ], [ 85.3255907, 27.7954425 ], [ 85.3255235, 27.7953647 ], [ 85.325508, 27.7952504 ], [ 85.3254511, 27.795136 ], [ 85.3253167, 27.7949119 ], [ 85.3251667, 27.7947061 ], [ 85.3251254, 27.7945643 ], [ 85.3251357, 27.7943767 ], [ 85.3251978, 27.7942441 ], [ 85.3252546, 27.7941252 ], [ 85.3253012, 27.7939697 ], [ 85.3253581, 27.7938096 ], [ 85.3253994, 27.793654 ], [ 85.3254149, 27.7935122 ], [ 85.3254615, 27.7933476 ], [ 85.3255183, 27.7931875 ], [ 85.3255132, 27.7930731 ], [ 85.3255311, 27.7930205 ] ] } },
{ "type": "Feature", "properties": { "name": "Ganesh Khola", "waterway": "river" }, "geometry": { "type": "LineString", "coordinates": [ [ 85.3264335, 27.7956361 ], [ 85.3263984, 27.7955855 ] ] } },
{ "type": "Feature", "properties": { "name": "Lilawati River", "waterway": "river" }, "geometry": { "type": "LineString", "coordinates": [ [ 85.4334909, 27.600728 ], [ 85.4335552, 27.600778 ], [ 85.4336062, 27.600835 ], [ 85.4337189, 27.6008528 ], [ 85.4338396, 27.6008493 ], [ 85.4340139, 27.6008374 ], [ 85.4341775, 27.6008017 ], [ 85.4343599, 27.6007589 ], [ 85.4345879, 27.6007162 ], [ 85.4347676, 27.6006841 ], [ 85.4349017, 27.6006888 ], [ 85.4350989, 27.6006959 ], [ 85.4352893, 27.6006948 ], [ 85.435418, 27.6007019 ], [ 85.4355347, 27.6007435 ], [ 85.4357037, 27.6007197 ], [ 85.43587, 27.6005224 ], [ 85.4360551, 27.6002847 ], [ 85.4362294, 27.6001397 ], [ 85.436393, 27.600028 ], [ 85.4367095, 27.5999187 ], [ 85.4368865, 27.5998141 ], [ 85.4371172, 27.5996406 ], [ 85.4373157, 27.5995431 ], [ 85.4374874, 27.5995455 ], [ 85.4376537, 27.5996168 ], [ 85.4377824, 27.5996976 ], [ 85.437938, 27.599845 ], [ 85.4380748, 27.599971 ], [ 85.4382545, 27.6000732 ], [ 85.4383564, 27.6000969 ], [ 85.4385039, 27.600047 ], [ 85.4386193, 27.5999448 ], [ 85.4387104, 27.599807 ], [ 85.4387856, 27.5996263 ], [ 85.4388365, 27.599467 ], [ 85.4389143, 27.5993054 ], [ 85.4390672, 27.5991438 ], [ 85.4391745, 27.5990321 ], [ 85.4393059, 27.5989394 ], [ 85.4395071, 27.5988514 ], [ 85.4397002, 27.5987991 ], [ 85.4399684, 27.5987159 ], [ 85.4401481, 27.5986327 ], [ 85.4403815, 27.5984711 ], [ 85.440596, 27.5982976 ], [ 85.440765, 27.598124 ], [ 85.4408428, 27.5979529 ], [ 85.440926, 27.5977366 ], [ 85.4409796, 27.5975036 ], [ 85.4410547, 27.5972327 ], [ 85.4411164, 27.5971019 ], [ 85.4412505, 27.5969593 ], [ 85.441457, 27.5968333 ], [ 85.4416931, 27.596674 ], [ 85.4418862, 27.5965481 ], [ 85.4420525, 27.5963983 ] ] } },
{ "type": "Feature", "properties": { "name": "Fulchoki Khola", "waterway": "river" }, "geometry": { "type": "LineString", "coordinates": [ [ 85.4324073, 27.595949 ], [ 85.4325454, 27.5959954 ], [ 85.4326341, 27.5960646 ], [ 85.4326261, 27.5961412 ], [ 85.43257, 27.5962457 ], [ 85.4325731, 27.5963099 ], [ 85.4324748, 27.5964317 ], [ 85.4324327, 27.5965378 ], [ 85.4325105, 27.596675 ], [ 85.4325135, 27.5967724 ], [ 85.4326105, 27.5969628 ], [ 85.4326789, 27.5970933 ], [ 85.4327694, 27.5971903 ], [ 85.4329236, 27.5972849 ], [ 85.4330657, 27.5973372 ], [ 85.4332039, 27.5973515 ], [ 85.4333541, 27.5973943 ], [ 85.4335123, 27.5974513 ], [ 85.4336095, 27.5975268 ], [ 85.4336907, 27.5976266 ], [ 85.4337691, 27.59773 ], [ 85.4337636, 27.597893 ], [ 85.4337191, 27.5979874 ], [ 85.4336979, 27.5980884 ], [ 85.4336679, 27.5981716 ], [ 85.4336518, 27.5983023 ], [ 85.4336612, 27.5984271 ], [ 85.4335673, 27.5985329 ], [ 85.4334171, 27.598603 ], [ 85.4333125, 27.5986921 ], [ 85.4332589, 27.598792 ], [ 85.4332374, 27.5988978 ], [ 85.4331838, 27.5989786 ], [ 85.4330845, 27.5990546 ], [ 85.4330134, 27.599145 ], [ 85.4329544, 27.5992436 ], [ 85.432933, 27.5993423 ], [ 85.4329129, 27.599429 ], [ 85.4328887, 27.5995871 ], [ 85.4328942, 27.599657 ], [ 85.4329008, 27.5997416 ], [ 85.4329088, 27.599908 ], [ 85.4329142, 27.6000161 ], [ 85.4329397, 27.6001647 ], [ 85.4329804, 27.6003064 ], [ 85.4330711, 27.6003869 ], [ 85.4331529, 27.6004155 ], [ 85.4332682, 27.6004392 ], [ 85.4333729, 27.6004749 ], [ 85.4334493, 27.600545 ], [ 85.4335083, 27.600652 ], [ 85.4334909, 27.600728 ] ] } },
{ "type": "Feature", "properties": { "name": "Phedi Khola", "waterway": "river" }, "geometry": { "type": "LineString", "coordinates": [ [ 85.4285777, 27.6024234 ], [ 85.4286964, 27.6025369 ], [ 85.4287709, 27.6025446 ], [ 85.4288688, 27.6025149 ], [ 85.4290015, 27.6024216 ], [ 85.429143, 27.6023063 ], [ 85.4292637, 27.6022374 ], [ 85.4293174, 27.6021162 ], [ 85.4294085, 27.6019225 ], [ 85.4294454, 27.6018149 ], [ 85.4295748, 27.6017412 ], [ 85.429654, 27.601699 ], [ 85.4297411, 27.6016444 ], [ 85.4298846, 27.6016764 ], [ 85.4300871, 27.6017442 ], [ 85.4303205, 27.6018393 ], [ 85.4304466, 27.6019201 ], [ 85.430574, 27.6019854 ], [ 85.4307188, 27.6020187 ], [ 85.4309066, 27.6019569 ], [ 85.4310943, 27.6018214 ], [ 85.4312365, 27.6016598 ], [ 85.4314484, 27.6014637 ], [ 85.4316053, 27.6013223 ], [ 85.4316965, 27.6012213 ], [ 85.4317917, 27.6010893 ], [ 85.4318883, 27.6009741 ], [ 85.4319258, 27.600942 ], [ 85.4321015, 27.6009443 ], [ 85.4322343, 27.6009039 ], [ 85.4323965, 27.6008017 ], [ 85.4326165, 27.6007566 ], [ 85.4327559, 27.600778 ], [ 85.4329196, 27.6007791 ] ] } },
{ "type": "Feature", "properties": { "name": "Murali Khola", "waterway": "river" }, "geometry": { "type": "LineString", "coordinates": [ [ 85.4356796, 27.6079918 ], [ 85.4355763, 27.6078575 ], [ 85.4355025, 27.6076733 ], [ 85.4354811, 27.6075735 ], [ 85.4354958, 27.6074737 ], [ 85.4355656, 27.6073833 ], [ 85.4356179, 27.6072728 ], [ 85.43565, 27.607129 ], [ 85.4356232, 27.6070114 ], [ 85.4355937, 27.6068711 ], [ 85.4355146, 27.6066846 ], [ 85.4354475, 27.6065408 ], [ 85.4353148, 27.6064029 ], [ 85.4351485, 27.6062579 ], [ 85.4349755, 27.6061082 ], [ 85.434836, 27.6059156 ], [ 85.4347529, 27.6057695 ], [ 85.4346415, 27.6055651 ], [ 85.4345329, 27.6054462 ], [ 85.4344524, 27.60535 ], [ 85.4344015, 27.6052644 ], [ 85.4343505, 27.6051562 ], [ 85.4343344, 27.6050172 ], [ 85.4342808, 27.6049554 ], [ 85.434199, 27.6049316 ], [ 85.4341024, 27.6049613 ], [ 85.4339898, 27.6049126 ], [ 85.4338798, 27.6048033 ], [ 85.4337873, 27.6047652 ], [ 85.4336464, 27.6047557 ], [ 85.4334654, 27.6047534 ], [ 85.4332159, 27.6047296 ], [ 85.4330818, 27.6046381 ], [ 85.432937, 27.6045466 ], [ 85.43276, 27.6044253 ], [ 85.4326352, 27.6042685 ], [ 85.432595, 27.604152 ], [ 85.4325078, 27.6039761 ], [ 85.4324944, 27.6037954 ], [ 85.4325486, 27.6036673 ], [ 85.4324636, 27.6035186 ], [ 85.4326527, 27.6032999 ], [ 85.4327573, 27.6032072 ], [ 85.4328002, 27.6031026 ], [ 85.4328217, 27.6029457 ], [ 85.4328364, 27.6027948 ], [ 85.4327734, 27.6026201 ], [ 85.4327613, 27.6024632 ], [ 85.4327452, 27.6023135 ], [ 85.4327265, 27.6020972 ], [ 85.4327224, 27.6019438 ], [ 85.4326929, 27.6018084 ], [ 85.4326674, 27.60168 ], [ 85.4326782, 27.6015243 ], [ 85.4326983, 27.6014233 ], [ 85.4326889, 27.601314 ], [ 85.4327144, 27.6012236 ], [ 85.4327613, 27.6011749 ], [ 85.4328471, 27.6010846 ], [ 85.4328445, 27.6009764 ], [ 85.4328659, 27.600873 ], [ 85.4329196, 27.6007791 ], [ 85.4330403, 27.6007221 ], [ 85.4331596, 27.6006936 ], [ 85.4332696, 27.6006722 ], [ 85.4334909, 27.600728 ] ] } },
{ "type": "Feature", "properties": { "name": "Neurey Khola", "waterway": "stream" }, "geometry": { "type": "LineString", "coordinates": [ [ 85.332123, 27.7946117 ], [ 85.3316678, 27.7944103 ], [ 85.331249, 27.794354 ], [ 85.3312324, 27.7943224 ], [ 85.3311307, 27.7941285 ], [ 85.3308394, 27.7940238 ], [ 85.3304844, 27.7938362 ], [ 85.3303924, 27.7938144 ], [ 85.3302264, 27.7938144 ], [ 85.3301095, 27.7938102 ], [ 85.3299979, 27.793807 ], [ 85.3299415, 27.7938054 ], [ 85.3298277, 27.7937143 ], [ 85.3297681, 27.7936664 ], [ 85.3297302, 27.7936424 ], [ 85.329508, 27.7935705 ], [ 85.3293996, 27.7935705 ], [ 85.32921, 27.7935514 ], [ 85.3290637, 27.793537 ], [ 85.3288415, 27.7935514 ], [ 85.3286356, 27.793537 ], [ 85.3283972, 27.7935178 ], [ 85.3282184, 27.7934795 ], [ 85.3279962, 27.7935082 ], [ 85.3277686, 27.7934363 ], [ 85.3277177, 27.7933671 ] ] } },
{ "type": "Feature", "properties": { "name": "Neurey Khola", "waterway": "stream" }, "geometry": { "type": "LineString", "coordinates": [ [ 85.3277177, 27.7933671 ], [ 85.327597, 27.7932938 ] ] } },
{ "type": "Feature", "properties": { "name": "Bagmati Nadi (बागमती नदी)", "waterway": "river" }, "geometry": { "type": "LineString", "coordinates": [ [ 85.347117, 27.6994109 ], [ 85.3470222, 27.6992637 ], [ 85.3469726, 27.6991753 ], [ 85.3468162, 27.6989269 ], [ 85.3466651, 27.6987918 ], [ 85.346571, 27.6986816 ], [ 85.3465396, 27.6985958 ], [ 85.3465299, 27.6985142 ], [ 85.3464979, 27.69822 ], [ 85.346503, 27.6980261 ], [ 85.3465391, 27.6978228 ], [ 85.3465859, 27.6977009 ], [ 85.3466462, 27.6975581 ], [ 85.3467955, 27.6973718 ], [ 85.3470334, 27.697104 ], [ 85.3472162, 27.6969082 ], [ 85.3474759, 27.6966104 ], [ 85.3476261, 27.6964783 ], [ 85.3477142, 27.6963983 ], [ 85.3478814, 27.6962692 ], [ 85.3480271, 27.6961361 ], [ 85.3481616, 27.6959778 ], [ 85.3483651, 27.6958025 ], [ 85.3485678, 27.6956937 ], [ 85.3489919, 27.6954846 ], [ 85.3493151, 27.6953498 ], [ 85.349405, 27.6953154 ], [ 85.349527, 27.6952774 ], [ 85.3499524, 27.6951778 ], [ 85.3502981, 27.6950956 ], [ 85.3505842, 27.6950085 ], [ 85.3508779, 27.6949051 ], [ 85.3511227, 27.6947826 ], [ 85.3513709, 27.6946503 ], [ 85.3514758, 27.6945624 ], [ 85.3515337, 27.6944923 ], [ 85.3516134, 27.6943677 ], [ 85.3516948, 27.6942165 ], [ 85.3517759, 27.6940623 ], [ 85.3518348, 27.6939285 ], [ 85.351886, 27.6938091 ], [ 85.3518935, 27.6937011 ], [ 85.3518722, 27.6935985 ], [ 85.3518348, 27.6934873 ], [ 85.3517536, 27.6932854 ], [ 85.3514532, 27.6927427 ], [ 85.3512204, 27.6923618 ], [ 85.3511618, 27.6922482 ], [ 85.351135, 27.6922209 ], [ 85.3510126, 27.6921141 ], [ 85.3509041, 27.6920344 ], [ 85.3507817, 27.6919595 ], [ 85.3506518, 27.6918992 ], [ 85.3505208, 27.6918634 ], [ 85.3500919, 27.6918133 ], [ 85.3499184, 27.6917661 ], [ 85.3496831, 27.6916812 ], [ 85.3495497, 27.6916127 ], [ 85.3494575, 27.6915514 ], [ 85.3493879, 27.6914744 ], [ 85.3492436, 27.6912765 ], [ 85.3491455, 27.6911508 ], [ 85.3490707, 27.6910664 ], [ 85.3490111, 27.6910057 ], [ 85.3489178, 27.690945 ], [ 85.3488312, 27.6909101 ], [ 85.3487131, 27.6908814 ], [ 85.3483578, 27.6908482 ], [ 85.3481633, 27.6908104 ], [ 85.3480498, 27.6907663 ], [ 85.3479585, 27.6906866 ], [ 85.3479241, 27.6906367 ], [ 85.3479045, 27.6905887 ], [ 85.3479036, 27.6905442 ], [ 85.3479143, 27.6904774 ], [ 85.3479966, 27.6902312 ], [ 85.3481426, 27.6898862 ], [ 85.3482117, 27.689629 ], [ 85.348328, 27.6892487 ], [ 85.348364, 27.6890216 ], [ 85.3483806, 27.6888411 ], [ 85.348379, 27.6887795 ], [ 85.3483586, 27.6886433 ], [ 85.3483085, 27.6884911 ], [ 85.3482685, 27.6884208 ], [ 85.3482154, 27.6883502 ], [ 85.3480517, 27.6881852 ], [ 85.3479154, 27.6881049 ], [ 85.3477572, 27.6880064 ], [ 85.347634, 27.6879399 ], [ 85.3475234, 27.687901 ], [ 85.3473852, 27.687892 ], [ 85.347242, 27.6879063 ], [ 85.3470778, 27.6879538 ], [ 85.3470053, 27.6879894 ], [ 85.3469505, 27.6880103 ], [ 85.3468571, 27.6880238 ], [ 85.3467877, 27.6880195 ], [ 85.3467127, 27.6880036 ], [ 85.3464084, 27.6879326 ], [ 85.3459031, 27.6877826 ], [ 85.3457545, 27.6877272 ], [ 85.3455972, 27.6876383 ], [ 85.3454616, 27.687533 ], [ 85.345294, 27.687307 ], [ 85.345124, 27.6871123 ], [ 85.3450056, 27.686998 ], [ 85.3448911, 27.6869312 ], [ 85.3447795, 27.6868728 ], [ 85.3444781, 27.6867494 ], [ 85.3442726, 27.6866823 ], [ 85.3442044, 27.6866512 ], [ 85.3440717, 27.6865681 ], [ 85.3438927, 27.6864154 ], [ 85.3437224, 27.6862284 ], [ 85.3434677, 27.6859063 ], [ 85.343376, 27.6857697 ], [ 85.3433563, 27.6857296 ], [ 85.3433372, 27.6856593 ], [ 85.3432902, 27.6853134 ], [ 85.3432647, 27.6844837 ], [ 85.3432303, 27.6843421 ], [ 85.3432187, 27.6842569 ], [ 85.3431866, 27.6841502 ], [ 85.3430981, 27.6839937 ], [ 85.3429887, 27.683845 ], [ 85.3428477, 27.6837041 ], [ 85.3424667, 27.6834294 ], [ 85.3423439, 27.6832902 ], [ 85.3421578, 27.6830301 ], [ 85.3418988, 27.6826956 ], [ 85.3416601, 27.6823678 ], [ 85.3413275, 27.6819949 ], [ 85.3412155, 27.681891 ], [ 85.3411183, 27.6818465 ], [ 85.3410365, 27.6818393 ], [ 85.3409232, 27.6818429 ], [ 85.3407776, 27.681878 ], [ 85.3406824, 27.6819438 ], [ 85.340551, 27.6820733 ], [ 85.3404812, 27.6821897 ], [ 85.3404464, 27.6823025 ], [ 85.3404141, 27.6823405 ], [ 85.3402827, 27.6825578 ], [ 85.3401902, 27.6827193 ], [ 85.3400655, 27.6828084 ], [ 85.3399528, 27.6828464 ], [ 85.3397583, 27.6828619 ], [ 85.3394527, 27.6828666 ], [ 85.3393547, 27.6828381 ], [ 85.3389269, 27.6826005 ], [ 85.3386252, 27.6824283 ], [ 85.3382711, 27.6823143 ], [ 85.3381518, 27.6822561 ], [ 85.3380646, 27.682192 ], [ 85.3378312, 27.6819414 ], [ 85.3376005, 27.6816552 ], [ 85.3372264, 27.6811149 ], [ 85.3370561, 27.6807052 ], [ 85.3369729, 27.6805757 ], [ 85.3368026, 27.680394 ], [ 85.3367664, 27.6803275 ], [ 85.3367221, 27.6802277 ], [ 85.3366846, 27.6800235 ], [ 85.336643, 27.6798833 ], [ 85.3366202, 27.6797931 ], [ 85.3365827, 27.6796684 ], [ 85.3364727, 27.6795496 ], [ 85.336415, 27.679489 ], [ 85.3363547, 27.6794475 ], [ 85.3362527, 27.6793893 ], [ 85.3359818, 27.6793145 ], [ 85.3358348, 27.6792999 ], [ 85.335204, 27.6792099 ], [ 85.3349501, 27.6791941 ], [ 85.3347712, 27.6791513 ], [ 85.334453, 27.6790215 ], [ 85.3338549, 27.6787713 ], [ 85.3333372, 27.6785924 ], [ 85.3329509, 27.678723 ], [ 85.3325111, 27.6787705 ], [ 85.3318834, 27.6790484 ], [ 85.3312263, 27.6792907 ], [ 85.3307327, 27.6797444 ], [ 85.3305101, 27.680141 ], [ 85.3300783, 27.6807277 ], [ 85.3297859, 27.6810674 ], [ 85.3292307, 27.6818013 ], [ 85.3290001, 27.6823785 ], [ 85.3288847, 27.6826825 ], [ 85.3287544, 27.6829415 ], [ 85.3286032, 27.683459 ], [ 85.3284987, 27.6837841 ], [ 85.3283986, 27.6839892 ], [ 85.3283384, 27.6841036 ], [ 85.3282117, 27.6843284 ], [ 85.3279567, 27.6847501 ], [ 85.3274927, 27.6853807 ], [ 85.3272808, 27.6856348 ], [ 85.3270744, 27.6857976 ], [ 85.3265271, 27.6861621 ], [ 85.3263474, 27.68625 ], [ 85.3258136, 27.6864637 ], [ 85.3245154, 27.6866609 ], [ 85.3242685, 27.6866599 ], [ 85.3239284, 27.6866586 ], [ 85.3224461, 27.6867559 ], [ 85.321978, 27.6868034 ], [ 85.3215623, 27.6868675 ], [ 85.3210862, 27.6869827 ], [ 85.32028, 27.6872633 ], [ 85.3191268, 27.6877962 ], [ 85.3182659, 27.6882688 ], [ 85.3180352, 27.6883994 ], [ 85.317716, 27.6886085 ], [ 85.3175095, 27.6887533 ], [ 85.3173137, 27.6888935 ], [ 85.3163936, 27.6895596 ], [ 85.3159055, 27.6898542 ] ] } },
{ "type": "Feature", "properties": { "name": "Punyamata River", "waterway": "stream" }, "geometry": { "type": "LineString", "coordinates": [ [ 85.5016084, 27.6569855 ], [ 85.5015952, 27.6568872 ], [ 85.5015001, 27.6567116 ], [ 85.5014255, 27.6565178 ], [ 85.5013526, 27.6563731 ], [ 85.5012987, 27.6562313 ], [ 85.5012067, 27.656015 ], [ 85.501221, 27.6559027 ], [ 85.5012717, 27.6558086 ], [ 85.5013685, 27.6557215 ], [ 85.5015445, 27.6556639 ], [ 85.5015918, 27.6556575 ], [ 85.5020608, 27.6555938 ], [ 85.5023839, 27.6555597 ], [ 85.5030073, 27.6555975 ], [ 85.5031992, 27.655621 ], [ 85.5032888, 27.6556115 ], [ 85.5034156, 27.6555687 ], [ 85.5034878, 27.6555202 ], [ 85.5035361, 27.6554851 ], [ 85.5036289, 27.6554612 ], [ 85.5036915, 27.6554156 ], [ 85.5037264, 27.655358 ], [ 85.5037367, 27.6553138 ], [ 85.5038041, 27.6552344 ], [ 85.5039056, 27.6551277 ], [ 85.5039714, 27.6550799 ] ] } },
{ "type": "Feature", "properties": { "name": "Punyamata River", "waterway": "stream" }, "geometry": { "type": "LineString", "coordinates": [ [ 85.5016174, 27.6570529 ], [ 85.5016084, 27.6569855 ] ] } },
{ "type": "Feature", "properties": { "name": "Dhobu Khola", "waterway": "stream" }, "geometry": { "type": "LineString", "coordinates": [ [ 85.2455914, 27.7935759 ], [ 85.2462834, 27.7934477 ], [ 85.2464551, 27.7933861 ], [ 85.2466482, 27.7933861 ], [ 85.2467555, 27.7934667 ], [ 85.2469379, 27.7935284 ], [ 85.2471363, 27.7936328 ], [ 85.2472919, 27.793704 ], [ 85.2474731, 27.7938482 ], [ 85.2476299, 27.7938416 ], [ 85.2478498, 27.7937752 ], [ 85.2480483, 27.7938416 ], [ 85.2482575, 27.7938606 ], [ 85.2483809, 27.7938748 ], [ 85.2485043, 27.7939473 ] ] } },
{ "type": "Feature", "properties": { "name": "Dhobu Khola", "waterway": "stream" }, "geometry": { "type": "LineString", "coordinates": [ [ 85.2485043, 27.7939473 ], [ 85.2485741, 27.7939941 ] ] } },
{ "type": "Feature", "properties": { "name": "Kalphu River", "waterway": "river" }, "geometry": { "type": "LineString", "coordinates": [ [ 85.2508244, 27.7975833 ], [ 85.2508075, 27.7974931 ], [ 85.2507895, 27.797422 ], [ 85.2507305, 27.7972962 ], [ 85.2506956, 27.7971682 ], [ 85.2507171, 27.7970471 ], [ 85.2507546, 27.7969474 ], [ 85.2508431, 27.796855 ], [ 85.2509638, 27.7967916 ], [ 85.2512615, 27.7966564 ], [ 85.2512934, 27.7966169 ], [ 85.2513146, 27.7965981 ], [ 85.2514198, 27.7963456 ], [ 85.2515539, 27.7962198 ], [ 85.2517685, 27.7961036 ], [ 85.2518033, 27.7959208 ], [ 85.251747, 27.7957761 ], [ 85.2516639, 27.7955666 ], [ 85.2517417, 27.7953158 ], [ 85.2518007, 27.7950904 ], [ 85.2518972, 27.7949172 ], [ 85.2518557, 27.7947238 ], [ 85.2518194, 27.7945737 ], [ 85.2518302, 27.7944894 ], [ 85.2518757, 27.7944432 ], [ 85.2520769, 27.7943436 ], [ 85.2522432, 27.7942059 ], [ 85.2523344, 27.7940636 ], [ 85.2525302, 27.7940138 ], [ 85.2527475, 27.7939663 ], [ 85.2529272, 27.7938833 ], [ 85.253046, 27.7936845 ], [ 85.2530854, 27.7935534 ], [ 85.2532128, 27.793162 ], [ 85.2532799, 27.7929638 ], [ 85.2534046, 27.7928025 ], [ 85.2534797, 27.7927366 ], [ 85.2534832, 27.7926163 ], [ 85.2534341, 27.7925046 ], [ 85.253355, 27.7924037 ], [ 85.253245, 27.7923291 ], [ 85.2531511, 27.7922685 ], [ 85.2530881, 27.7920977 ], [ 85.2530667, 27.7919494 ], [ 85.2530372, 27.7916801 ], [ 85.2530681, 27.7915092 ], [ 85.2530815, 27.7913846 ], [ 85.2530479, 27.7912494 ], [ 85.2531286, 27.7910415 ], [ 85.2530594, 27.7908583 ], [ 85.2530587, 27.7906466 ], [ 85.2531351, 27.7905434 ], [ 85.2532453, 27.7904335 ], [ 85.2532998, 27.7903068 ], [ 85.2533005, 27.7902163 ], [ 85.2530344, 27.7899759 ], [ 85.2528773, 27.7897152 ], [ 85.2525768, 27.7893228 ], [ 85.252398, 27.7892067 ], [ 85.251909, 27.788928 ], [ 85.251711, 27.7888651 ], [ 85.2515579, 27.7888266 ], [ 85.2513838, 27.7887928 ], [ 85.2512377, 27.7887255 ], [ 85.2512158, 27.7884992 ], [ 85.251317, 27.7882587 ], [ 85.2513053, 27.7880775 ], [ 85.251096, 27.7879226 ], [ 85.2509193, 27.7878372 ], [ 85.2507917, 27.7878286 ], [ 85.2506543, 27.7878567 ], [ 85.2505259, 27.7878493 ], [ 85.250346, 27.7877597 ], [ 85.2502316, 27.787677 ], [ 85.2502115, 27.7875276 ], [ 85.2501989, 27.7871601 ], [ 85.2499938, 27.7867059 ], [ 85.2498212, 27.7865522 ], [ 85.2498019, 27.786371 ], [ 85.2498239, 27.7861678 ], [ 85.2496272, 27.7859044 ], [ 85.2494368, 27.785719 ], [ 85.2493652, 27.7854527 ], [ 85.2493281, 27.7852523 ], [ 85.2493331, 27.7850858 ], [ 85.2493622, 27.7849453 ], [ 85.2494685, 27.7847868 ], [ 85.2494967, 27.7846784 ], [ 85.2495061, 27.7845186 ], [ 85.2494775, 27.7843615 ], [ 85.2493384, 27.7841034 ], [ 85.2491855, 27.7838874 ], [ 85.2490997, 27.7837391 ], [ 85.2490456, 27.7835727 ], [ 85.24914, 27.7833749 ], [ 85.2492316, 27.7831534 ], [ 85.2492335, 27.7828866 ], [ 85.2490688, 27.782555 ], [ 85.2488836, 27.782326 ], [ 85.248542, 27.7819576 ], [ 85.2481928, 27.7812267 ], [ 85.2480765, 27.7809342 ], [ 85.2479304, 27.7807868 ], [ 85.2478408, 27.7806358 ], [ 85.2478099, 27.7804864 ], [ 85.2478208, 27.780351 ], [ 85.2479011, 27.7801204 ], [ 85.2480852, 27.7798967 ], [ 85.2482792, 27.7797818 ], [ 85.2485462, 27.7796639 ], [ 85.2488407, 27.7794665 ], [ 85.2493598, 27.7790491 ], [ 85.2494922, 27.7788505 ], [ 85.2495378, 27.7787419 ], [ 85.249604, 27.7785386 ], [ 85.2496186, 27.7783451 ], [ 85.2496751, 27.7778558 ], [ 85.249667, 27.7777249 ], [ 85.2496087, 27.7776121 ], [ 85.2494566, 27.7775468 ], [ 85.249006, 27.7775032 ], [ 85.248507, 27.7773924 ], [ 85.2480818, 27.7773864 ], [ 85.2477749, 27.7773428 ], [ 85.2476299, 27.7772939 ], [ 85.2475954, 27.777207 ], [ 85.2475845, 27.7771107 ], [ 85.2475987, 27.7770159 ], [ 85.2476733, 27.7769415 ], [ 85.247832, 27.776853 ], [ 85.2479638, 27.7767568 ], [ 85.2480286, 27.7766649 ], [ 85.2480347, 27.7765838 ], [ 85.2480138, 27.7764822 ], [ 85.2479673, 27.7763853 ], [ 85.2478927, 27.7763375 ], [ 85.2477715, 27.7763086 ], [ 85.247481, 27.776328 ], [ 85.2471092, 27.776338 ], [ 85.2469204, 27.7762875 ], [ 85.2468909, 27.7762796 ], [ 85.2467569, 27.7762462 ], [ 85.2465822, 27.7761009 ], [ 85.2465401, 27.7759433 ], [ 85.2465758, 27.7757881 ], [ 85.2466996, 27.7756676 ], [ 85.246827, 27.7755843 ], [ 85.2468995, 27.7753988 ], [ 85.2468675, 27.775211 ], [ 85.2467536, 27.7749374 ], [ 85.2466518, 27.7747702 ], [ 85.2465328, 27.7746858 ], [ 85.2463175, 27.7745909 ], [ 85.2462479, 27.7746016 ], [ 85.2460031, 27.7746858 ], [ 85.2457416, 27.7748329 ], [ 85.2456452, 27.7749126 ], [ 85.2455445, 27.7749449 ], [ 85.2454289, 27.7749848 ], [ 85.2452657, 27.7749933 ], [ 85.2451116, 27.774988 ], [ 85.2448599, 27.7749775 ], [ 85.2446153, 27.7750214 ], [ 85.2438988, 27.7751303 ], [ 85.2433954, 27.7752366 ], [ 85.2431244, 27.7753105 ], [ 85.2427472, 27.775409 ], [ 85.2424895, 27.7754691 ], [ 85.2422762, 27.7754974 ], [ 85.2421926, 27.7755025 ], [ 85.242143, 27.7754937 ], [ 85.2419711, 27.7754272 ], [ 85.241864, 27.7753831 ], [ 85.2417471, 27.7752949 ], [ 85.2416285, 27.7751237 ], [ 85.2414273, 27.7747558 ], [ 85.2411987, 27.7744591 ], [ 85.2409532, 27.7740486 ], [ 85.2408145, 27.7737664 ], [ 85.2407446, 27.773714 ], [ 85.2406769, 27.7736953 ], [ 85.2404841, 27.7736235 ], [ 85.2403324, 27.7736058 ], [ 85.2402371, 27.7736079 ], [ 85.2401504, 27.7736207 ], [ 85.2400587, 27.7736476 ], [ 85.2398545, 27.7737024 ], [ 85.2396684, 27.7738244 ], [ 85.2395417, 27.7739584 ], [ 85.2394925, 27.7741086 ], [ 85.2394366, 27.774218 ], [ 85.2394062, 27.7743156 ], [ 85.239326, 27.7747328 ], [ 85.2392738, 27.7748623 ], [ 85.2392234, 27.7749443 ], [ 85.2391703, 27.7749958 ], [ 85.2390963, 27.7750182 ], [ 85.2390109, 27.7750164 ], [ 85.2389339, 27.7749989 ], [ 85.2388738, 27.7749769 ], [ 85.2386083, 27.7749055 ], [ 85.2383441, 27.7747673 ], [ 85.2382752, 27.7747367 ], [ 85.2381859, 27.7746676 ], [ 85.2380874, 27.7746347 ], [ 85.2378803, 27.774563 ], [ 85.2376615, 27.7744772 ], [ 85.2375596, 27.7744437 ], [ 85.2374526, 27.774391 ], [ 85.2373849, 27.7744038 ], [ 85.2372927, 27.7743744 ], [ 85.2370955, 27.7742502 ], [ 85.2369924, 27.7742255 ], [ 85.2369164, 27.7742175 ], [ 85.2368179, 27.7742072 ], [ 85.2366409, 27.774207 ], [ 85.2365669, 27.7742177 ], [ 85.2365074, 27.7742384 ], [ 85.2363864, 27.7743109 ], [ 85.2362305, 27.7744378 ], [ 85.2361457, 27.7744899 ], [ 85.2352361, 27.7749503 ], [ 85.2351123, 27.7749903 ], [ 85.2350233, 27.7749895 ], [ 85.2349376, 27.7749554 ], [ 85.2347526, 27.7747442 ], [ 85.2346376, 27.774656 ], [ 85.2345103, 27.7745953 ], [ 85.234386, 27.7745555 ], [ 85.234251, 27.7745612 ], [ 85.2340073, 27.7746013 ], [ 85.233264, 27.774719 ], [ 85.2331619, 27.7747319 ], [ 85.2329888, 27.7747473 ], [ 85.2328861, 27.7747466 ], [ 85.2328202, 27.7747104 ], [ 85.2327042, 27.7745185 ], [ 85.2326497, 27.774388 ], [ 85.2325383, 27.7741048 ], [ 85.232464, 27.7740046 ], [ 85.2324219, 27.7738848 ], [ 85.2323964, 27.7737609 ], [ 85.2323431, 27.7736524 ], [ 85.2322788, 27.7734369 ], [ 85.2322405, 27.7732375 ], [ 85.2322405, 27.7730687 ], [ 85.2322474, 27.7728999 ], [ 85.2323161, 27.7727088 ], [ 85.2324, 27.772318 ], [ 85.2324532, 27.772048 ], [ 85.2325086, 27.7719128 ], [ 85.2324901, 27.7718121 ], [ 85.2324603, 27.7717326 ], [ 85.2323882, 27.7716445 ], [ 85.2323473, 27.771602 ], [ 85.2321589, 27.7715475 ], [ 85.2320193, 27.7715907 ], [ 85.2319751, 27.771655 ], [ 85.2319038, 27.7717644 ], [ 85.2318478, 27.7719222 ], [ 85.231861, 27.7721039 ], [ 85.2319139, 27.7725041 ], [ 85.2319075, 27.7727694 ], [ 85.2318773, 27.7729403 ], [ 85.2316211, 27.7734158 ], [ 85.2313086, 27.7739252 ], [ 85.2311417, 27.774107 ], [ 85.2310527, 27.7741731 ], [ 85.2309815, 27.7742038 ], [ 85.2308738, 27.7742192 ], [ 85.2307544, 27.7742021 ], [ 85.2306615, 27.7741383 ], [ 85.2306037, 27.7740458 ], [ 85.2305913, 27.7739339 ], [ 85.2306078, 27.773839 ] ] } },
{ "type": "Feature", "properties": { "name": "Kalphu River", "waterway": "river" }, "geometry": { "type": "LineString", "coordinates": [ [ 85.2306078, 27.773839 ], [ 85.2306342, 27.7736886 ] ] } },
{ "type": "Feature", "properties": { "name": "dhading khola", "waterway": "stream" }, "geometry": { "type": "LineString", "coordinates": [ [ 85.2204752, 27.8108768 ], [ 85.220046, 27.8110096 ], [ 85.2198234, 27.8110808 ], [ 85.2196517, 27.8110262 ], [ 85.2193997, 27.8109811 ], [ 85.2192306, 27.8111045 ], [ 85.2191958, 27.8112705 ], [ 85.219059, 27.8113892 ], [ 85.218898, 27.8114461 ], [ 85.2186513, 27.811522 ], [ 85.2184367, 27.81156 ], [ 85.2183053, 27.811579 ], [ 85.2180719, 27.8115695 ], [ 85.2178037, 27.8117189 ], [ 85.2176374, 27.8119443 ], [ 85.2176374, 27.8120606 ], [ 85.2175516, 27.8123239 ], [ 85.2173853, 27.8125161 ], [ 85.2174121, 27.8127509 ], [ 85.2172485, 27.81286 ], [ 85.2169347, 27.813 ], [ 85.2170312, 27.8132017 ], [ 85.2171117, 27.8133464 ], [ 85.2170339, 27.8134057 ], [ 85.2169374, 27.8136809 ], [ 85.2167442, 27.8137568 ], [ 85.2166128, 27.8138944 ], [ 85.2163929, 27.8140984 ], [ 85.216071, 27.8143095 ], [ 85.2160066, 27.8143546 ] ] } },
{ "type": "Feature", "properties": { "name": "Dovan khola", "waterway": "stream" }, "geometry": { "type": "LineString", "coordinates": [ [ 85.2225351, 27.8148599 ], [ 85.2224305, 27.815249 ], [ 85.2220389, 27.815695 ], [ 85.2216741, 27.8160105 ], [ 85.2215481, 27.8161718 ], [ 85.221422, 27.8162667 ], [ 85.221296, 27.8162952 ], [ 85.2211592, 27.81639 ], [ 85.2209258, 27.8163711 ], [ 85.2205878, 27.8163568 ], [ 85.2202043, 27.8165798 ], [ 85.2200031, 27.8168811 ], [ 85.2198261, 27.8174955 ], [ 85.2199951, 27.8176568 ], [ 85.2202472, 27.8179439 ], [ 85.2199951, 27.8182191 ], [ 85.2199361, 27.8185417 ], [ 85.2198422, 27.8188074 ], [ 85.2198905, 27.8191561 ], [ 85.2200192, 27.8195285 ], [ 85.2206254, 27.8195499 ], [ 85.2214542, 27.819678 ], [ 85.2220014, 27.8198275 ], [ 85.2223527, 27.8200623 ], [ 85.2226719, 27.8202402 ], [ 85.2228945, 27.8206743 ], [ 85.222916, 27.8210159 ], [ 85.222975, 27.8211772 ], [ 85.2232057, 27.82131 ], [ 85.2234685, 27.8213907 ], [ 85.2239406, 27.8214642 ], [ 85.2241954, 27.8214737 ], [ 85.2244449, 27.8213812 ], [ 85.2248418, 27.8212389 ], [ 85.2251771, 27.8213978 ], [ 85.2253032, 27.8215639 ], [ 85.2255231, 27.8216208 ], [ 85.225904, 27.8216611 ], [ 85.226376, 27.8213622 ], [ 85.2269018, 27.8210017 ], [ 85.2274489, 27.8211914 ], [ 85.227524, 27.8219885 ], [ 85.2274999, 27.8222138 ], [ 85.2273899, 27.8224629 ], [ 85.2273497, 27.8225862 ], [ 85.2272721, 27.8227096 ], [ 85.22706, 27.822897 ], [ 85.2268025, 27.8231223 ], [ 85.226596, 27.8233145 ], [ 85.2266282, 27.8234568 ], [ 85.2266845, 27.8236893 ], [ 85.2267194, 27.823751 ], [ 85.2267073, 27.8238423 ], [ 85.2266631, 27.8239763 ], [ 85.2265879, 27.8241756 ], [ 85.2265236, 27.824261 ], [ 85.2264538, 27.824427 ], [ 85.2262688, 27.8246263 ], [ 85.2261266, 27.8247496 ], [ 85.2259362, 27.824816 ], [ 85.2257323, 27.8248658 ], [ 85.2255365, 27.8249346 ], [ 85.2254748, 27.8250722 ], [ 85.2254346, 27.8251956 ], [ 85.2255017, 27.8255111 ], [ 85.2253461, 27.8256747 ], [ 85.2249652, 27.8259594 ], [ 85.2246755, 27.8261586 ], [ 85.2241793, 27.826486 ], [ 85.223836, 27.8267113 ], [ 85.2234739, 27.8269556 ], [ 85.2232406, 27.8270742 ], [ 85.2228865, 27.827143 ], [ 85.2225029, 27.8271952 ], [ 85.2219585, 27.827264 ], [ 85.2216017, 27.8273067 ], [ 85.2213764, 27.8274206 ], [ 85.2212477, 27.8275249 ], [ 85.2211109, 27.827691 ], [ 85.2211189, 27.8278119 ], [ 85.2210867, 27.8280349 ], [ 85.2209875, 27.828201 ], [ 85.2208909, 27.8283338 ], [ 85.2207354, 27.82845 ], [ 85.2206576, 27.8285354 ], [ 85.2205315, 27.8288082 ], [ 85.2204725, 27.8289007 ], [ 85.220333, 27.8290312 ], [ 85.2201506, 27.8291237 ], [ 85.2195954, 27.8293561 ], [ 85.2193218, 27.8296028 ], [ 85.2191341, 27.8299776 ], [ 85.2190161, 27.8301294 ], [ 85.2189276, 27.8303073 ], [ 85.2187827, 27.8304093 ], [ 85.2184018, 27.8304116 ], [ 85.2180829, 27.8304397 ] ] } },
{ "type": "Feature", "properties": { "name": "Manohara Nadi", "waterway": "river" }, "geometry": { "type": "LineString", "coordinates": [ [ 85.4009117, 27.706313 ], [ 85.4006285, 27.7063558 ], [ 85.400298, 27.7063805 ], [ 85.3997036, 27.7063064 ], [ 85.3991209, 27.7061159 ], [ 85.3987466, 27.7058072 ], [ 85.3985513, 27.7054835 ], [ 85.3985099, 27.705049 ], [ 85.398598, 27.704665 ], [ 85.3988557, 27.7043408 ], [ 85.3989844, 27.7040437 ], [ 85.3989998, 27.7036808 ], [ 85.3988678, 27.703356 ], [ 85.3985697, 27.7030152 ], [ 85.3983338, 27.7028852 ], [ 85.3981087, 27.7027996 ], [ 85.3978688, 27.7027577 ], [ 85.3976753, 27.7027697 ], [ 85.3974203, 27.7028055 ], [ 85.397219, 27.7028476 ], [ 85.3971058, 27.7028972 ], [ 85.3970141, 27.7029658 ], [ 85.3968876, 27.7032148 ], [ 85.3968611, 27.7033807 ], [ 85.3969153, 27.7034672 ], [ 85.3969954, 27.7035412 ], [ 85.3970208, 27.7036477 ], [ 85.3969954, 27.7036935 ], [ 85.3968468, 27.70372 ], [ 85.3963058, 27.7038276 ], [ 85.3960222, 27.7038697 ], [ 85.3958519, 27.7039096 ], [ 85.3955297, 27.7039185 ], [ 85.3952804, 27.7039244 ], [ 85.3949778, 27.7038944 ], [ 85.3945699, 27.7037855 ], [ 85.3944249, 27.7036017 ], [ 85.3943347, 27.7034409 ], [ 85.3942203, 27.7032341 ], [ 85.3941707, 27.7031359 ], [ 85.3941193, 27.7030693 ], [ 85.3940537, 27.7030353 ], [ 85.393988, 27.7030297 ], [ 85.3938908, 27.7030669 ], [ 85.393762, 27.703188 ], [ 85.3934397, 27.7034536 ], [ 85.3932712, 27.7035513 ], [ 85.3929885, 27.7036282 ], [ 85.3927622, 27.7036553 ], [ 85.3926341, 27.7036263 ], [ 85.3925134, 27.7035299 ], [ 85.3923648, 27.703387 ], [ 85.39221, 27.7032444 ], [ 85.3920172, 27.7030562 ], [ 85.3918825, 27.7028628 ], [ 85.3917951, 27.7026371 ], [ 85.3917526, 27.7024811 ], [ 85.3917735, 27.7016645 ], [ 85.3917616, 27.7013535 ], [ 85.3915948, 27.7002575 ], [ 85.391348, 27.6997113 ], [ 85.3910261, 27.6993028 ], [ 85.3906892, 27.6989981 ], [ 85.3902677, 27.698552 ], [ 85.390185, 27.698333 ], [ 85.390115, 27.6981164 ], [ 85.3901031, 27.6977454 ], [ 85.39013, 27.6976714 ], [ 85.390206, 27.6976078 ], [ 85.3902781, 27.6975864 ], [ 85.3903266, 27.6975812 ], [ 85.3903681, 27.6975965 ], [ 85.3905128, 27.6976815 ], [ 85.3906172, 27.697725 ], [ 85.3906948, 27.6977252 ], [ 85.3907665, 27.6977135 ], [ 85.3908937, 27.6976667 ], [ 85.3909871, 27.6976206 ], [ 85.3910605, 27.6975639 ], [ 85.3911011, 27.697489 ], [ 85.391283, 27.6971595 ], [ 85.3913571, 27.6970538 ], [ 85.3913713, 27.6970167 ], [ 85.3913826, 27.696959 ], [ 85.3913707, 27.6968183 ], [ 85.3913596, 27.6967228 ], [ 85.3913093, 27.6966265 ], [ 85.3912631, 27.6965716 ], [ 85.3911777, 27.6964898 ], [ 85.391076, 27.6964183 ], [ 85.3908992, 27.6963298 ], [ 85.3907257, 27.696301 ], [ 85.3905218, 27.6962482 ], [ 85.3902997, 27.6961577 ], [ 85.3900578, 27.6960041 ], [ 85.3896636, 27.6956408 ], [ 85.3894975, 27.6954853 ], [ 85.3893597, 27.6952714 ], [ 85.3892492, 27.6951694 ], [ 85.3891061, 27.6950934 ], [ 85.3889902, 27.6950733 ], [ 85.3888416, 27.6950905 ], [ 85.3887368, 27.6951202 ], [ 85.3886193, 27.6951674 ], [ 85.3883258, 27.6953111 ], [ 85.3881562, 27.695389 ], [ 85.3875268, 27.6955363 ], [ 85.3870583, 27.6956408 ], [ 85.386309, 27.6956107 ], [ 85.3858799, 27.6956075 ], [ 85.3855133, 27.695579 ], [ 85.3850341, 27.6954603 ], [ 85.3841543, 27.6949901 ], [ 85.3838485, 27.6948333 ], [ 85.3831834, 27.6945436 ], [ 85.3822241, 27.6939515 ], [ 85.3819873, 27.6938915 ], [ 85.381448, 27.6937717 ], [ 85.380837, 27.6936182 ], [ 85.3800022, 27.6935129 ], [ 85.3797769, 27.6935651 ], [ 85.379473, 27.6935789 ], [ 85.3785033, 27.693503 ], [ 85.3771256, 27.6934776 ], [ 85.3768079, 27.6934383 ], [ 85.3764231, 27.6932923 ], [ 85.3758737, 27.6930772 ], [ 85.375555, 27.6929338 ], [ 85.3754263, 27.6928082 ], [ 85.3751994, 27.6925389 ], [ 85.3750656, 27.6924242 ], [ 85.3747294, 27.6922465 ], [ 85.3744457, 27.692133 ], [ 85.3741963, 27.6920209 ], [ 85.373922, 27.6918668 ], [ 85.3735748, 27.6916546 ], [ 85.3733676, 27.6913887 ], [ 85.3728619, 27.6910201 ], [ 85.3723873, 27.6907904 ], [ 85.3719059, 27.6907016 ], [ 85.3717174, 27.690659 ], [ 85.3715153, 27.6904588 ], [ 85.3714062, 27.6903511 ], [ 85.3710605, 27.6900162 ], [ 85.3708454, 27.6897437 ], [ 85.3705068, 27.6894805 ], [ 85.3703812, 27.6893922 ], [ 85.3701105, 27.689289 ], [ 85.3697535, 27.6892735 ], [ 85.3693787, 27.689314 ], [ 85.3690949, 27.6892721 ], [ 85.368807, 27.689199 ], [ 85.3685144, 27.688998 ], [ 85.3682032, 27.6887415 ], [ 85.3678492, 27.688466 ], [ 85.3674656, 27.6882308 ], [ 85.3669331, 27.6880309 ], [ 85.3665174, 27.6878807 ], [ 85.3662137, 27.6876917 ], [ 85.3658216, 27.6873554 ], [ 85.3654897, 27.6869971 ], [ 85.3651703, 27.6866107 ], [ 85.3649717, 27.6864318 ], [ 85.364852, 27.6862905 ], [ 85.364436, 27.6858217 ], [ 85.3640444, 27.6853821 ], [ 85.3638086, 27.6850183 ], [ 85.3630673, 27.684191 ], [ 85.3625946, 27.6837926 ], [ 85.3622579, 27.6835725 ], [ 85.3619997, 27.6834353 ], [ 85.3618056, 27.6833067 ], [ 85.3617421, 27.6832269 ], [ 85.3617183, 27.6831563 ], [ 85.3616109, 27.6828886 ], [ 85.3613698, 27.6825365 ], [ 85.36109, 27.6823476 ], [ 85.3608938, 27.6822579 ], [ 85.3599124, 27.6819665 ], [ 85.3594895, 27.6819466 ], [ 85.3590256, 27.6819314 ], [ 85.3585489, 27.6818729 ], [ 85.3578303, 27.6818106 ], [ 85.3568336, 27.6815922 ], [ 85.3565364, 27.6815114 ], [ 85.3563144, 27.6814396 ], [ 85.3562935, 27.6814328 ], [ 85.3560937, 27.6813058 ], [ 85.3558431, 27.6810798 ], [ 85.3556833, 27.6809421 ], [ 85.3556313, 27.6807949 ], [ 85.3555955, 27.6805465 ], [ 85.3556148, 27.6801248 ], [ 85.3556602, 27.6795252 ], [ 85.3556738, 27.6793725 ], [ 85.3556641, 27.6791701 ], [ 85.3556241, 27.6789332 ], [ 85.355585, 27.6787935 ], [ 85.3554904, 27.6785659 ], [ 85.3552484, 27.6781835 ], [ 85.3551615, 27.6780186 ], [ 85.3551413, 27.6777759 ], [ 85.3551511, 27.6776219 ], [ 85.3551803, 27.6775353 ], [ 85.3552307, 27.6774143 ], [ 85.3554543, 27.6769937 ], [ 85.3555326, 27.676839 ], [ 85.3555855, 27.6766925 ], [ 85.3556141, 27.6763686 ], [ 85.3556105, 27.6761921 ], [ 85.35552, 27.6757653 ], [ 85.3554245, 27.675311 ], [ 85.3552603, 27.674798 ], [ 85.3550464, 27.6740543 ], [ 85.3547359, 27.6733628 ], [ 85.3541974, 27.6723501 ], [ 85.3538903, 27.6718242 ], [ 85.3534586, 27.6713425 ], [ 85.3528748, 27.6708487 ], [ 85.3525344, 27.6705704 ], [ 85.3524133, 27.6702409 ], [ 85.3523934, 27.669996 ], [ 85.3523619, 27.6694819 ], [ 85.3523499, 27.6685676 ], [ 85.3523101, 27.6684446 ], [ 85.3521536, 27.6682491 ], [ 85.3519774, 27.6680573 ] ] } },
{ "type": "Feature", "properties": { "name": "Hanumante river", "waterway": "river" }, "geometry": { "type": "LineString", "coordinates": [ [ 85.3857065, 27.6710742 ], [ 85.3851768, 27.6712421 ], [ 85.3843356, 27.671569 ], [ 85.3831449, 27.6720842 ], [ 85.3827909, 27.6722105 ], [ 85.3825637, 27.6722567 ], [ 85.3823738, 27.6722506 ], [ 85.3821942, 27.6722185 ], [ 85.3821101, 27.6721918 ], [ 85.3820272, 27.6721488 ], [ 85.3819711, 27.672104 ], [ 85.3818831, 27.6720347 ], [ 85.3818136, 27.6719581 ], [ 85.3816577, 27.6717048 ], [ 85.3814992, 27.6714165 ], [ 85.3814393, 27.6712846 ], [ 85.3814158, 27.6711717 ], [ 85.3813645, 27.6710215 ], [ 85.3812291, 27.6707715 ], [ 85.3811408, 27.6706883 ], [ 85.3810195, 27.6706284 ], [ 85.3804558, 27.6704544 ], [ 85.3803064, 27.6703773 ], [ 85.3801365, 27.6702661 ], [ 85.3799882, 27.6701164 ], [ 85.3797352, 27.6696697 ], [ 85.379591, 27.669494 ], [ 85.3794856, 27.6694587 ], [ 85.3793783, 27.66948 ], [ 85.3792024, 27.669538 ] ] } },
{ "type": "Feature", "properties": { "name": "Rajkulo", "waterway": "canal" }, "geometry": { "type": "LineString", "coordinates": [ [ 85.3452569, 27.6263036 ], [ 85.3445958, 27.6267235 ], [ 85.344525, 27.6270332 ], [ 85.3443146, 27.6272711 ] ] } },
{ "type": "Feature", "properties": { "name": "Rajkulo", "waterway": "canal" }, "geometry": { "type": "LineString", "coordinates": [ [ 85.3453557, 27.6262425 ], [ 85.3452569, 27.6263036 ] ] } },
{ "type": "Feature", "properties": { "name": "Thulo Khola", "waterway": "stream" }, "geometry": { "type": "LineString", "coordinates": [ [ 85.2726166, 27.7871254 ], [ 85.2725681, 27.7871018 ], [ 85.2725319, 27.7870892 ], [ 85.2724691, 27.7870589 ], [ 85.2723415, 27.786957 ], [ 85.2722644, 27.7869165 ], [ 85.2721835, 27.7868744 ], [ 85.2720835, 27.7868466 ], [ 85.2720188, 27.7868121 ], [ 85.2719921, 27.7867472 ], [ 85.2718998, 27.7866234 ], [ 85.271678, 27.7863725 ], [ 85.2715799, 27.7863034 ], [ 85.2714638, 27.7862908 ], [ 85.2713781, 27.7861493 ], [ 85.2713153, 27.7859564 ], [ 85.2712858, 27.7857686 ], [ 85.2712705, 27.7857315 ], [ 85.271222, 27.7856743 ], [ 85.2711963, 27.785617 ], [ 85.2711515, 27.7855648 ], [ 85.2711182, 27.7855286 ], [ 85.2710792, 27.7854873 ], [ 85.2710316, 27.7854292 ], [ 85.2709564, 27.7853643 ], [ 85.2708869, 27.7853096 ], [ 85.2708098, 27.7852818 ], [ 85.2707412, 27.78527 ], [ 85.2706898, 27.7852751 ], [ 85.2706432, 27.7852709 ], [ 85.270608, 27.7852372 ], [ 85.2705851, 27.7852102 ], [ 85.2705064, 27.7851356 ] ] } },
{ "type": "Feature", "properties": { "name": "Thulo Khola", "waterway": "stream" }, "geometry": { "type": "LineString", "coordinates": [ [ 85.2784673, 27.7932395 ], [ 85.2784067, 27.7930756 ], [ 85.2783286, 27.7929523 ], [ 85.2782463, 27.792872 ], [ 85.2781429, 27.7927899 ], [ 85.2780289, 27.7926424 ], [ 85.2778811, 27.7924724 ], [ 85.2775877, 27.7924618 ], [ 85.2773343, 27.7922538 ], [ 85.2771814, 27.7920902 ], [ 85.2769599, 27.7920801 ], [ 85.2767065, 27.7920942 ], [ 85.2766243, 27.7920801 ], [ 85.2766426, 27.791967 ], [ 85.2765695, 27.7918499 ], [ 85.2764074, 27.7917166 ], [ 85.2762476, 27.7916802 ], [ 85.2760353, 27.7916095 ], [ 85.275855, 27.7914197 ], [ 85.2757111, 27.7913127 ], [ 85.2755833, 27.7911471 ], [ 85.2754874, 27.7910642 ], [ 85.2753093, 27.7909249 ], [ 85.275202, 27.790834 ], [ 85.2752363, 27.7907189 ], [ 85.2753253, 27.7905917 ], [ 85.2753276, 27.7905048 ], [ 85.275202, 27.7905048 ], [ 85.2751427, 27.7904402 ], [ 85.2750012, 27.7903049 ], [ 85.2749372, 27.7902503 ], [ 85.2748528, 27.7900282 ], [ 85.274734, 27.7898747 ], [ 85.2746222, 27.7897172 ], [ 85.2745446, 27.7896101 ], [ 85.2745309, 27.7894788 ], [ 85.2743962, 27.789394 ], [ 85.2742455, 27.7892446 ], [ 85.2741496, 27.789186 ], [ 85.2740743, 27.7890406 ], [ 85.2740195, 27.7888952 ], [ 85.2738916, 27.7887498 ], [ 85.2737318, 27.7886205 ], [ 85.2736656, 27.7885094 ], [ 85.2736634, 27.7884367 ], [ 85.2737661, 27.7883822 ], [ 85.2735698, 27.7881762 ], [ 85.2733574, 27.7880166 ], [ 85.2731565, 27.7878086 ], [ 85.2730055, 27.7876153 ], [ 85.2729472, 27.7875488 ], [ 85.2728116, 27.7873978 ], [ 85.2727049, 27.787185 ], [ 85.2726166, 27.7871254 ] ] } },
{ "type": "Feature", "properties": { "name": "Murali Khola", "waterway": "stream" }, "geometry": { "type": "LineString", "coordinates": [ [ 85.4332321, 27.6108546 ], [ 85.4332372, 27.6108509 ], [ 85.433347, 27.6107519 ], [ 85.4335493, 27.6106055 ], [ 85.4337439, 27.6104497 ], [ 85.4338869, 27.6103672 ], [ 85.4340057, 27.6103033 ], [ 85.4341687, 27.6102639 ], [ 85.4342697, 27.6102023 ], [ 85.4343658, 27.6101404 ], [ 85.4343977, 27.6100856 ], [ 85.4344264, 27.6100062 ], [ 85.434515, 27.6098707 ], [ 85.4346764, 27.6097852 ], [ 85.4347773, 27.6096925 ], [ 85.4348202, 27.6095632 ], [ 85.4347617, 27.6094149 ], [ 85.4347102, 27.6092627 ], [ 85.4347097, 27.6091634 ], [ 85.4347924, 27.6090498 ], [ 85.4349859, 27.608863 ], [ 85.4351255, 27.6087993 ], [ 85.4353443, 27.6087594 ], [ 85.4354559, 27.6087465 ], [ 85.4355213, 27.6086714 ], [ 85.435472, 27.6084984 ], [ 85.4354934, 27.6083753 ], [ 85.4355998, 27.608212 ], [ 85.4357245, 27.6081203 ], [ 85.4356796, 27.6079918 ] ] } },
{ "type": "Feature", "properties": { "name": "Murali Khola", "waterway": "stream" }, "geometry": { "type": "LineString", "coordinates": [ [ 85.4331099, 27.6109429 ], [ 85.4332321, 27.6108546 ] ] } },
{ "type": "Feature", "properties": { "name": "Khola River", "waterway": "stream" }, "geometry": { "type": "LineString", "coordinates": [ [ 85.3270311, 27.6438212 ], [ 85.3274817, 27.6436882 ], [ 85.3278358, 27.6437642 ], [ 85.3279833, 27.6438806 ], [ 85.328116, 27.6439733 ], [ 85.3283602, 27.6442157 ], [ 85.3284849, 27.6442751 ], [ 85.3288242, 27.6442483 ], [ 85.3291468, 27.6441931 ], [ 85.3294558, 27.6440969 ], [ 85.3298012, 27.6440119 ], [ 85.330337, 27.6439896 ], [ 85.3305405, 27.6440256 ], [ 85.3310015, 27.6440696 ], [ 85.3311751, 27.6440861 ], [ 85.3313977, 27.6441718 ], [ 85.3319342, 27.6443226 ], [ 85.3320863, 27.6443349 ], [ 85.3322092, 27.6443333 ], [ 85.3325069, 27.6442917 ], [ 85.3328624, 27.6439328 ], [ 85.3329442, 27.6438888 ], [ 85.3330354, 27.643871 ], [ 85.3346873, 27.6437089 ] ] } },
{ "type": "Feature", "properties": { "name": "Khola River", "waterway": "stream" }, "geometry": { "type": "LineString", "coordinates": [ [ 85.3268491, 27.6436544 ], [ 85.3270311, 27.6438212 ] ] } },
{ "type": "Feature", "properties": { "name": "Manamati", "waterway": "river" }, "geometry": { "type": "LineString", "coordinates": [ [ 85.276205, 27.7037588 ], [ 85.2762594, 27.7037306 ] ] } },
{ "type": "Feature", "properties": { "name": "Manamati", "waterway": "river" }, "geometry": { "type": "LineString", "coordinates": [ [ 85.2762594, 27.7037306 ], [ 85.276462, 27.7035997 ], [ 85.2768853, 27.7035323 ], [ 85.2772675, 27.7034111 ], [ 85.2773095, 27.7033794 ] ] } },
{ "type": "Feature", "properties": { "name": "Manamati", "waterway": "river" }, "geometry": { "type": "LineString", "coordinates": [ [ 85.277327, 27.703364 ], [ 85.2776492, 27.7030692 ] ] } },
{ "type": "Feature", "properties": { "name": "Manamati", "waterway": "river" }, "geometry": { "type": "LineString", "coordinates": [ [ 85.2773095, 27.7033794 ], [ 85.277327, 27.703364 ] ] } },
{ "type": "Feature", "properties": { "name": "Manamati", "waterway": "river" }, "geometry": { "type": "LineString", "coordinates": [ [ 85.2776492, 27.7030692 ], [ 85.2776686, 27.7030484 ] ] } },
{ "type": "Feature", "properties": { "name": "Manamati", "waterway": "river" }, "geometry": { "type": "LineString", "coordinates": [ [ 85.2703368, 27.708587 ], [ 85.270322, 27.7085181 ], [ 85.2702659, 27.7083305 ], [ 85.2701781, 27.7081719 ], [ 85.2701549, 27.7080814 ], [ 85.2702612, 27.7079671 ], [ 85.2702546, 27.7078386 ], [ 85.2701322, 27.7077589 ], [ 85.2699084, 27.7074787 ], [ 85.2696751, 27.7071652 ], [ 85.2695849, 27.7070516 ], [ 85.2694228, 27.7068198 ], [ 85.2694984, 27.7066381 ], [ 85.2696124, 27.706581 ], [ 85.269887, 27.7064485 ], [ 85.2700427, 27.7063619 ], [ 85.2701531, 27.7062809 ], [ 85.2702518, 27.7061072 ], [ 85.2703826, 27.7061841 ], [ 85.2706869, 27.7063248 ], [ 85.2709372, 27.706526 ], [ 85.2710384, 27.7065281 ], [ 85.2711354, 27.706463 ], [ 85.2712105, 27.706296 ], [ 85.2712444, 27.7060915 ], [ 85.2713381, 27.7059028 ], [ 85.2713633, 27.705536 ], [ 85.2715419, 27.7053511 ], [ 85.2717139, 27.7052695 ], [ 85.2718172, 27.7052405 ], [ 85.2719002, 27.7051863 ], [ 85.2719604, 27.7051477 ], [ 85.2721018, 27.7051196 ], [ 85.2722027, 27.7051065 ], [ 85.2722831, 27.705134 ], [ 85.2724955, 27.7052928 ], [ 85.2725635, 27.7054031 ], [ 85.2726916, 27.7054753 ], [ 85.2728316, 27.705598 ], [ 85.2729124, 27.7055843 ], [ 85.2729606, 27.7054968 ], [ 85.2729169, 27.7053178 ], [ 85.2729183, 27.7049735 ], [ 85.2729602, 27.7048434 ], [ 85.2730786, 27.7048202 ], [ 85.2734859, 27.7049551 ], [ 85.2738751, 27.7052583 ], [ 85.2739517, 27.7053965 ], [ 85.2740265, 27.7054841 ], [ 85.2741504, 27.7056181 ], [ 85.2742302, 27.7056617 ], [ 85.2743353, 27.7056451 ], [ 85.2743505, 27.7056106 ], [ 85.27441, 27.7054624 ], [ 85.2746473, 27.705215 ], [ 85.2748978, 27.7049152 ], [ 85.2750558, 27.7047421 ], [ 85.2751532, 27.7046418 ], [ 85.2753903, 27.7044445 ], [ 85.275529, 27.7043311 ], [ 85.2756919, 27.7041757 ], [ 85.2759111, 27.70403 ], [ 85.2760532, 27.7038916 ], [ 85.276205, 27.7037588 ] ] } },
{ "type": "Feature", "properties": { "name": "Manamati", "waterway": "river" }, "geometry": { "type": "LineString", "coordinates": [ [ 85.278022, 27.7026444 ], [ 85.2780374, 27.7026234 ] ] } },
{ "type": "Feature", "properties": { "name": "Manamati", "waterway": "river" }, "geometry": { "type": "LineString", "coordinates": [ [ 85.2776686, 27.7030484 ], [ 85.2779398, 27.7027592 ], [ 85.278022, 27.7026444 ] ] } },
{ "type": "Feature", "properties": { "name": "Khahare Khola", "waterway": "stream" }, "geometry": { "type": "LineString", "coordinates": [ [ 85.2306944, 27.7043848 ], [ 85.230716, 27.7044495 ], [ 85.2307272, 27.7046869 ], [ 85.2306397, 27.7050226 ], [ 85.2306212, 27.705384 ], [ 85.2304117, 27.7057126 ], [ 85.2303402, 27.7058511 ], [ 85.2301864, 27.7060952 ], [ 85.2301188, 27.7062196 ], [ 85.2297285, 27.7064007 ], [ 85.2293758, 27.7066298 ], [ 85.2291974, 27.7068388 ], [ 85.2289306, 27.7070216 ], [ 85.2287669, 27.7072461 ], [ 85.2285832, 27.7076794 ], [ 85.2285644, 27.7077875 ], [ 85.2284397, 27.7079383 ], [ 85.2281742, 27.7081211 ] ] } },
{ "type": "Feature", "properties": { "name": "Khahare Khola", "waterway": "stream" }, "geometry": { "type": "LineString", "coordinates": [ [ 85.2307002, 27.7043563 ], [ 85.2306944, 27.7043848 ] ] } },
{ "type": "Feature", "properties": { "name": "Khola River", "waterway": "stream" }, "geometry": { "type": "LineString", "coordinates": [ [ 85.3240083, 27.6407742 ], [ 85.3240155, 27.6408232 ] ] } },
{ "type": "Feature", "properties": { "name": "Khola River", "waterway": "stream" }, "geometry": { "type": "LineString", "coordinates": [ [ 85.3239596, 27.6399933 ], [ 85.3241451, 27.6400148 ], [ 85.3243114, 27.6401288 ], [ 85.3242577, 27.6402191 ], [ 85.324098, 27.6403594 ], [ 85.3239786, 27.6405708 ], [ 85.3240083, 27.6407742 ] ] } },
{ "type": "Feature", "properties": { "name": "Khola River", "waterway": "stream" }, "geometry": { "type": "LineString", "coordinates": [ [ 85.3238578, 27.6399839 ], [ 85.3239596, 27.6399933 ] ] } },
{ "type": "Feature", "properties": { "name": "Khola River", "waterway": "stream" }, "geometry": { "type": "LineString", "coordinates": [ [ 85.3238496, 27.6396646 ], [ 85.3238125, 27.6397772 ], [ 85.3237749, 27.6399055 ], [ 85.3238178, 27.6399768 ], [ 85.3238578, 27.6399839 ] ] } },
{ "type": "Feature", "properties": { "name": "Khola River", "waterway": "stream" }, "geometry": { "type": "LineString", "coordinates": [ [ 85.3239512, 27.6396012 ], [ 85.3238496, 27.6396646 ] ] } },
{ "type": "Feature", "properties": { "name": "Khola River", "waterway": "stream" }, "geometry": { "type": "LineString", "coordinates": [ [ 85.3237132, 27.6333513 ], [ 85.3239706, 27.6337215 ], [ 85.3242934, 27.6341228 ], [ 85.32447, 27.6345901 ], [ 85.3244749, 27.6347818 ], [ 85.3246874, 27.6352169 ], [ 85.3249766, 27.635809 ], [ 85.325635, 27.6362628 ], [ 85.3256763, 27.6364614 ], [ 85.3257803, 27.6369084 ], [ 85.3258027, 27.6372157 ], [ 85.3257362, 27.6375142 ], [ 85.3255267, 27.6378744 ], [ 85.3252068, 27.6381931 ], [ 85.325234, 27.6385748 ], [ 85.3251358, 27.6387646 ], [ 85.3247556, 27.6391533 ], [ 85.3241826, 27.6394493 ], [ 85.3239512, 27.6396012 ] ] } },
{ "type": "Feature", "properties": { "name": "Sangle River", "waterway": "river" }, "geometry": { "type": "LineString", "coordinates": [ [ 85.3163713, 27.7706943 ], [ 85.3163238, 27.7706341 ] ] } },
{ "type": "Feature", "properties": { "name": "Sangle River", "waterway": "river" }, "geometry": { "type": "LineString", "coordinates": [ [ 85.3244345, 27.787937 ], [ 85.3245535, 27.7874985 ], [ 85.3249025, 27.7871674 ], [ 85.3255061, 27.7867587 ], [ 85.3256501, 27.7867293 ], [ 85.3258827, 27.7865603 ], [ 85.3259345, 27.7862722 ], [ 85.3259559, 27.7855402 ], [ 85.3258165, 27.785221 ], [ 85.3255482, 27.7849908 ], [ 85.3251083, 27.7842125 ], [ 85.3248187, 27.7838803 ], [ 85.3243037, 27.783662 ], [ 85.3231772, 27.7832538 ], [ 85.3225864, 27.7831381 ], [ 85.3221798, 27.7827977 ], [ 85.3220069, 27.7822277 ], [ 85.3218897, 27.7819724 ], [ 85.3216107, 27.7816117 ], [ 85.3211816, 27.7813554 ], [ 85.3209134, 27.7811181 ], [ 85.3208061, 27.7806435 ], [ 85.3207846, 27.7798177 ], [ 85.3210743, 27.7791057 ], [ 85.3211726, 27.7787647 ], [ 85.3211126, 27.7783988 ], [ 85.3210688, 27.7782015 ], [ 85.3208285, 27.7781559 ], [ 85.3206896, 27.7779659 ], [ 85.3205345, 27.7779265 ], [ 85.3206606, 27.7776136 ], [ 85.3208516, 27.7773402 ], [ 85.3215035, 27.7766472 ], [ 85.3218146, 27.776277 ], [ 85.3218967, 27.7761143 ], [ 85.3220828, 27.7757454 ], [ 85.3224369, 27.7751663 ], [ 85.3228274, 27.7745238 ], [ 85.3229332, 27.7741281 ], [ 85.3229372, 27.7737036 ], [ 85.3225957, 27.7735238 ], [ 85.3220672, 27.7734806 ], [ 85.3216403, 27.773459 ], [ 85.3210346, 27.773495 ], [ 85.3204456, 27.7735607 ], [ 85.3203059, 27.773644 ], [ 85.3201675, 27.7737092 ], [ 85.3200122, 27.7737045 ], [ 85.3196372, 27.7735716 ], [ 85.3192131, 27.7732024 ], [ 85.3190335, 27.7729314 ], [ 85.3188311, 27.7726752 ], [ 85.3187325, 27.7722226 ], [ 85.318457, 27.7718249 ], [ 85.3181351, 27.7716445 ], [ 85.3178347, 27.771578 ], [ 85.3175945, 27.7715448 ], [ 85.3173376, 27.7714498 ], [ 85.3169574, 27.7711992 ], [ 85.3168014, 27.7710892 ], [ 85.3165565, 27.7709127 ], [ 85.3163713, 27.7706943 ] ] } },
{ "type": "Feature", "properties": { "name": "Kolmati Khola", "waterway": "stream" }, "geometry": { "type": "LineString", "coordinates": [ [ 85.4018269, 27.7416958 ], [ 85.4018015, 27.7415218 ], [ 85.4018101, 27.7411951 ], [ 85.4018812, 27.7409511 ], [ 85.4019888, 27.7406025 ], [ 85.4020783, 27.7404319 ], [ 85.4021538, 27.7403502 ], [ 85.4022385, 27.7402967 ], [ 85.4023523, 27.7402608 ], [ 85.4024433, 27.7402345 ], [ 85.4025417, 27.7402304 ], [ 85.4026506, 27.7402428 ], [ 85.4027268, 27.740263 ], [ 85.4029945, 27.7404051 ], [ 85.4032758, 27.7404358 ], [ 85.4033421, 27.7404363 ], [ 85.4034587, 27.7404295 ], [ 85.4036596, 27.7404005 ], [ 85.4037682, 27.7403961 ], [ 85.4040369, 27.740383 ], [ 85.4040822, 27.7403714 ], [ 85.4041876, 27.7402303 ], [ 85.4041876, 27.7400024 ], [ 85.4040159, 27.7397138 ], [ 85.4040159, 27.7394707 ], [ 85.4041103, 27.7392428 ], [ 85.4044193, 27.7390681 ], [ 85.4046682, 27.7389693 ], [ 85.4048485, 27.7387186 ], [ 85.4048141, 27.738316 ], [ 85.4048399, 27.7380805 ], [ 85.4049045, 27.7380055 ], [ 85.4049681, 27.7379316 ] ] } },
{ "type": "Feature", "properties": { "name": "Kolmati Khola", "waterway": "stream" }, "geometry": { "type": "LineString", "coordinates": [ [ 85.4018447, 27.7418257 ], [ 85.4018269, 27.7416958 ] ] } },
{ "type": "Feature", "properties": { "name": "Icchumati", "waterway": "river" }, "geometry": { "type": "LineString", "coordinates": [ [ 85.3354321, 27.7304856 ], [ 85.3354407, 27.7303696 ], [ 85.3355321, 27.7302846 ], [ 85.3356693, 27.7302376 ], [ 85.3359054, 27.7301597 ], [ 85.3361105, 27.7300774 ], [ 85.3361533, 27.7300276 ], [ 85.3363008, 27.7299014 ], [ 85.33624, 27.7296144 ], [ 85.336217, 27.7295759 ], [ 85.3361948, 27.7295494 ], [ 85.3361231, 27.7294806 ], [ 85.3361014, 27.7294522 ], [ 85.3361036, 27.7293872 ], [ 85.3361237, 27.7292724 ] ] } },
{ "type": "Feature", "properties": { "name": "Icchumati", "waterway": "river" }, "geometry": { "type": "LineString", "coordinates": [ [ 85.3350583, 27.7270292 ], [ 85.3350875, 27.7269362 ] ] } },
{ "type": "Feature", "properties": { "name": "Icchumati", "waterway": "river" }, "geometry": { "type": "LineString", "coordinates": [ [ 85.3350654, 27.7268592 ], [ 85.3350581, 27.7268337 ] ] } },
{ "type": "Feature", "properties": { "name": "Icchumati", "waterway": "river" }, "geometry": { "type": "LineString", "coordinates": [ [ 85.3350875, 27.7269362 ], [ 85.3350654, 27.7268592 ] ] } },
{ "type": "Feature", "properties": { "name": "Icchumati", "waterway": "river" }, "geometry": { "type": "LineString", "coordinates": [ [ 85.3354132, 27.7287277 ], [ 85.3353978, 27.7286059 ], [ 85.3353812, 27.728502 ], [ 85.335359, 27.7284326 ], [ 85.3353314, 27.7283257 ], [ 85.3352457, 27.7281074 ], [ 85.3352523, 27.7279595 ], [ 85.3352125, 27.7278019 ], [ 85.3351712, 27.7277304 ], [ 85.3351112, 27.7276644 ], [ 85.3350781, 27.727626 ], [ 85.3351126, 27.7273661 ], [ 85.3351082, 27.7273297 ], [ 85.3350621, 27.7272074 ], [ 85.3350583, 27.7270292 ] ] } },
{ "type": "Feature", "properties": { "name": "Icchumati", "waterway": "river" }, "geometry": { "type": "LineString", "coordinates": [ [ 85.3354954, 27.7287411 ], [ 85.3354132, 27.7287277 ] ] } },
{ "type": "Feature", "properties": { "name": "Icchumati", "waterway": "river" }, "geometry": { "type": "LineString", "coordinates": [ [ 85.3355217, 27.7287453 ], [ 85.3354954, 27.7287411 ] ] } },
{ "type": "Feature", "properties": { "name": "Icchumati", "waterway": "river" }, "geometry": { "type": "LineString", "coordinates": [ [ 85.3360614, 27.7285811 ], [ 85.3357142, 27.7287156 ], [ 85.3355217, 27.7287453 ] ] } },
{ "type": "Feature", "properties": { "name": "Icchumati", "waterway": "river" }, "geometry": { "type": "LineString", "coordinates": [ [ 85.3361237, 27.7292724 ], [ 85.3361306, 27.7291147 ], [ 85.3361492, 27.7288937 ], [ 85.3360796, 27.7286458 ] ] } },
{ "type": "Feature", "properties": { "name": "Icchumati", "waterway": "river" }, "geometry": { "type": "LineString", "coordinates": [ [ 85.3360796, 27.7286458 ], [ 85.3360614, 27.7285811 ] ] } },
{ "type": "Feature", "properties": { "name": "Rudramati river", "waterway": "river" }, "geometry": { "type": "LineString", "coordinates": [ [ 85.3247917, 27.6875052 ], [ 85.324515, 27.686996 ], [ 85.3243655, 27.6867654 ], [ 85.3242685, 27.6866599 ] ] } },
{ "type": "Feature", "properties": { "name": "Biraj Canal", "waterway": "canal" }, "geometry": { "type": "LineString", "coordinates": [ [ 85.3268298, 27.7442953 ], [ 85.3268202, 27.744265 ], [ 85.3268679, 27.7442599 ], [ 85.3268774, 27.744292 ], [ 85.3268488, 27.7442903 ], [ 85.3268298, 27.7442953 ] ] } }
]
}
